X,Y,Depth(m)
-80.21948575973511,34.58326578140259,1.74
-80.21944284439087,34.58326578140259,1.73
-80.21939992904663,34.58326578140259,1.73
-80.21935701370239,34.58326578140259,1.71
-80.21931409835815,34.58326578140259,1.7
-80.21927118301392,34.58326578140259,1.68
-80.21922826766968,34.58326578140259,1.65
-80.21918535232544,34.58326578140259,1.6
-80.2191424369812,34.58326578140259,1.61
-80.21909952163696,34.58326578140259,1.53
-80.21905660629272,34.58326578140259,1.51
-80.21901369094849,34.58326578140259,1.49
-80.21897077560425,34.58326578140259,1.49
-80.21957159042358,34.58322286605835,1.78
-80.21952867507935,34.58322286605835,1.77
-80.21948575973511,34.58322286605835,1.76
-80.21944284439087,34.58322286605835,1.74
-80.21939992904663,34.58322286605835,1.74
-80.21935701370239,34.58322286605835,1.71
-80.21931409835815,34.58322286605835,1.69
-80.21927118301392,34.58322286605835,1.66
-80.21922826766968,34.58322286605835,1.62
-80.21918535232544,34.58322286605835,1.56
-80.2191424369812,34.58322286605835,1.56
-80.21909952163696,34.58322286605835,1.5
-80.21905660629272,34.58322286605835,1.48
-80.21901369094849,34.58322286605835,1.46
-80.21897077560425,34.58322286605835,1.47
-80.21892786026001,34.58322286605835,1.42
-80.21888494491577,34.58322286605835,1.43
-80.21884202957153,34.58322286605835,1.43
-80.2187991142273,34.58322286605835,1.43
-80.21875619888306,34.58322286605835,1.41
-80.21961450576782,34.58317995071411,1.85
-80.21957159042358,34.58317995071411,1.82
-80.21952867507935,34.58317995071411,1.79
-80.21948575973511,34.58317995071411,1.77
-80.21944284439087,34.58317995071411,1.75
-80.21939992904663,34.58317995071411,1.74
-80.21935701370239,34.58317995071411,1.71
-80.21931409835815,34.58317995071411,1.69
-80.21927118301392,34.58317995071411,1.66
-80.21922826766968,34.58317995071411,1.62
-80.21918535232544,34.58317995071411,1.55
-80.2191424369812,34.58317995071411,1.55
-80.21909952163696,34.58317995071411,1.49
-80.21905660629272,34.58317995071411,1.47
-80.21901369094849,34.58317995071411,1.45
-80.21897077560425,34.58317995071411,1.46
-80.21892786026001,34.58317995071411,1.42
-80.21888494491577,34.58317995071411,1.43
-80.21884202957153,34.58317995071411,1.41
-80.2187991142273,34.58317995071411,1.42
-80.21875619888306,34.58317995071411,1.41
-80.21871328353882,34.58317995071411,1.41
-80.21965742111206,34.58313703536987,1.94
-80.21961450576782,34.58313703536987,1.89
-80.21957159042358,34.58313703536987,1.86
-80.21952867507935,34.58313703536987,1.83
-80.21948575973511,34.58313703536987,1.8
-80.21944284439087,34.58313703536987,1.78
-80.21939992904663,34.58313703536987,1.76
-80.21935701370239,34.58313703536987,1.73
-80.21931409835815,34.58313703536987,1.69
-80.21927118301392,34.58313703536987,1.66
-80.21922826766968,34.58313703536987,1.61
-80.21918535232544,34.58313703536987,1.53
-80.2191424369812,34.58313703536987,1.52
-80.21909952163696,34.58313703536987,1.47
-80.21905660629272,34.58313703536987,1.45
-80.21901369094849,34.58313703536987,1.43
-80.21897077560425,34.58313703536987,1.46
-80.21892786026001,34.58313703536987,1.43
-80.21888494491577,34.58313703536987,1.42
-80.21884202957153,34.58313703536987,1.41
-80.2187991142273,34.58313703536987,1.41
-80.21875619888306,34.58313703536987,1.4
-80.21871328353882,34.58313703536987,1.4
-80.21867036819458,34.58313703536987,1.43
-80.2197003364563,34.583094120025635,2.01
-80.21965742111206,34.583094120025635,1.98
-80.21961450576782,34.583094120025635,1.94
-80.21957159042358,34.583094120025635,1.9
-80.21952867507935,34.583094120025635,1.87
-80.21948575973511,34.583094120025635,1.83
-80.21944284439087,34.583094120025635,1.8
-80.21939992904663,34.583094120025635,1.77
-80.21935701370239,34.583094120025635,1.73
-80.21931409835815,34.583094120025635,1.69
-80.21927118301392,34.583094120025635,1.66
-80.21922826766968,34.583094120025635,1.61
-80.21918535232544,34.583094120025635,1.53
-80.2191424369812,34.583094120025635,1.49
-80.21909952163696,34.583094120025635,1.45
-80.21905660629272,34.583094120025635,1.43
-80.21901369094849,34.583094120025635,1.41
-80.21897077560425,34.583094120025635,1.43
-80.21892786026001,34.583094120025635,1.43
-80.21888494491577,34.583094120025635,1.41
-80.21884202957153,34.583094120025635,1.39
-80.2187991142273,34.583094120025635,1.4
-80.21875619888306,34.583094120025635,1.4
-80.21871328353882,34.583094120025635,1.39
-80.21867036819458,34.583094120025635,1.43
-80.21974325180054,34.5830512046814,2.07
-80.2197003364563,34.5830512046814,2.06
-80.21965742111206,34.5830512046814,2.04
-80.21961450576782,34.5830512046814,2.0
-80.21957159042358,34.5830512046814,1.97
-80.21952867507935,34.5830512046814,1.93
-80.21948575973511,34.5830512046814,1.88
-80.21944284439087,34.5830512046814,1.84
-80.21939992904663,34.5830512046814,1.81
-80.21935701370239,34.5830512046814,1.76
-80.21931409835815,34.5830512046814,1.72
-80.21927118301392,34.5830512046814,1.68
-80.21922826766968,34.5830512046814,1.62
-80.21918535232544,34.5830512046814,1.55
-80.2191424369812,34.5830512046814,1.51
-80.21909952163696,34.5830512046814,1.46
-80.21905660629272,34.5830512046814,1.45
-80.21901369094849,34.5830512046814,1.43
-80.21897077560425,34.5830512046814,1.44
-80.21892786026001,34.5830512046814,1.44
-80.21888494491577,34.5830512046814,1.41
-80.21884202957153,34.5830512046814,1.39
-80.2187991142273,34.5830512046814,1.39
-80.21875619888306,34.5830512046814,1.4
-80.21871328353882,34.5830512046814,1.38
-80.21867036819458,34.5830512046814,1.42
-80.21978616714478,34.58300828933716,2.11
-80.21974325180054,34.58300828933716,2.1
-80.2197003364563,34.58300828933716,2.09
-80.21965742111206,34.58300828933716,2.07
-80.21961450576782,34.58300828933716,2.04
-80.21957159042358,34.58300828933716,2.02
-80.21952867507935,34.58300828933716,1.98
-80.21948575973511,34.58300828933716,1.93
-80.21944284439087,34.58300828933716,1.89
-80.21939992904663,34.58300828933716,1.85
-80.21935701370239,34.58300828933716,1.8
-80.21931409835815,34.58300828933716,1.76
-80.21927118301392,34.58300828933716,1.71
-80.21922826766968,34.58300828933716,1.65
-80.21918535232544,34.58300828933716,1.58
-80.2191424369812,34.58300828933716,1.53
-80.21909952163696,34.58300828933716,1.47
-80.21905660629272,34.58300828933716,1.45
-80.21901369094849,34.58300828933716,1.44
-80.21897077560425,34.58300828933716,1.45
-80.21892786026001,34.58300828933716,1.45
-80.21888494491577,34.58300828933716,1.42
-80.21884202957153,34.58300828933716,1.4
-80.2187991142273,34.58300828933716,1.4
-80.21875619888306,34.58300828933716,1.41
-80.21871328353882,34.58300828933716,1.4
-80.21867036819458,34.58300828933716,1.43
-80.21982908248901,34.58296537399292,2.16
-80.21978616714478,34.58296537399292,2.14
-80.21974325180054,34.58296537399292,2.12
-80.2197003364563,34.58296537399292,2.11
-80.21965742111206,34.58296537399292,2.09
-80.21961450576782,34.58296537399292,2.08
-80.21957159042358,34.58296537399292,2.06
-80.21952867507935,34.58296537399292,2.03
-80.21948575973511,34.58296537399292,1.99
-80.21944284439087,34.58296537399292,1.95
-80.21939992904663,34.58296537399292,1.89
-80.21935701370239,34.58296537399292,1.84
-80.21931409835815,34.58296537399292,1.8
-80.21927118301392,34.58296537399292,1.73
-80.21922826766968,34.58296537399292,1.65
-80.21918535232544,34.58296537399292,1.58
-80.2191424369812,34.58296537399292,1.53
-80.21909952163696,34.58296537399292,1.48
-80.21905660629272,34.58296537399292,1.47
-80.21901369094849,34.58296537399292,1.45
-80.21897077560425,34.58296537399292,1.44
-80.21892786026001,34.58296537399292,1.44
-80.21888494491577,34.58296537399292,1.41
-80.21884202957153,34.58296537399292,1.38
-80.2187991142273,34.58296537399292,1.38
-80.21875619888306,34.58296537399292,1.4
-80.21871328353882,34.58296537399292,1.39
-80.21867036819458,34.58296537399292,1.41
-80.21987199783325,34.58292245864868,2.22
-80.21982908248901,34.58292245864868,2.19
-80.21978616714478,34.58292245864868,2.17
-80.21974325180054,34.58292245864868,2.15
-80.2197003364563,34.58292245864868,2.14
-80.21965742111206,34.58292245864868,2.12
-80.21961450576782,34.58292245864868,2.11
-80.21957159042358,34.58292245864868,2.09
-80.21952867507935,34.58292245864868,2.07
-80.21948575973511,34.58292245864868,2.04
-80.21944284439087,34.58292245864868,2.0
-80.21939992904663,34.58292245864868,1.94
-80.21935701370239,34.58292245864868,1.89
-80.21931409835815,34.58292245864868,1.83
-80.21927118301392,34.58292245864868,1.73
-80.21922826766968,34.58292245864868,1.64
-80.2191424369812,34.58292245864868,1.54
-80.21909952163696,34.58292245864868,1.49
-80.21905660629272,34.58292245864868,1.49
-80.21901369094849,34.58292245864868,1.47
-80.21897077560425,34.58292245864868,1.45
-80.21892786026001,34.58292245864868,1.44
-80.21888494491577,34.58292245864868,1.41
-80.21884202957153,34.58292245864868,1.39
-80.2187991142273,34.58292245864868,1.38
-80.21875619888306,34.58292245864868,1.39
-80.21871328353882,34.58292245864868,1.38
-80.21867036819458,34.58292245864868,1.4
-80.21991491317749,34.58287954330444,2.21
-80.21987199783325,34.58287954330444,2.21
-80.21982908248901,34.58287954330444,2.2
-80.21978616714478,34.58287954330444,2.19
-80.21974325180054,34.58287954330444,2.17
-80.2197003364563,34.58287954330444,2.16
-80.21965742111206,34.58287954330444,2.14
-80.21961450576782,34.58287954330444,2.13
-80.21957159042358,34.58287954330444,2.11
-80.21952867507935,34.58287954330444,2.1
-80.21948575973511,34.58287954330444,2.08
-80.21944284439087,34.58287954330444,2.04
-80.21939992904663,34.58287954330444,1.98
-80.21935701370239,34.58287954330444,1.92
-80.21931409835815,34.58287954330444,1.85
-80.21918535232544,34.58287954330444,1.58
-80.2191424369812,34.58287954330444,1.52
-80.21909952163696,34.58287954330444,1.49
-80.21905660629272,34.58287954330444,1.5
-80.21901369094849,34.58287954330444,1.48
-80.21897077560425,34.58287954330444,1.47
-80.21892786026001,34.58287954330444,1.46
-80.21888494491577,34.58287954330444,1.43
-80.21884202957153,34.58287954330444,1.41
-80.2187991142273,34.58287954330444,1.4
-80.21875619888306,34.58287954330444,1.4
-80.21871328353882,34.58287954330444,1.39
-80.21867036819458,34.58287954330444,1.39
-80.21995782852173,34.582836627960205,1.98
-80.21991491317749,34.582836627960205,2.09
-80.21987199783325,34.582836627960205,2.16
-80.21982908248901,34.582836627960205,2.2
-80.21978616714478,34.582836627960205,2.21
-80.21974325180054,34.582836627960205,2.2
-80.2197003364563,34.582836627960205,2.18
-80.21965742111206,34.582836627960205,2.16
-80.21961450576782,34.582836627960205,2.14
-80.21957159042358,34.582836627960205,2.13
-80.21952867507935,34.582836627960205,2.11
-80.21948575973511,34.582836627960205,2.1
-80.21944284439087,34.582836627960205,2.05
-80.21939992904663,34.582836627960205,1.99
-80.21935701370239,34.582836627960205,1.93
-80.21927118301392,34.582836627960205,1.73
-80.21922826766968,34.582836627960205,1.65
-80.21918535232544,34.582836627960205,1.59
-80.2191424369812,34.582836627960205,1.52
-80.21909952163696,34.582836627960205,1.51
-80.21905660629272,34.582836627960205,1.5
-80.21901369094849,34.582836627960205,1.47
-80.21897077560425,34.582836627960205,1.46
-80.21892786026001,34.582836627960205,1.45
-80.21888494491577,34.582836627960205,1.43
-80.21884202957153,34.582836627960205,1.41
-80.2187991142273,34.582836627960205,1.41
-80.21875619888306,34.582836627960205,1.41
-80.21871328353882,34.582836627960205,1.41
-80.21867036819458,34.582836627960205,1.41
-80.22000074386597,34.58279371261597,1.54
-80.21995782852173,34.58279371261597,1.77
-80.21991491317749,34.58279371261597,1.94
-80.21987199783325,34.58279371261597,2.06
-80.21982908248901,34.58279371261597,2.14
-80.21978616714478,34.58279371261597,2.18
-80.21974325180054,34.58279371261597,2.18
-80.2197003364563,34.58279371261597,2.18
-80.21965742111206,34.58279371261597,2.18
-80.21961450576782,34.58279371261597,2.17
-80.21957159042358,34.58279371261597,2.15
-80.21952867507935,34.58279371261597,2.13
-80.21948575973511,34.58279371261597,2.11
-80.21944284439087,34.58279371261597,2.05
-80.21939992904663,34.58279371261597,1.99
-80.21935701370239,34.58279371261597,1.93
-80.21931409835815,34.58279371261597,1.84
-80.21927118301392,34.58279371261597,1.73
-80.21922826766968,34.58279371261597,1.68
-80.21918535232544,34.58279371261597,1.61
-80.2191424369812,34.58279371261597,1.56
-80.21909952163696,34.58279371261597,1.54
-80.21905660629272,34.58279371261597,1.52
-80.21901369094849,34.58279371261597,1.49
-80.21897077560425,34.58279371261597,1.47
-80.21892786026001,34.58279371261597,1.46
-80.21888494491577,34.58279371261597,1.43
-80.21884202957153,34.58279371261597,1.41
-80.2187991142273,34.58279371261597,1.41
-80.21875619888306,34.58279371261597,1.41
-80.21871328353882,34.58279371261597,1.41
-80.21867036819458,34.58279371261597,1.41
-80.22008657455444,34.58275079727173,1.03
-80.2200436592102,34.58275079727173,1.16
-80.22000074386597,34.58275079727173,1.36
-80.21995782852173,34.58275079727173,1.54
-80.21991491317749,34.58275079727173,1.73
-80.21987199783325,34.58275079727173,1.88
-80.21982908248901,34.58275079727173,2.0
-80.21978616714478,34.58275079727173,2.1
-80.21974325180054,34.58275079727173,2.17
-80.2197003364563,34.58275079727173,2.19
-80.21965742111206,34.58275079727173,2.2
-80.21961450576782,34.58275079727173,2.19
-80.21957159042358,34.58275079727173,2.16
-80.21952867507935,34.58275079727173,2.12
-80.21948575973511,34.58275079727173,2.09
-80.21944284439087,34.58275079727173,2.02
-80.21939992904663,34.58275079727173,1.97
-80.21935701370239,34.58275079727173,1.91
-80.21931409835815,34.58275079727173,1.83
-80.21927118301392,34.58275079727173,1.76
-80.21922826766968,34.58275079727173,1.72
-80.21918535232544,34.58275079727173,1.66
-80.2191424369812,34.58275079727173,1.6
-80.21909952163696,34.58275079727173,1.58
-80.21905660629272,34.58275079727173,1.55
-80.21901369094849,34.58275079727173,1.5
-80.21897077560425,34.58275079727173,1.49
-80.21892786026001,34.58275079727173,1.49
-80.21888494491577,34.58275079727173,1.45
-80.21884202957153,34.58275079727173,1.45
-80.2187991142273,34.58275079727173,1.45
-80.21875619888306,34.58275079727173,1.44
-80.21871328353882,34.58275079727173,1.44
-80.21867036819458,34.58275079727173,1.43
-80.22017240524292,34.58270788192749,1.03
-80.22012948989868,34.58270788192749,1.0
-80.22008657455444,34.58270788192749,1.04
-80.2200436592102,34.58270788192749,1.1
-80.22000074386597,34.58270788192749,1.2
-80.21995782852173,34.58270788192749,1.36
-80.21991491317749,34.58270788192749,1.53
-80.21987199783325,34.58270788192749,1.71
-80.21982908248901,34.58270788192749,1.86
-80.21978616714478,34.58270788192749,2.0
-80.21974325180054,34.58270788192749,2.1
-80.2197003364563,34.58270788192749,2.16
-80.21965742111206,34.58270788192749,2.19
-80.21961450576782,34.58270788192749,2.19
-80.21957159042358,34.58270788192749,2.15
-80.21952867507935,34.58270788192749,2.11
-80.21948575973511,34.58270788192749,2.07
-80.21944284439087,34.58270788192749,2.0
-80.21939992904663,34.58270788192749,1.95
-80.21935701370239,34.58270788192749,1.9
-80.21931409835815,34.58270788192749,1.84
-80.21927118301392,34.58270788192749,1.8
-80.21922826766968,34.58270788192749,1.77
-80.21918535232544,34.58270788192749,1.7
-80.2191424369812,34.58270788192749,1.65
-80.21909952163696,34.58270788192749,1.62
-80.21905660629272,34.58270788192749,1.57
-80.21901369094849,34.58270788192749,1.52
-80.21897077560425,34.58270788192749,1.52
-80.21892786026001,34.58270788192749,1.5
-80.21888494491577,34.58270788192749,1.47
-80.21884202957153,34.58270788192749,1.47
-80.2187991142273,34.58270788192749,1.47
-80.21875619888306,34.58270788192749,1.47
-80.21871328353882,34.58270788192749,1.47
-80.21867036819458,34.58270788192749,1.47
-80.22017240524292,34.58266496658325,1.07
-80.22012948989868,34.58266496658325,1.06
-80.22008657455444,34.58266496658325,1.03
-80.2200436592102,34.58266496658325,1.02
-80.22000074386597,34.58266496658325,1.06
-80.21995782852173,34.58266496658325,1.16
-80.21991491317749,34.58266496658325,1.3
-80.21987199783325,34.58266496658325,1.5
-80.21982908248901,34.58266496658325,1.68
-80.21978616714478,34.58266496658325,1.86
-80.21974325180054,34.58266496658325,2.02
-80.2197003364563,34.58266496658325,2.12
-80.21965742111206,34.58266496658325,2.16
-80.21961450576782,34.58266496658325,2.18
-80.21957159042358,34.58266496658325,2.15
-80.21952867507935,34.58266496658325,2.1
-80.21948575973511,34.58266496658325,2.04
-80.21944284439087,34.58266496658325,1.98
-80.21939992904663,34.58266496658325,1.93
-80.21935701370239,34.58266496658325,1.89
-80.21931409835815,34.58266496658325,1.84
-80.21927118301392,34.58266496658325,1.83
-80.21922826766968,34.58266496658325,1.8
-80.21918535232544,34.58266496658325,1.75
-80.2191424369812,34.58266496658325,1.71
-80.21909952163696,34.58266496658325,1.67
-80.21905660629272,34.58266496658325,1.62
-80.21901369094849,34.58266496658325,1.57
-80.21897077560425,34.58266496658325,1.55
-80.21892786026001,34.58266496658325,1.53
-80.21888494491577,34.58266496658325,1.5
-80.21884202957153,34.58266496658325,1.49
-80.2187991142273,34.58266496658325,1.49
-80.21875619888306,34.58266496658325,1.49
-80.21871328353882,34.58266496658325,1.5
-80.22021532058716,34.582622051239014,1.17
-80.22017240524292,34.582622051239014,1.15
-80.22012948989868,34.582622051239014,1.12
-80.22008657455444,34.582622051239014,1.07
-80.2200436592102,34.582622051239014,1.05
-80.22000074386597,34.582622051239014,1.04
-80.21995782852173,34.582622051239014,1.06
-80.21991491317749,34.582622051239014,1.14
-80.21987199783325,34.582622051239014,1.32
-80.21982908248901,34.582622051239014,1.47
-80.21978616714478,34.582622051239014,1.69
-80.21974325180054,34.582622051239014,1.9
-80.2197003364563,34.582622051239014,2.05
-80.21965742111206,34.582622051239014,2.13
-80.21961450576782,34.582622051239014,2.18
-80.21957159042358,34.582622051239014,2.14
-80.21952867507935,34.582622051239014,2.08
-80.21948575973511,34.582622051239014,2.02
-80.21944284439087,34.582622051239014,1.97
-80.21939992904663,34.582622051239014,1.93
-80.21935701370239,34.582622051239014,1.89
-80.21931409835815,34.582622051239014,1.86
-80.21927118301392,34.582622051239014,1.85
-80.21922826766968,34.582622051239014,1.82
-80.21918535232544,34.582622051239014,1.78
-80.2191424369812,34.582622051239014,1.75
-80.21909952163696,34.582622051239014,1.72
-80.21905660629272,34.582622051239014,1.67
-80.21901369094849,34.582622051239014,1.63
-80.21897077560425,34.582622051239014,1.59
-80.21892786026001,34.582622051239014,1.56
-80.21888494491577,34.582622051239014,1.53
-80.21884202957153,34.582622051239014,1.51
-80.2187991142273,34.582622051239014,1.51
-80.21875619888306,34.582622051239014,1.5
-80.22042989730835,34.582579135894775,1.52
-80.22038698196411,34.582579135894775,1.35
-80.22034406661987,34.582579135894775,1.21
-80.22030115127563,34.582579135894775,1.13
-80.2202582359314,34.582579135894775,1.07
-80.22021532058716,34.582579135894775,1.09
-80.22017240524292,34.582579135894775,1.12
-80.22012948989868,34.582579135894775,1.15
-80.22008657455444,34.582579135894775,1.14
-80.2200436592102,34.582579135894775,1.14
-80.22000074386597,34.582579135894775,1.09
-80.21995782852173,34.582579135894775,1.07
-80.21991491317749,34.582579135894775,1.09
-80.21987199783325,34.582579135894775,1.23
-80.21982908248901,34.582579135894775,1.39
-80.21978616714478,34.582579135894775,1.64
-80.21974325180054,34.582579135894775,1.88
-80.2197003364563,34.582579135894775,2.07
-80.21965742111206,34.582579135894775,2.16
-80.21961450576782,34.582579135894775,2.2
-80.21957159042358,34.582579135894775,2.15
-80.21952867507935,34.582579135894775,2.09
-80.21948575973511,34.582579135894775,2.03
-80.21944284439087,34.582579135894775,1.98
-80.21939992904663,34.582579135894775,1.93
-80.21935701370239,34.582579135894775,1.9
-80.21931409835815,34.582579135894775,1.86
-80.21927118301392,34.582579135894775,1.84
-80.21922826766968,34.582579135894775,1.82
-80.21918535232544,34.582579135894775,1.79
-80.2191424369812,34.582579135894775,1.78
-80.21909952163696,34.582579135894775,1.75
-80.21905660629272,34.582579135894775,1.72
-80.21901369094849,34.582579135894775,1.67
-80.21897077560425,34.582579135894775,1.63
-80.21892786026001,34.582579135894775,1.6
-80.21888494491577,34.582579135894775,1.56
-80.22047281265259,34.58253622055054,1.88
-80.22042989730835,34.58253622055054,1.74
-80.22038698196411,34.58253622055054,1.56
-80.22034406661987,34.58253622055054,1.4
-80.22030115127563,34.58253622055054,1.25
-80.2202582359314,34.58253622055054,1.15
-80.22021532058716,34.58253622055054,1.12
-80.22017240524292,34.58253622055054,1.12
-80.22012948989868,34.58253622055054,1.16
-80.22008657455444,34.58253622055054,1.18
-80.2200436592102,34.58253622055054,1.21
-80.22000074386597,34.58253622055054,1.19
-80.21995782852173,34.58253622055054,1.2
-80.21991491317749,34.58253622055054,1.2
-80.21987199783325,34.58253622055054,1.33
-80.21982908248901,34.58253622055054,1.49
-80.21978616714478,34.58253622055054,1.73
-80.21974325180054,34.58253622055054,1.95
-80.2197003364563,34.58253622055054,2.13
-80.21965742111206,34.58253622055054,2.2
-80.21961450576782,34.58253622055054,2.22
-80.21957159042358,34.58253622055054,2.18
-80.21952867507935,34.58253622055054,2.12
-80.21948575973511,34.58253622055054,2.07
-80.21944284439087,34.58253622055054,2.01
-80.21939992904663,34.58253622055054,1.95
-80.21935701370239,34.58253622055054,1.89
-80.21931409835815,34.58253622055054,1.84
-80.21927118301392,34.58253622055054,1.81
-80.21922826766968,34.58253622055054,1.78
-80.21918535232544,34.58253622055054,1.77
-80.2191424369812,34.58253622055054,1.78
-80.21909952163696,34.58253622055054,1.77
-80.21905660629272,34.58253622055054,1.74
-80.21901369094849,34.58253622055054,1.72
-80.21897077560425,34.58253622055054,1.68
-80.22051572799683,34.5824933052063,2.19
-80.22047281265259,34.5824933052063,2.04
-80.22042989730835,34.5824933052063,1.9
-80.22038698196411,34.5824933052063,1.7
-80.22034406661987,34.5824933052063,1.52
-80.22030115127563,34.5824933052063,1.36
-80.2202582359314,34.5824933052063,1.21
-80.22021532058716,34.5824933052063,1.12
-80.22017240524292,34.5824933052063,1.12
-80.22012948989868,34.5824933052063,1.17
-80.22008657455444,34.5824933052063,1.21
-80.2200436592102,34.5824933052063,1.29
-80.22000074386597,34.5824933052063,1.32
-80.21995782852173,34.5824933052063,1.36
-80.21991491317749,34.5824933052063,1.39
-80.21987199783325,34.5824933052063,1.51
-80.21982908248901,34.5824933052063,1.67
-80.21978616714478,34.5824933052063,1.87
-80.21974325180054,34.5824933052063,2.07
-80.2197003364563,34.5824933052063,2.2
-80.21965742111206,34.5824933052063,2.26
-80.21961450576782,34.5824933052063,2.26
-80.21957159042358,34.5824933052063,2.22
-80.21952867507935,34.5824933052063,2.15
-80.21948575973511,34.5824933052063,2.1
-80.21944284439087,34.5824933052063,2.04
-80.21939992904663,34.5824933052063,1.96
-80.21935701370239,34.5824933052063,1.88
-80.21931409835815,34.5824933052063,1.82
-80.21927118301392,34.5824933052063,1.78
-80.21922826766968,34.5824933052063,1.75
-80.21918535232544,34.5824933052063,1.76
-80.2191424369812,34.5824933052063,1.77
-80.21909952163696,34.5824933052063,1.78
-80.21905660629272,34.5824933052063,1.77
-80.21901369094849,34.5824933052063,1.76
-80.22055864334106,34.58245038986206,2.4
-80.22051572799683,34.58245038986206,2.31
-80.22047281265259,34.58245038986206,2.2
-80.22042989730835,34.58245038986206,2.07
-80.22038698196411,34.58245038986206,1.91
-80.22034406661987,34.58245038986206,1.75
-80.22030115127563,34.58245038986206,1.57
-80.2202582359314,34.58245038986206,1.35
-80.22021532058716,34.58245038986206,1.2
-80.22017240524292,34.58245038986206,1.13
-80.22012948989868,34.58245038986206,1.14
-80.22008657455444,34.58245038986206,1.2
-80.2200436592102,34.58245038986206,1.35
-80.22000074386597,34.58245038986206,1.47
-80.21995782852173,34.58245038986206,1.58
-80.21991491317749,34.58245038986206,1.65
-80.21987199783325,34.58245038986206,1.77
-80.21982908248901,34.58245038986206,1.91
-80.21978616714478,34.58245038986206,2.08
-80.21974325180054,34.58245038986206,2.21
-80.2197003364563,34.58245038986206,2.3
-80.21965742111206,34.58245038986206,2.35
-80.21961450576782,34.58245038986206,2.32
-80.21957159042358,34.58245038986206,2.27
-80.21952867507935,34.58245038986206,2.21
-80.21948575973511,34.58245038986206,2.16
-80.21944284439087,34.58245038986206,2.08
-80.21939992904663,34.58245038986206,1.99
-80.21935701370239,34.58245038986206,1.9
-80.21931409835815,34.58245038986206,1.82
-80.21927118301392,34.58245038986206,1.75
-80.21922826766968,34.58245038986206,1.71
-80.21918535232544,34.58245038986206,1.73
-80.2191424369812,34.58245038986206,1.75
-80.21909952163696,34.58245038986206,1.77
-80.2206015586853,34.58240747451782,2.51
-80.22055864334106,34.58240747451782,2.48
-80.22051572799683,34.58240747451782,2.44
-80.22047281265259,34.58240747451782,2.37
-80.22042989730835,34.58240747451782,2.27
-80.22038698196411,34.58240747451782,2.14
-80.22034406661987,34.58240747451782,1.98
-80.22030115127563,34.58240747451782,1.77
-80.2202582359314,34.58240747451782,1.53
-80.22021532058716,34.58240747451782,1.33
-80.22017240524292,34.58240747451782,1.19
-80.22012948989868,34.58240747451782,1.18
-80.22008657455444,34.58240747451782,1.28
-80.2200436592102,34.58240747451782,1.45
-80.22000074386597,34.58240747451782,1.64
-80.21995782852173,34.58240747451782,1.86
-80.21991491317749,34.58240747451782,1.96
-80.21987199783325,34.58240747451782,2.07
-80.21982908248901,34.58240747451782,2.2
-80.21978616714478,34.58240747451782,2.31
-80.21974325180054,34.58240747451782,2.38
-80.2197003364563,34.58240747451782,2.43
-80.21965742111206,34.58240747451782,2.43
-80.21961450576782,34.58240747451782,2.38
-80.21957159042358,34.58240747451782,2.33
-80.21952867507935,34.58240747451782,2.27
-80.21948575973511,34.58240747451782,2.22
-80.21944284439087,34.58240747451782,2.13
-80.21939992904663,34.58240747451782,2.04
-80.21935701370239,34.58240747451782,1.93
-80.21931409835815,34.58240747451782,1.83
-80.21927118301392,34.58240747451782,1.75
-80.21922826766968,34.58240747451782,1.71
-80.21918535232544,34.58240747451782,1.7
-80.2191424369812,34.58240747451782,1.72
-80.22064447402954,34.582364559173584,2.55
-80.2206015586853,34.582364559173584,2.54
-80.22055864334106,34.582364559173584,2.53
-80.22051572799683,34.582364559173584,2.5
-80.22047281265259,34.582364559173584,2.46
-80.22042989730835,34.582364559173584,2.4
-80.22038698196411,34.582364559173584,2.32
-80.22034406661987,34.582364559173584,2.21
-80.22030115127563,34.582364559173584,2.04
-80.2202582359314,34.582364559173584,1.84
-80.22021532058716,34.582364559173584,1.62
-80.22017240524292,34.582364559173584,1.47
-80.22012948989868,34.582364559173584,1.45
-80.22008657455444,34.582364559173584,1.53
-80.2200436592102,34.582364559173584,1.69
-80.22000074386597,34.582364559173584,1.9
-80.21995782852173,34.582364559173584,2.11
-80.21991491317749,34.582364559173584,2.23
-80.21987199783325,34.582364559173584,2.34
-80.21982908248901,34.582364559173584,2.43
-80.21978616714478,34.582364559173584,2.48
-80.21974325180054,34.582364559173584,2.5
-80.2197003364563,34.582364559173584,2.49
-80.21965742111206,34.582364559173584,2.47
-80.21961450576782,34.582364559173584,2.42
-80.21957159042358,34.582364559173584,2.37
-80.21952867507935,34.582364559173584,2.31
-80.21948575973511,34.582364559173584,2.25
-80.21944284439087,34.582364559173584,2.18
-80.21939992904663,34.582364559173584,2.09
-80.21935701370239,34.582364559173584,1.99
-80.21931409835815,34.582364559173584,1.9
-80.21927118301392,34.582364559173584,1.81
-80.21922826766968,34.582364559173584,1.75
-80.21918535232544,34.582364559173584,1.71
-80.2191424369812,34.582364559173584,1.7
-80.22073030471802,34.582321643829346,2.53
-80.22068738937378,34.582321643829346,2.54
-80.22064447402954,34.582321643829346,2.55
-80.2206015586853,34.582321643829346,2.55
-80.22055864334106,34.582321643829346,2.55
-80.22051572799683,34.582321643829346,2.53
-80.22047281265259,34.582321643829346,2.51
-80.22042989730835,34.582321643829346,2.48
-80.22038698196411,34.582321643829346,2.42
-80.22034406661987,34.582321643829346,2.34
-80.22030115127563,34.582321643829346,2.22
-80.2202582359314,34.582321643829346,2.07
-80.22021532058716,34.582321643829346,1.9
-80.22017240524292,34.582321643829346,1.79
-80.22012948989868,34.582321643829346,1.78
-80.22008657455444,34.582321643829346,1.85
-80.2200436592102,34.582321643829346,1.98
-80.22000074386597,34.582321643829346,2.16
-80.21995782852173,34.582321643829346,2.34
-80.21991491317749,34.582321643829346,2.43
-80.21987199783325,34.582321643829346,2.5
-80.21982908248901,34.582321643829346,2.54
-80.21978616714478,34.582321643829346,2.54
-80.21974325180054,34.582321643829346,2.53
-80.2197003364563,34.582321643829346,2.51
-80.21965742111206,34.582321643829346,2.49
-80.21961450576782,34.582321643829346,2.44
-80.21957159042358,34.582321643829346,2.38
-80.21952867507935,34.582321643829346,2.32
-80.21948575973511,34.582321643829346,2.26
-80.21944284439087,34.582321643829346,2.2
-80.21939992904663,34.582321643829346,2.13
-80.21935701370239,34.582321643829346,2.06
-80.21931409835815,34.582321643829346,1.98
-80.21927118301392,34.582321643829346,1.9
-80.21922826766968,34.582321643829346,1.84
-80.21918535232544,34.582321643829346,1.77
-80.22077322006226,34.58227872848511,2.44
-80.22073030471802,34.58227872848511,2.48
-80.22068738937378,34.58227872848511,2.51
-80.22064447402954,34.58227872848511,2.53
-80.2206015586853,34.58227872848511,2.55
-80.22055864334106,34.58227872848511,2.55
-80.22051572799683,34.58227872848511,2.55
-80.22047281265259,34.58227872848511,2.54
-80.22042989730835,34.58227872848511,2.52
-80.22038698196411,34.58227872848511,2.5
-80.22034406661987,34.58227872848511,2.46
-80.22030115127563,34.58227872848511,2.4
-80.2202582359314,34.58227872848511,2.32
-80.22021532058716,34.58227872848511,2.21
-80.22017240524292,34.58227872848511,2.12
-80.22012948989868,34.58227872848511,2.11
-80.22008657455444,34.58227872848511,2.17
-80.2200436592102,34.58227872848511,2.26
-80.22000074386597,34.58227872848511,2.4
-80.21995782852173,34.58227872848511,2.52
-80.21991491317749,34.58227872848511,2.56
-80.21987199783325,34.58227872848511,2.58
-80.21982908248901,34.58227872848511,2.57
-80.21978616714478,34.58227872848511,2.56
-80.21974325180054,34.58227872848511,2.53
-80.2197003364563,34.58227872848511,2.5
-80.21965742111206,34.58227872848511,2.46
-80.21961450576782,34.58227872848511,2.41
-80.21957159042358,34.58227872848511,2.35
-80.21952867507935,34.58227872848511,2.29
-80.21948575973511,34.58227872848511,2.25
-80.21944284439087,34.58227872848511,2.21
-80.21939992904663,34.58227872848511,2.18
-80.21935701370239,34.58227872848511,2.12
-80.21931409835815,34.58227872848511,2.06
-80.21927118301392,34.58227872848511,1.99
-80.21922826766968,34.58227872848511,1.93
-80.2208161354065,34.58223581314087,2.32
-80.22077322006226,34.58223581314087,2.4
-80.22073030471802,34.58223581314087,2.45
-80.22068738937378,34.58223581314087,2.5
-80.22064447402954,34.58223581314087,2.52
-80.2206015586853,34.58223581314087,2.53
-80.22055864334106,34.58223581314087,2.54
-80.22051572799683,34.58223581314087,2.55
-80.22047281265259,34.58223581314087,2.55
-80.22042989730835,34.58223581314087,2.54
-80.22038698196411,34.58223581314087,2.54
-80.22034406661987,34.58223581314087,2.54
-80.22030115127563,34.58223581314087,2.53
-80.2202582359314,34.58223581314087,2.54
-80.22021532058716,34.58223581314087,2.5
-80.22017240524292,34.58223581314087,2.47
-80.22012948989868,34.58223581314087,2.49
-80.22008657455444,34.58223581314087,2.52
-80.2200436592102,34.58223581314087,2.54
-80.22000074386597,34.58223581314087,2.6
-80.21995782852173,34.58223581314087,2.66
-80.21991491317749,34.58223581314087,2.64
-80.21987199783325,34.58223581314087,2.61
-80.21982908248901,34.58223581314087,2.59
-80.21978616714478,34.58223581314087,2.55
-80.21974325180054,34.58223581314087,2.5
-80.2197003364563,34.58223581314087,2.45
-80.21965742111206,34.58223581314087,2.39
-80.21961450576782,34.58223581314087,2.33
-80.21957159042358,34.58223581314087,2.28
-80.21952867507935,34.58223581314087,2.24
-80.21948575973511,34.58223581314087,2.21
-80.21944284439087,34.58223581314087,2.2
-80.21939992904663,34.58223581314087,2.19
-80.21935701370239,34.58223581314087,2.16
-80.21931409835815,34.58223581314087,2.13
-80.21927118301392,34.58223581314087,2.1
-80.21922826766968,34.58223581314087,2.06
-80.22090196609497,34.58219289779663,2.09
-80.22085905075073,34.58219289779663,2.17
-80.2208161354065,34.58219289779663,2.25
-80.22077322006226,34.58219289779663,2.32
-80.22073030471802,34.58219289779663,2.38
-80.22068738937378,34.58219289779663,2.43
-80.22064447402954,34.58219289779663,2.47
-80.2206015586853,34.58219289779663,2.49
-80.22055864334106,34.58219289779663,2.52
-80.22051572799683,34.58219289779663,2.53
-80.22047281265259,34.58219289779663,2.54
-80.22042989730835,34.58219289779663,2.55
-80.22038698196411,34.58219289779663,2.58
-80.22034406661987,34.58219289779663,2.61
-80.22030115127563,34.58219289779663,2.65
-80.2202582359314,34.58219289779663,2.69
-80.22021532058716,34.58219289779663,2.72
-80.22017240524292,34.58219289779663,2.74
-80.22012948989868,34.58219289779663,2.75
-80.22008657455444,34.58219289779663,2.74
-80.2200436592102,34.58219289779663,2.74
-80.22000074386597,34.58219289779663,2.73
-80.21995782852173,34.58219289779663,2.71
-80.21991491317749,34.58219289779663,2.67
-80.21987199783325,34.58219289779663,2.64
-80.21982908248901,34.58219289779663,2.59
-80.21978616714478,34.58219289779663,2.51
-80.21974325180054,34.58219289779663,2.44
-80.2197003364563,34.58219289779663,2.36
-80.21965742111206,34.58219289779663,2.28
-80.21961450576782,34.58219289779663,2.21
-80.21957159042358,34.58219289779663,2.18
-80.21952867507935,34.58219289779663,2.16
-80.21948575973511,34.58219289779663,2.16
-80.21944284439087,34.58219289779663,2.16
-80.21939992904663,34.58219289779663,2.17
-80.21935701370239,34.58219289779663,2.18
-80.21931409835815,34.58219289779663,2.18
-80.21927118301392,34.58219289779663,2.18
-80.22094488143921,34.58214998245239,2.15
-80.22090196609497,34.58214998245239,2.16
-80.22085905075073,34.58214998245239,2.18
-80.2208161354065,34.58214998245239,2.21
-80.22077322006226,34.58214998245239,2.26
-80.22073030471802,34.58214998245239,2.31
-80.22068738937378,34.58214998245239,2.37
-80.22064447402954,34.58214998245239,2.42
-80.2206015586853,34.58214998245239,2.46
-80.22055864334106,34.58214998245239,2.49
-80.22051572799683,34.58214998245239,2.51
-80.22047281265259,34.58214998245239,2.53
-80.22042989730835,34.58214998245239,2.55
-80.22038698196411,34.58214998245239,2.61
-80.22034406661987,34.58214998245239,2.68
-80.22030115127563,34.58214998245239,2.75
-80.2202582359314,34.58214998245239,2.82
-80.22021532058716,34.58214998245239,2.89
-80.22017240524292,34.58214998245239,2.89
-80.22012948989868,34.58214998245239,2.88
-80.22008657455444,34.58214998245239,2.86
-80.2200436592102,34.58214998245239,2.82
-80.22000074386597,34.58214998245239,2.77
-80.21995782852173,34.58214998245239,2.75
-80.21991491317749,34.58214998245239,2.7
-80.21987199783325,34.58214998245239,2.65
-80.21982908248901,34.58214998245239,2.57
-80.21978616714478,34.58214998245239,2.45
-80.21974325180054,34.58214998245239,2.35
-80.2197003364563,34.58214998245239,2.25
-80.21965742111206,34.58214998245239,2.16
-80.21961450576782,34.58214998245239,2.09
-80.21957159042358,34.58214998245239,2.09
-80.21952867507935,34.58214998245239,2.08
-80.21948575973511,34.58214998245239,2.09
-80.21944284439087,34.58214998245239,2.11
-80.21939992904663,34.58214998245239,2.15
-80.21935701370239,34.58214998245239,2.16
-80.21931409835815,34.58214998245239,2.18
-80.22094488143921,34.582107067108154,2.23
-80.22090196609497,34.582107067108154,2.21
-80.22085905075073,34.582107067108154,2.19
-80.2208161354065,34.582107067108154,2.19
-80.22077322006226,34.582107067108154,2.21
-80.22073030471802,34.582107067108154,2.25
-80.22068738937378,34.582107067108154,2.31
-80.22064447402954,34.582107067108154,2.36
-80.2206015586853,34.582107067108154,2.4
-80.22055864334106,34.582107067108154,2.44
-80.22051572799683,34.582107067108154,2.48
-80.22047281265259,34.582107067108154,2.5
-80.22042989730835,34.582107067108154,2.57
-80.22038698196411,34.582107067108154,2.66
-80.22034406661987,34.582107067108154,2.75
-80.22030115127563,34.582107067108154,2.86
-80.2202582359314,34.582107067108154,2.94
-80.22021532058716,34.582107067108154,2.99
-80.22017240524292,34.582107067108154,2.97
-80.22012948989868,34.582107067108154,2.96
-80.22008657455444,34.582107067108154,2.92
-80.2200436592102,34.582107067108154,2.88
-80.22000074386597,34.582107067108154,2.82
-80.21995782852173,34.582107067108154,2.78
-80.21991491317749,34.582107067108154,2.7
-80.21987199783325,34.582107067108154,2.61
-80.21982908248901,34.582107067108154,2.51
-80.21978616714478,34.582107067108154,2.36
-80.21974325180054,34.582107067108154,2.24
-80.2197003364563,34.582107067108154,2.12
-80.21965742111206,34.582107067108154,2.03
-80.21961450576782,34.582107067108154,1.96
-80.21957159042358,34.582107067108154,1.98
-80.21952867507935,34.582107067108154,1.99
-80.21948575973511,34.582107067108154,2.03
-80.21944284439087,34.582107067108154,2.07
-80.21939992904663,34.582107067108154,2.11
-80.21935701370239,34.582107067108154,2.13
-80.21931409835815,34.582107067108154,2.16
-80.22098779678345,34.582064151763916,2.37
-80.22094488143921,34.582064151763916,2.31
-80.22090196609497,34.582064151763916,2.27
-80.22085905075073,34.582064151763916,2.22
-80.2208161354065,34.582064151763916,2.21
-80.22077322006226,34.582064151763916,2.2
-80.22073030471802,34.582064151763916,2.22
-80.22068738937378,34.582064151763916,2.27
-80.22064447402954,34.582064151763916,2.31
-80.2206015586853,34.582064151763916,2.34
-80.22055864334106,34.582064151763916,2.39
-80.22051572799683,34.582064151763916,2.44
-80.22047281265259,34.582064151763916,2.5
-80.22042989730835,34.582064151763916,2.61
-80.22038698196411,34.582064151763916,2.73
-80.22034406661987,34.582064151763916,2.84
-80.22030115127563,34.582064151763916,2.95
-80.2202582359314,34.582064151763916,3.01
-80.22021532058716,34.582064151763916,3.04
-80.22017240524292,34.582064151763916,3.02
-80.22012948989868,34.582064151763916,3.0
-80.22008657455444,34.582064151763916,2.96
-80.2200436592102,34.582064151763916,2.91
-80.22000074386597,34.582064151763916,2.82
-80.21995782852173,34.582064151763916,2.75
-80.21991491317749,34.582064151763916,2.64
-80.21987199783325,34.582064151763916,2.53
-80.21982908248901,34.582064151763916,2.42
-80.21978616714478,34.582064151763916,2.27
-80.21974325180054,34.582064151763916,2.16
-80.2197003364563,34.582064151763916,2.07
-80.21965742111206,34.582064151763916,1.98
-80.21961450576782,34.582064151763916,1.93
-80.21957159042358,34.582064151763916,1.95
-80.21952867507935,34.582064151763916,1.96
-80.21948575973511,34.582064151763916,1.99
-80.21944284439087,34.582064151763916,2.02
-80.21939992904663,34.582064151763916,2.06
-80.21935701370239,34.582064151763916,2.09
-80.22103071212769,34.58202123641968,2.4
-80.22098779678345,34.58202123641968,2.39
-80.22094488143921,34.58202123641968,2.36
-80.22090196609497,34.58202123641968,2.33
-80.22085905075073,34.58202123641968,2.29
-80.2208161354065,34.58202123641968,2.27
-80.22077322006226,34.58202123641968,2.23
-80.22073030471802,34.58202123641968,2.22
-80.22068738937378,34.58202123641968,2.24
-80.22064447402954,34.58202123641968,2.26
-80.2206015586853,34.58202123641968,2.29
-80.22055864334106,34.58202123641968,2.36
-80.22051572799683,34.58202123641968,2.43
-80.22047281265259,34.58202123641968,2.54
-80.22042989730835,34.58202123641968,2.69
-80.22038698196411,34.58202123641968,2.82
-80.22034406661987,34.58202123641968,2.92
-80.22030115127563,34.58202123641968,3.0
-80.2202582359314,34.58202123641968,3.05
-80.22021532058716,34.58202123641968,3.06
-80.22017240524292,34.58202123641968,3.04
-80.22012948989868,34.58202123641968,3.02
-80.22008657455444,34.58202123641968,2.97
-80.2200436592102,34.58202123641968,2.89
-80.22000074386597,34.58202123641968,2.77
-80.21995782852173,34.58202123641968,2.67
-80.21991491317749,34.58202123641968,2.53
-80.21987199783325,34.58202123641968,2.42
-80.21982908248901,34.58202123641968,2.32
-80.21978616714478,34.58202123641968,2.2
-80.21974325180054,34.58202123641968,2.12
-80.2197003364563,34.58202123641968,2.04
-80.21965742111206,34.58202123641968,1.97
-80.21961450576782,34.58202123641968,1.92
-80.21957159042358,34.58202123641968,1.92
-80.21952867507935,34.58202123641968,1.92
-80.21948575973511,34.58202123641968,1.93
-80.21944284439087,34.58202123641968,1.96
-80.21939992904663,34.58202123641968,2.0
-80.22103071212769,34.58197832107544,2.34
-80.22098779678345,34.58197832107544,2.37
-80.22094488143921,34.58197832107544,2.37
-80.22090196609497,34.58197832107544,2.36
-80.22085905075073,34.58197832107544,2.35
-80.2208161354065,34.58197832107544,2.33
-80.22077322006226,34.58197832107544,2.29
-80.22073030471802,34.58197832107544,2.27
-80.22068738937378,34.58197832107544,2.26
-80.22064447402954,34.58197832107544,2.26
-80.2206015586853,34.58197832107544,2.28
-80.22055864334106,34.58197832107544,2.36
-80.22051572799683,34.58197832107544,2.46
-80.22047281265259,34.58197832107544,2.6
-80.22042989730835,34.58197832107544,2.79
-80.22038698196411,34.58197832107544,2.89
-80.22034406661987,34.58197832107544,2.98
-80.22030115127563,34.58197832107544,3.03
-80.2202582359314,34.58197832107544,3.06
-80.22021532058716,34.58197832107544,3.06
-80.22017240524292,34.58197832107544,3.06
-80.22012948989868,34.58197832107544,3.01
-80.22008657455444,34.58197832107544,2.93
-80.2200436592102,34.58197832107544,2.82
-80.22000074386597,34.58197832107544,2.68
-80.21995782852173,34.58197832107544,2.53
-80.21991491317749,34.58197832107544,2.41
-80.21987199783325,34.58197832107544,2.3
-80.21982908248901,34.58197832107544,2.23
-80.21978616714478,34.58197832107544,2.15
-80.21974325180054,34.58197832107544,2.1
-80.2197003364563,34.58197832107544,2.06
-80.21965742111206,34.58197832107544,2.01
-80.21961450576782,34.58197832107544,1.97
-80.21957159042358,34.58197832107544,1.96
-80.21952867507935,34.58197832107544,1.93
-80.21948575973511,34.58197832107544,1.92
-80.21944284439087,34.58197832107544,1.93
-80.22107362747192,34.5819354057312,2.42
-80.22103071212769,34.5819354057312,2.41
-80.22098779678345,34.5819354057312,2.4
-80.22094488143921,34.5819354057312,2.4
-80.22090196609497,34.5819354057312,2.38
-80.22085905075073,34.5819354057312,2.37
-80.2208161354065,34.5819354057312,2.38
-80.22077322006226,34.5819354057312,2.34
-80.22073030471802,34.5819354057312,2.32
-80.22068738937378,34.5819354057312,2.29
-80.22064447402954,34.5819354057312,2.27
-80.2206015586853,34.5819354057312,2.31
-80.22055864334106,34.5819354057312,2.42
-80.22051572799683,34.5819354057312,2.54
-80.22047281265259,34.5819354057312,2.73
-80.22042989730835,34.5819354057312,2.9
-80.22038698196411,34.5819354057312,2.96
-80.22034406661987,34.5819354057312,3.03
-80.22030115127563,34.5819354057312,3.05
-80.2202582359314,34.5819354057312,3.06
-80.22021532058716,34.5819354057312,3.06
-80.22017240524292,34.5819354057312,3.04
-80.22012948989868,34.5819354057312,2.95
-80.22008657455444,34.5819354057312,2.84
-80.2200436592102,34.5819354057312,2.69
-80.22000074386597,34.5819354057312,2.53
-80.21995782852173,34.5819354057312,2.37
-80.21991491317749,34.5819354057312,2.27
-80.21987199783325,34.5819354057312,2.19
-80.21982908248901,34.5819354057312,2.15
-80.21978616714478,34.5819354057312,2.12
-80.21974325180054,34.5819354057312,2.1
-80.2197003364563,34.5819354057312,2.09
-80.21965742111206,34.5819354057312,2.05
-80.21961450576782,34.5819354057312,2.01
-80.21957159042358,34.5819354057312,1.98
-80.21952867507935,34.5819354057312,1.95
-80.21948575973511,34.5819354057312,1.92
-80.21944284439087,34.5819354057312,1.89
-80.22107362747192,34.58189249038696,2.38
-80.22103071212769,34.58189249038696,2.39
-80.22098779678345,34.58189249038696,2.38
-80.22094488143921,34.58189249038696,2.4
-80.22090196609497,34.58189249038696,2.4
-80.22085905075073,34.58189249038696,2.4
-80.2208161354065,34.58189249038696,2.41
-80.22077322006226,34.58189249038696,2.38
-80.22073030471802,34.58189249038696,2.36
-80.22068738937378,34.58189249038696,2.34
-80.22064447402954,34.58189249038696,2.36
-80.2206015586853,34.58189249038696,2.43
-80.22055864334106,34.58189249038696,2.56
-80.22051572799683,34.58189249038696,2.7
-80.22047281265259,34.58189249038696,2.88
-80.22042989730835,34.58189249038696,2.99
-80.22038698196411,34.58189249038696,3.02
-80.22034406661987,34.58189249038696,3.06
-80.22030115127563,34.58189249038696,3.05
-80.2202582359314,34.58189249038696,3.06
-80.22021532058716,34.58189249038696,3.05
-80.22017240524292,34.58189249038696,2.99
-80.22012948989868,34.58189249038696,2.85
-80.22008657455444,34.58189249038696,2.71
-80.2200436592102,34.58189249038696,2.53
-80.22000074386597,34.58189249038696,2.35
-80.21995782852173,34.58189249038696,2.22
-80.21991491317749,34.58189249038696,2.16
-80.21987199783325,34.58189249038696,2.12
-80.21982908248901,34.58189249038696,2.12
-80.21978616714478,34.58189249038696,2.13
-80.21974325180054,34.58189249038696,2.13
-80.2197003364563,34.58189249038696,2.13
-80.21965742111206,34.58189249038696,2.12
-80.21961450576782,34.58189249038696,2.09
-80.21957159042358,34.58189249038696,2.05
-80.21952867507935,34.58189249038696,2.0
-80.22107362747192,34.581849575042725,2.36
-80.22103071212769,34.581849575042725,2.37
-80.22098779678345,34.581849575042725,2.36
-80.22094488143921,34.581849575042725,2.39
-80.22090196609497,34.581849575042725,2.4
-80.22085905075073,34.581849575042725,2.41
-80.2208161354065,34.581849575042725,2.42
-80.22077322006226,34.581849575042725,2.44
-80.22073030471802,34.581849575042725,2.46
-80.22068738937378,34.581849575042725,2.47
-80.22064447402954,34.581849575042725,2.53
-80.2206015586853,34.581849575042725,2.63
-80.22055864334106,34.581849575042725,2.76
-80.22051572799683,34.581849575042725,2.87
-80.22047281265259,34.581849575042725,2.99
-80.22042989730835,34.581849575042725,3.04
-80.22038698196411,34.581849575042725,3.05
-80.22034406661987,34.581849575042725,3.06
-80.22030115127563,34.581849575042725,3.05
-80.2202582359314,34.581849575042725,3.06
-80.22021532058716,34.581849575042725,3.02
-80.22017240524292,34.581849575042725,2.93
-80.22012948989868,34.581849575042725,2.74
-80.22008657455444,34.581849575042725,2.55
-80.2200436592102,34.581849575042725,2.34
-80.22000074386597,34.581849575042725,2.18
-80.21995782852173,34.581849575042725,2.07
-80.21991491317749,34.581849575042725,2.06
-80.21987199783325,34.581849575042725,2.06
-80.21982908248901,34.581849575042725,2.08
-80.21978616714478,34.581849575042725,2.1
-80.21974325180054,34.581849575042725,2.12
-80.2197003364563,34.581849575042725,2.12
-80.21965742111206,34.581849575042725,2.11
-80.21961450576782,34.581849575042725,2.09
-80.21957159042358,34.581849575042725,2.05
-80.22107362747192,34.581806659698486,2.39
-80.22103071212769,34.581806659698486,2.37
-80.22098779678345,34.581806659698486,2.37
-80.22094488143921,34.581806659698486,2.4
-80.22090196609497,34.581806659698486,2.4
-80.22085905075073,34.581806659698486,2.4
-80.2208161354065,34.581806659698486,2.45
-80.22077322006226,34.581806659698486,2.49
-80.22073030471802,34.581806659698486,2.56
-80.22068738937378,34.581806659698486,2.63
-80.22064447402954,34.581806659698486,2.73
-80.2206015586853,34.581806659698486,2.83
-80.22055864334106,34.581806659698486,2.93
-80.22051572799683,34.581806659698486,3.01
-80.22047281265259,34.581806659698486,3.07
-80.22042989730835,34.581806659698486,3.08
-80.22038698196411,34.581806659698486,3.06
-80.22034406661987,34.581806659698486,3.07
-80.22030115127563,34.581806659698486,3.06
-80.2202582359314,34.581806659698486,3.04
-80.22021532058716,34.581806659698486,2.97
-80.22017240524292,34.581806659698486,2.85
-80.22012948989868,34.581806659698486,2.64
-80.22008657455444,34.581806659698486,2.44
-80.2200436592102,34.581806659698486,2.26
-80.22000074386597,34.581806659698486,2.12
-80.21995782852173,34.581806659698486,2.05
-80.21991491317749,34.581806659698486,2.06
-80.21987199783325,34.581806659698486,2.06
-80.21982908248901,34.581806659698486,2.07
-80.21978616714478,34.581806659698486,2.08
-80.21974325180054,34.581806659698486,2.1
-80.2197003364563,34.581806659698486,2.12
-80.21965742111206,34.581806659698486,2.13
-80.21961450576782,34.581806659698486,2.14
-80.22107362747192,34.58176374435425,2.47
-80.22103071212769,34.58176374435425,2.44
-80.22098779678345,34.58176374435425,2.44
-80.22094488143921,34.58176374435425,2.47
-80.22090196609497,34.58176374435425,2.49
-80.22085905075073,34.58176374435425,2.48
-80.2208161354065,34.58176374435425,2.55
-80.22077322006226,34.58176374435425,2.62
-80.22073030471802,34.58176374435425,2.69
-80.22068738937378,34.58176374435425,2.8
-80.22064447402954,34.58176374435425,2.91
-80.2206015586853,34.58176374435425,3.0
-80.22055864334106,34.58176374435425,3.06
-80.22051572799683,34.58176374435425,3.12
-80.22047281265259,34.58176374435425,3.13
-80.22042989730835,34.58176374435425,3.11
-80.22038698196411,34.58176374435425,3.09
-80.22034406661987,34.58176374435425,3.09
-80.22030115127563,34.58176374435425,3.07
-80.2202582359314,34.58176374435425,3.01
-80.22021532058716,34.58176374435425,2.92
-80.22017240524292,34.58176374435425,2.75
-80.22012948989868,34.58176374435425,2.54
-80.22008657455444,34.58176374435425,2.35
-80.2200436592102,34.58176374435425,2.19
-80.22000074386597,34.58176374435425,2.06
-80.21995782852173,34.58176374435425,2.02
-80.21991491317749,34.58176374435425,2.03
-80.21987199783325,34.58176374435425,2.03
-80.21982908248901,34.58176374435425,2.04
-80.21978616714478,34.58176374435425,2.06
-80.21974325180054,34.58176374435425,2.08
-80.2197003364563,34.58176374435425,2.1
-80.22107362747192,34.58172082901001,2.37
-80.22103071212769,34.58172082901001,2.38
-80.22098779678345,34.58172082901001,2.44
-80.22094488143921,34.58172082901001,2.49
-80.22090196609497,34.58172082901001,2.56
-80.22085905075073,34.58172082901001,2.6
-80.2208161354065,34.58172082901001,2.69
-80.22077322006226,34.58172082901001,2.76
-80.22073030471802,34.58172082901001,2.86
-80.22068738937378,34.58172082901001,2.97
-80.22064447402954,34.58172082901001,3.05
-80.2206015586853,34.58172082901001,3.11
-80.22055864334106,34.58172082901001,3.14
-80.22051572799683,34.58172082901001,3.17
-80.22047281265259,34.58172082901001,3.15
-80.22042989730835,34.58172082901001,3.13
-80.22038698196411,34.58172082901001,3.12
-80.22034406661987,34.58172082901001,3.1
-80.22030115127563,34.58172082901001,3.07
-80.2202582359314,34.58172082901001,2.99
-80.22021532058716,34.58172082901001,2.88
-80.22017240524292,34.58172082901001,2.71
-80.22012948989868,34.58172082901001,2.53
-80.22008657455444,34.58172082901001,2.35
-80.2200436592102,34.58172082901001,2.21
-80.22000074386597,34.58172082901001,2.11
-80.21995782852173,34.58172082901001,2.06
-80.21991491317749,34.58172082901001,2.04
-80.21987199783325,34.58172082901001,2.04
-80.21982908248901,34.58172082901001,2.04
-80.21978616714478,34.58172082901001,2.05
-80.21974325180054,34.58172082901001,2.07
-80.22107362747192,34.58167791366577,2.41
-80.22103071212769,34.58167791366577,2.4
-80.22098779678345,34.58167791366577,2.48
-80.22094488143921,34.58167791366577,2.56
-80.22090196609497,34.58167791366577,2.64
-80.22085905075073,34.58167791366577,2.7
-80.2208161354065,34.58167791366577,2.84
-80.22077322006226,34.58167791366577,2.92
-80.22073030471802,34.58167791366577,3.02
-80.22068738937378,34.58167791366577,3.11
-80.22064447402954,34.58167791366577,3.16
-80.2206015586853,34.58167791366577,3.18
-80.22055864334106,34.58167791366577,3.18
-80.22051572799683,34.58167791366577,3.18
-80.22047281265259,34.58167791366577,3.16
-80.22042989730835,34.58167791366577,3.15
-80.22038698196411,34.58167791366577,3.13
-80.22034406661987,34.58167791366577,3.1
-80.22030115127563,34.58167791366577,3.05
-80.2202582359314,34.58167791366577,2.96
-80.22021532058716,34.58167791366577,2.85
-80.22017240524292,34.58167791366577,2.7
-80.22012948989868,34.58167791366577,2.54
-80.22008657455444,34.58167791366577,2.38
-80.2200436592102,34.58167791366577,2.26
-80.22000074386597,34.58167791366577,2.16
-80.21995782852173,34.58167791366577,2.1
-80.21991491317749,34.58167791366577,2.05
-80.21987199783325,34.58167791366577,2.04
-80.21982908248901,34.58167791366577,2.02
-80.21978616714478,34.58167791366577,2.02
-80.22107362747192,34.58163499832153,2.44
-80.22103071212769,34.58163499832153,2.44
-80.22098779678345,34.58163499832153,2.55
-80.22094488143921,34.58163499832153,2.65
-80.22090196609497,34.58163499832153,2.75
-80.22085905075073,34.58163499832153,2.83
-80.2208161354065,34.58163499832153,2.98
-80.22077322006226,34.58163499832153,3.04
-80.22073030471802,34.58163499832153,3.12
-80.22068738937378,34.58163499832153,3.19
-80.22064447402954,34.58163499832153,3.2
-80.2206015586853,34.58163499832153,3.19
-80.22055864334106,34.58163499832153,3.17
-80.22051572799683,34.58163499832153,3.16
-80.22047281265259,34.58163499832153,3.14
-80.22042989730835,34.58163499832153,3.11
-80.22038698196411,34.58163499832153,3.09
-80.22034406661987,34.58163499832153,3.06
-80.22030115127563,34.58163499832153,3.01
-80.2202582359314,34.58163499832153,2.92
-80.22021532058716,34.58163499832153,2.84
-80.22017240524292,34.58163499832153,2.72
-80.22012948989868,34.58163499832153,2.6
-80.22008657455444,34.58163499832153,2.48
-80.2200436592102,34.58163499832153,2.39
-80.22000074386597,34.58163499832153,2.3
-80.21995782852173,34.58163499832153,2.22
-80.21991491317749,34.58163499832153,2.16
-80.21987199783325,34.58163499832153,2.1
-80.22107362747192,34.581592082977295,2.49
-80.22103071212769,34.581592082977295,2.53
-80.22098779678345,34.581592082977295,2.64
-80.22094488143921,34.581592082977295,2.75
-80.22090196609497,34.581592082977295,2.88
-80.22085905075073,34.581592082977295,2.93
-80.2208161354065,34.581592082977295,3.03
-80.22077322006226,34.581592082977295,3.05
-80.22073030471802,34.581592082977295,3.06
-80.22068738937378,34.581592082977295,3.04
-80.22064447402954,34.581592082977295,3.02
-80.2206015586853,34.581592082977295,2.96
-80.22055864334106,34.581592082977295,2.92
-80.22051572799683,34.581592082977295,2.93
-80.22047281265259,34.581592082977295,2.92
-80.22042989730835,34.581592082977295,2.93
-80.22038698196411,34.581592082977295,2.98
-80.22034406661987,34.581592082977295,2.97
-80.22030115127563,34.581592082977295,2.94
-80.2202582359314,34.581592082977295,2.9
-80.22021532058716,34.581592082977295,2.84
-80.22017240524292,34.581592082977295,2.76
-80.22012948989868,34.581592082977295,2.67
-80.22008657455444,34.581592082977295,2.57
-80.2200436592102,34.581592082977295,2.48
-80.22000074386597,34.581592082977295,2.37
-80.21995782852173,34.581592082977295,2.28
-80.21991491317749,34.581592082977295,2.18
-80.22107362747192,34.58154916763306,2.57
-80.22103071212769,34.58154916763306,2.64
-80.22098779678345,34.58154916763306,2.75
-80.22094488143921,34.58154916763306,2.84
-80.22090196609497,34.58154916763306,2.95
-80.22085905075073,34.58154916763306,2.96
-80.2208161354065,34.58154916763306,2.97
-80.22077322006226,34.58154916763306,2.93
-80.22073030471802,34.58154916763306,2.86
-80.22068738937378,34.58154916763306,2.77
-80.22064447402954,34.58154916763306,2.69
-80.2206015586853,34.58154916763306,2.6
-80.22055864334106,34.58154916763306,2.54
-80.22051572799683,34.58154916763306,2.56
-80.22047281265259,34.58154916763306,2.61
-80.22042989730835,34.58154916763306,2.68
-80.22038698196411,34.58154916763306,2.77
-80.22034406661987,34.58154916763306,2.84
-80.22030115127563,34.58154916763306,2.86
-80.2202582359314,34.58154916763306,2.86
-80.22021532058716,34.58154916763306,2.84
-80.22017240524292,34.58154916763306,2.81
-80.22012948989868,34.58154916763306,2.76
-80.22008657455444,34.58154916763306,2.68
-80.2200436592102,34.58154916763306,2.6
-80.22000074386597,34.58154916763306,2.49
-80.21995782852173,34.58154916763306,2.39
-80.22103071212769,34.58150625228882,2.73
-80.22098779678345,34.58150625228882,2.82
-80.22094488143921,34.58150625228882,2.9
-80.22090196609497,34.58150625228882,2.95
-80.22085905075073,34.58150625228882,2.91
-80.2208161354065,34.58150625228882,2.85
-80.22077322006226,34.58150625228882,2.74
-80.22073030471802,34.58150625228882,2.59
-80.22068738937378,34.58150625228882,2.44
-80.22064447402954,34.58150625228882,2.32
-80.2206015586853,34.58150625228882,2.19
-80.22055864334106,34.58150625228882,2.11
-80.22051572799683,34.58150625228882,2.14
-80.22047281265259,34.58150625228882,2.21
-80.22042989730835,34.58150625228882,2.3
-80.22038698196411,34.58150625228882,2.46
-80.22034406661987,34.58150625228882,2.6
-80.22030115127563,34.58150625228882,2.69
-80.2202582359314,34.58150625228882,2.77
-80.22021532058716,34.58150625228882,2.83
-80.22017240524292,34.58150625228882,2.83
-80.22012948989868,34.58150625228882,2.79
-80.22008657455444,34.58150625228882,2.74
-80.2200436592102,34.58150625228882,2.67
-80.22000074386597,34.58150625228882,2.58
-80.22103071212769,34.58146333694458,2.83
-80.22098779678345,34.58146333694458,2.89
-80.22094488143921,34.58146333694458,2.9
-80.22090196609497,34.58146333694458,2.89
-80.22085905075073,34.58146333694458,2.77
-80.2208161354065,34.58146333694458,2.62
-80.22077322006226,34.58146333694458,2.45
-80.22073030471802,34.58146333694458,2.25
-80.22068738937378,34.58146333694458,2.05
-80.22064447402954,34.58146333694458,1.9
-80.2206015586853,34.58146333694458,1.76
-80.22055864334106,34.58146333694458,1.67
-80.22051572799683,34.58146333694458,1.7
-80.22047281265259,34.58146333694458,1.78
-80.22042989730835,34.58146333694458,1.91
-80.22038698196411,34.58146333694458,2.11
-80.22034406661987,34.58146333694458,2.3
-80.22030115127563,34.58146333694458,2.46
-80.2202582359314,34.58146333694458,2.62
-80.22021532058716,34.58146333694458,2.73
-80.22017240524292,34.58146333694458,2.78
-80.22012948989868,34.58146333694458,2.82
-80.22008657455444,34.58146333694458,2.81
-80.22098779678345,34.58142042160034,2.96
-80.22094488143921,34.58142042160034,2.89
-80.22090196609497,34.58142042160034,2.8
-80.22085905075073,34.58142042160034,2.63
-80.2208161354065,34.58142042160034,2.38
-80.22077322006226,34.58142042160034,2.14
-80.22073030471802,34.58142042160034,1.89
-80.22068738937378,34.58142042160034,1.64
-80.22064447402954,34.58142042160034,1.47
-80.2206015586853,34.58142042160034,1.33
-80.22055864334106,34.58142042160034,1.27
-80.22051572799683,34.58142042160034,1.31
-80.22047281265259,34.58142042160034,1.4
-80.22042989730835,34.58142042160034,1.55
-80.22038698196411,34.58142042160034,1.77
-80.22034406661987,34.58142042160034,1.98
-80.22030115127563,34.58142042160034,2.19
-80.2202582359314,34.58142042160034,2.4
-80.22021532058716,34.58142042160034,2.57
-80.22017240524292,34.58142042160034,2.73
-80.22094488143921,34.5813775062561,2.87
-80.22090196609497,34.5813775062561,2.71
-80.22085905075073,34.5813775062561,2.52
-80.2208161354065,34.5813775062561,2.22
-80.22077322006226,34.5813775062561,1.93
-80.22073030471802,34.5813775062561,1.66
-80.22068738937378,34.5813775062561,1.42
-80.22064447402954,34.5813775062561,1.24
-80.2206015586853,34.5813775062561,1.14
-80.22055864334106,34.5813775062561,1.08
-80.22051572799683,34.5813775062561,1.12
-80.22047281265259,34.5813775062561,1.2
-80.22042989730835,34.5813775062561,1.33
-80.22038698196411,34.5813775062561,1.51
-80.22034406661987,34.5813775062561,1.73
-80.22030115127563,34.5813775062561,1.95
-80.2202582359314,34.5813775062561,2.2
-80.22021532058716,34.5813775062561,2.43
-80.22085905075073,34.581334590911865,2.37
-80.2208161354065,34.581334590911865,2.08
-80.22077322006226,34.581334590911865,1.79
-80.22073030471802,34.581334590911865,1.53
-80.22068738937378,34.581334590911865,1.31
-80.22064447402954,34.581334590911865,1.16
-80.2206015586853,34.581334590911865,1.07
-80.22055864334106,34.581334590911865,1.03
-80.22051572799683,34.581334590911865,1.04
-80.22047281265259,34.581334590911865,1.08
-80.22042989730835,34.581334590911865,1.17
-80.22038698196411,34.581334590911865,1.32
-80.22034406661987,34.581334590911865,1.49
-80.22030115127563,34.581334590911865,1.71
-80.2202582359314,34.581334590911865,1.95
-80.22073030471802,34.58129167556763,1.37
-80.22068738937378,34.58129167556763,1.2
-80.22064447402954,34.58129167556763,1.08
-80.2206015586853,34.58129167556763,1.03
-80.22055864334106,34.58129167556763,1.03
-80.22051572799683,34.58129167556763,1.03
-80.22047281265259,34.58129167556763,1.05
-80.22042989730835,34.58129167556763,1.12
-80.22038698196411,34.58129167556763,1.19
-80.22034406661987,34.58129167556763,1.29
-80.22030115127563,34.58129167556763,1.41
-80.21669626235962,34.555113315582275,1.18
-80.21665334701538,34.555113315582275,1.18
-80.21661043167114,34.555113315582275,1.18
-80.2165675163269,34.555113315582275,1.18
-80.21652460098267,34.555113315582275,1.18
-80.21648168563843,34.555113315582275,1.21
-80.21643877029419,34.555113315582275,1.26
-80.21639585494995,34.555113315582275,1.38
-80.21635293960571,34.555113315582275,1.5
-80.21631002426147,34.555113315582275,1.53
-80.21626710891724,34.555113315582275,1.54
-80.21669626235962,34.55507040023804,1.18
-80.21665334701538,34.55507040023804,1.18
-80.21661043167114,34.55507040023804,1.18
-80.2165675163269,34.55507040023804,1.18
-80.21652460098267,34.55507040023804,1.19
-80.21648168563843,34.55507040023804,1.23
-80.21643877029419,34.55507040023804,1.31
-80.21639585494995,34.55507040023804,1.4
-80.21635293960571,34.55507040023804,1.5
-80.21631002426147,34.55507040023804,1.52
-80.21626710891724,34.55507040023804,1.5
-80.216224193573,34.55507040023804,1.41
-80.21618127822876,34.55507040023804,1.31
-80.21613836288452,34.55507040023804,1.26
-80.21609544754028,34.55507040023804,1.26
-80.21669626235962,34.5550274848938,1.18
-80.21665334701538,34.5550274848938,1.18
-80.21661043167114,34.5550274848938,1.18
-80.2165675163269,34.5550274848938,1.18
-80.21652460098267,34.5550274848938,1.19
-80.21648168563843,34.5550274848938,1.24
-80.21643877029419,34.5550274848938,1.34
-80.21639585494995,34.5550274848938,1.41
-80.21635293960571,34.5550274848938,1.49
-80.21631002426147,34.5550274848938,1.5
-80.21626710891724,34.5550274848938,1.47
-80.216224193573,34.5550274848938,1.39
-80.21618127822876,34.5550274848938,1.31
-80.21613836288452,34.5550274848938,1.31
-80.21609544754028,34.5550274848938,1.33
-80.21605253219604,34.5550274848938,1.36
-80.21669626235962,34.55498456954956,1.18
-80.21665334701538,34.55498456954956,1.18
-80.21661043167114,34.55498456954956,1.18
-80.2165675163269,34.55498456954956,1.19
-80.21652460098267,34.55498456954956,1.22
-80.21648168563843,34.55498456954956,1.3
-80.21643877029419,34.55498456954956,1.42
-80.21639585494995,34.55498456954956,1.48
-80.21635293960571,34.55498456954956,1.54
-80.21631002426147,34.55498456954956,1.53
-80.21626710891724,34.55498456954956,1.46
-80.216224193573,34.55498456954956,1.38
-80.21618127822876,34.55498456954956,1.32
-80.21613836288452,34.55498456954956,1.35
-80.21609544754028,34.55498456954956,1.37
-80.21605253219604,34.55498456954956,1.42
-80.21669626235962,34.55494165420532,1.18
-80.21665334701538,34.55494165420532,1.18
-80.21661043167114,34.55494165420532,1.18
-80.2165675163269,34.55494165420532,1.19
-80.21652460098267,34.55494165420532,1.22
-80.21648168563843,34.55494165420532,1.3
-80.21643877029419,34.55494165420532,1.42
-80.21639585494995,34.55494165420532,1.46
-80.21635293960571,34.55494165420532,1.49
-80.21631002426147,34.55494165420532,1.49
-80.21626710891724,34.55494165420532,1.43
-80.216224193573,34.55494165420532,1.37
-80.21618127822876,34.55494165420532,1.34
-80.21613836288452,34.55494165420532,1.41
-80.21609544754028,34.55494165420532,1.44
-80.21605253219604,34.55494165420532,1.5
-80.21669626235962,34.554898738861084,1.18
-80.21665334701538,34.554898738861084,1.2
-80.21661043167114,34.554898738861084,1.22
-80.2165675163269,34.554898738861084,1.25
-80.21652460098267,34.554898738861084,1.29
-80.21648168563843,34.554898738861084,1.36
-80.21643877029419,34.554898738861084,1.46
-80.21639585494995,34.554898738861084,1.48
-80.21635293960571,34.554898738861084,1.49
-80.21631002426147,34.554898738861084,1.48
-80.21626710891724,34.554898738861084,1.44
-80.216224193573,34.554898738861084,1.43
-80.21618127822876,34.554898738861084,1.39
-80.21613836288452,34.554898738861084,1.48
-80.21609544754028,34.554898738861084,1.51
-80.21605253219604,34.554898738861084,1.56
-80.21669626235962,34.554855823516846,1.18
-80.21665334701538,34.554855823516846,1.21
-80.21661043167114,34.554855823516846,1.24
-80.2165675163269,34.554855823516846,1.3
-80.21652460098267,34.554855823516846,1.34
-80.21648168563843,34.554855823516846,1.41
-80.21643877029419,34.554855823516846,1.47
-80.21639585494995,34.554855823516846,1.47
-80.21635293960571,34.554855823516846,1.48
-80.21631002426147,34.554855823516846,1.47
-80.21626710891724,34.554855823516846,1.45
-80.216224193573,34.554855823516846,1.48
-80.21618127822876,34.554855823516846,1.46
-80.21613836288452,34.554855823516846,1.54
-80.21609544754028,34.554855823516846,1.57
-80.21605253219604,34.554855823516846,1.62
-80.2165675163269,34.55481290817261,1.4
-80.21652460098267,34.55481290817261,1.43
-80.21648168563843,34.55481290817261,1.47
-80.21643877029419,34.55481290817261,1.49
-80.21639585494995,34.55481290817261,1.47
-80.21635293960571,34.55481290817261,1.45
-80.21631002426147,34.55481290817261,1.45
-80.21626710891724,34.55481290817261,1.43
-80.216224193573,34.55481290817261,1.48
-80.21618127822876,34.55481290817261,1.49
-80.21613836288452,34.55481290817261,1.56
-80.21609544754028,34.55481290817261,1.6
-80.21605253219604,34.55481290817261,1.66
-80.21652460098267,34.55476999282837,1.55
-80.21648168563843,34.55476999282837,1.55
-80.21643877029419,34.55476999282837,1.51
-80.21639585494995,34.55476999282837,1.48
-80.21635293960571,34.55476999282837,1.46
-80.21631002426147,34.55476999282837,1.46
-80.21626710891724,34.55476999282837,1.47
-80.216224193573,34.55476999282837,1.52
-80.21618127822876,34.55476999282837,1.52
-80.21613836288452,34.55476999282837,1.57
-80.21609544754028,34.55476999282837,1.59
-80.21605253219604,34.55476999282837,1.61
-80.21652460098267,34.55472707748413,1.74
-80.21648168563843,34.55472707748413,1.7
-80.21643877029419,34.55472707748413,1.62
-80.21639585494995,34.55472707748413,1.56
-80.21635293960571,34.55472707748413,1.52
-80.21631002426147,34.55472707748413,1.5
-80.21626710891724,34.55472707748413,1.48
-80.216224193573,34.55472707748413,1.51
-80.21618127822876,34.55472707748413,1.54
-80.21613836288452,34.55472707748413,1.57
-80.21609544754028,34.55472707748413,1.6
-80.21605253219604,34.55472707748413,1.61
-80.21661043167114,34.55468416213989,1.84
-80.2165675163269,34.55468416213989,1.82
-80.21652460098267,34.55468416213989,1.75
-80.21648168563843,34.55468416213989,1.72
-80.21643877029419,34.55468416213989,1.63
-80.21639585494995,34.55468416213989,1.56
-80.21635293960571,34.55468416213989,1.49
-80.21631002426147,34.55468416213989,1.46
-80.21626710891724,34.55468416213989,1.43
-80.216224193573,34.55468416213989,1.45
-80.21618127822876,34.55468416213989,1.5
-80.21613836288452,34.55468416213989,1.53
-80.21609544754028,34.55468416213989,1.55
-80.21605253219604,34.55468416213989,1.59
-80.21661043167114,34.554641246795654,1.81
-80.2165675163269,34.554641246795654,1.82
-80.21652460098267,34.554641246795654,1.76
-80.21648168563843,34.554641246795654,1.74
-80.21643877029419,34.554641246795654,1.66
-80.21639585494995,34.554641246795654,1.61
-80.21635293960571,34.554641246795654,1.55
-80.21631002426147,34.554641246795654,1.51
-80.21626710891724,34.554641246795654,1.46
-80.216224193573,34.554641246795654,1.46
-80.21618127822876,34.554641246795654,1.48
-80.21613836288452,34.554641246795654,1.48
-80.21609544754028,34.554641246795654,1.5
-80.21661043167114,34.554598331451416,1.8
-80.2165675163269,34.554598331451416,1.82
-80.21652460098267,34.554598331451416,1.8
-80.21648168563843,34.554598331451416,1.77
-80.21643877029419,34.554598331451416,1.7
-80.21639585494995,34.554598331451416,1.67
-80.21635293960571,34.554598331451416,1.62
-80.21631002426147,34.554598331451416,1.57
-80.21626710891724,34.554598331451416,1.54
-80.216224193573,34.554598331451416,1.52
-80.21618127822876,34.554598331451416,1.51
-80.21613836288452,34.554598331451416,1.49
-80.21609544754028,34.554598331451416,1.48
-80.21661043167114,34.55455541610718,1.8
-80.2165675163269,34.55455541610718,1.82
-80.21652460098267,34.55455541610718,1.81
-80.21648168563843,34.55455541610718,1.79
-80.21643877029419,34.55455541610718,1.73
-80.21639585494995,34.55455541610718,1.71
-80.21635293960571,34.55455541610718,1.65
-80.21631002426147,34.55455541610718,1.6
-80.21626710891724,34.55455541610718,1.56
-80.216224193573,34.55455541610718,1.53
-80.21618127822876,34.55455541610718,1.53
-80.21613836288452,34.55455541610718,1.51
-80.21609544754028,34.55455541610718,1.52
-80.21661043167114,34.55451250076294,1.81
-80.2165675163269,34.55451250076294,1.84
-80.21652460098267,34.55451250076294,1.83
-80.21648168563843,34.55451250076294,1.81
-80.21643877029419,34.55451250076294,1.77
-80.21639585494995,34.55451250076294,1.76
-80.21635293960571,34.55451250076294,1.72
-80.21631002426147,34.55451250076294,1.68
-80.21626710891724,34.55451250076294,1.64
-80.216224193573,34.55451250076294,1.6
-80.21618127822876,34.55451250076294,1.57
-80.21613836288452,34.55451250076294,1.52
-80.21661043167114,34.5544695854187,1.83
-80.2165675163269,34.5544695854187,1.85
-80.21652460098267,34.5544695854187,1.84
-80.21648168563843,34.5544695854187,1.83
-80.21643877029419,34.5544695854187,1.81
-80.21639585494995,34.5544695854187,1.82
-80.21635293960571,34.5544695854187,1.8
-80.21631002426147,34.5544695854187,1.77
-80.21626710891724,34.5544695854187,1.75
-80.216224193573,34.5544695854187,1.7
-80.21618127822876,34.5544695854187,1.66
-80.21661043167114,34.55442667007446,1.84
-80.2165675163269,34.55442667007446,1.86
-80.21652460098267,34.55442667007446,1.87
-80.21648168563843,34.55442667007446,1.85
-80.21643877029419,34.55442667007446,1.84
-80.21639585494995,34.55442667007446,1.85
-80.21635293960571,34.55442667007446,1.83
-80.21631002426147,34.55442667007446,1.8
-80.21626710891724,34.55442667007446,1.8
-80.216224193573,34.55442667007446,1.79
-80.21661043167114,34.554383754730225,1.86
-80.2165675163269,34.554383754730225,1.87
-80.21652460098267,34.554383754730225,1.88
-80.21648168563843,34.554383754730225,1.88
-80.21643877029419,34.554383754730225,1.88
-80.21639585494995,34.554383754730225,1.88
-80.21635293960571,34.554383754730225,1.87
-80.21631002426147,34.554383754730225,1.86
-80.21626710891724,34.554383754730225,1.86
-80.63576459884644,33.7859845161438,0.91
-80.6357216835022,33.7859845161438,0.92
-80.63567876815796,33.7859845161438,0.93
-80.63563585281372,33.7859845161438,0.92
-80.63559293746948,33.7859845161438,0.93
-80.63555002212524,33.7859845161438,0.93
-80.635507106781,33.7859845161438,0.93
-80.63546419143677,33.7859845161438,0.93
-80.63542127609253,33.7859845161438,0.93
-80.63580751419067,33.78594160079956,0.9
-80.63576459884644,33.78594160079956,0.91
-80.6357216835022,33.78594160079956,0.91
-80.63567876815796,33.78594160079956,0.92
-80.63563585281372,33.78594160079956,0.91
-80.63559293746948,33.78594160079956,0.92
-80.63555002212524,33.78594160079956,0.92
-80.635507106781,33.78594160079956,0.92
-80.63546419143677,33.78594160079956,0.93
-80.63542127609253,33.78594160079956,0.93
-80.63580751419067,33.78589868545532,0.9
-80.63576459884644,33.78589868545532,0.9
-80.6357216835022,33.78589868545532,0.9
-80.63567876815796,33.78589868545532,0.91
-80.63563585281372,33.78589868545532,0.91
-80.63559293746948,33.78589868545532,0.92
-80.63555002212524,33.78589868545532,0.92
-80.635507106781,33.78589868545532,0.92
-80.63546419143677,33.78589868545532,0.93
-80.63542127609253,33.78589868545532,0.93
-80.63580751419067,33.785855770111084,0.88
-80.63576459884644,33.785855770111084,0.88
-80.6357216835022,33.785855770111084,0.87
-80.63567876815796,33.785855770111084,0.88
-80.63563585281372,33.785855770111084,0.86
-80.63559293746948,33.785855770111084,0.87
-80.63555002212524,33.785855770111084,0.88
-80.635507106781,33.785855770111084,0.9
-80.63546419143677,33.785855770111084,0.91
-80.63542127609253,33.785855770111084,0.93
-80.63580751419067,33.785812854766846,0.87
-80.63576459884644,33.785812854766846,0.86
-80.6357216835022,33.785812854766846,0.85
-80.63567876815796,33.785812854766846,0.86
-80.63563585281372,33.785812854766846,0.83
-80.63559293746948,33.785812854766846,0.85
-80.63555002212524,33.785812854766846,0.87
-80.635507106781,33.785812854766846,0.88
-80.63546419143677,33.785812854766846,0.9
-80.63542127609253,33.785812854766846,0.93
-80.63580751419067,33.78576993942261,0.85
-80.63576459884644,33.78576993942261,0.84
-80.6357216835022,33.78576993942261,0.84
-80.63567876815796,33.78576993942261,0.85
-80.63563585281372,33.78576993942261,0.83
-80.63559293746948,33.78576993942261,0.84
-80.63555002212524,33.78576993942261,0.86
-80.635507106781,33.78576993942261,0.86
-80.63546419143677,33.78576993942261,0.88
-80.63542127609253,33.78576993942261,0.9
-80.63585042953491,33.78572702407837,0.83
-80.63580751419067,33.78572702407837,0.82
-80.63576459884644,33.78572702407837,0.82
-80.6357216835022,33.78572702407837,0.81
-80.63567876815796,33.78572702407837,0.83
-80.63563585281372,33.78572702407837,0.81
-80.63559293746948,33.78572702407837,0.82
-80.63555002212524,33.78572702407837,0.83
-80.635507106781,33.78572702407837,0.84
-80.63546419143677,33.78572702407837,0.85
-80.63542127609253,33.78572702407837,0.87
-80.63585042953491,33.78568410873413,0.85
-80.63580751419067,33.78568410873413,0.83
-80.63576459884644,33.78568410873413,0.79
-80.6357216835022,33.78568410873413,0.78
-80.63567876815796,33.78568410873413,0.78
-80.63563585281372,33.78568410873413,0.77
-80.63559293746948,33.78568410873413,0.79
-80.63555002212524,33.78568410873413,0.81
-80.635507106781,33.78568410873413,0.83
-80.63546419143677,33.78568410873413,0.86
-80.63589334487915,33.78564119338989,0.96
-80.63585042953491,33.78564119338989,0.93
-80.63580751419067,33.78564119338989,0.83
-80.63576459884644,33.78564119338989,0.78
-80.6357216835022,33.78564119338989,0.76
-80.63567876815796,33.78564119338989,0.77
-80.63563585281372,33.78564119338989,0.75
-80.63559293746948,33.78564119338989,0.77
-80.63555002212524,33.78564119338989,0.79
-80.635507106781,33.78564119338989,0.8
-80.63546419143677,33.78564119338989,0.83
-80.63589334487915,33.785598278045654,1.18
-80.63585042953491,33.785598278045654,1.04
-80.63580751419067,33.785598278045654,0.88
-80.63576459884644,33.785598278045654,0.81
-80.6357216835022,33.785598278045654,0.77
-80.63567876815796,33.785598278045654,0.77
-80.63563585281372,33.785598278045654,0.75
-80.63559293746948,33.785598278045654,0.76
-80.63555002212524,33.785598278045654,0.76
-80.635507106781,33.785598278045654,0.76
-80.63546419143677,33.785598278045654,0.76
-80.6307864189148,33.785598278045654,1.75
-80.63074350357056,33.785598278045654,1.6
-80.63070058822632,33.785598278045654,1.49
-80.63065767288208,33.785598278045654,1.4
-80.63061475753784,33.785598278045654,1.39
-80.6305718421936,33.785598278045654,1.42
-80.63052892684937,33.785598278045654,1.49
-80.63048601150513,33.785598278045654,1.56
-80.63044309616089,33.785598278045654,1.62
-80.63040018081665,33.785598278045654,1.7
-80.63035726547241,33.785598278045654,1.78
-80.63031435012817,33.785598278045654,1.86
-80.63593626022339,33.785555362701416,1.72
-80.63589334487915,33.785555362701416,1.42
-80.63585042953491,33.785555362701416,1.2
-80.63580751419067,33.785555362701416,0.98
-80.63576459884644,33.785555362701416,0.87
-80.6357216835022,33.785555362701416,0.78
-80.63567876815796,33.785555362701416,0.78
-80.63563585281372,33.785555362701416,0.84
-80.63559293746948,33.785555362701416,0.92
-80.63555002212524,33.785555362701416,1.05
-80.635507106781,33.785555362701416,1.29
-80.63095808029175,33.785555362701416,2.05
-80.63091516494751,33.785555362701416,2.03
-80.63087224960327,33.785555362701416,2.01
-80.63082933425903,33.785555362701416,1.93
-80.6307864189148,33.785555362701416,1.82
-80.63074350357056,33.785555362701416,1.68
-80.63070058822632,33.785555362701416,1.55
-80.63065767288208,33.785555362701416,1.44
-80.63061475753784,33.785555362701416,1.41
-80.6305718421936,33.785555362701416,1.43
-80.63052892684937,33.785555362701416,1.5
-80.63048601150513,33.785555362701416,1.6
-80.63044309616089,33.785555362701416,1.68
-80.63040018081665,33.785555362701416,1.76
-80.63035726547241,33.785555362701416,1.85
-80.63031435012817,33.785555362701416,1.93
-80.63027143478394,33.785555362701416,2.0
-80.6302285194397,33.785555362701416,2.1
-80.63018560409546,33.785555362701416,2.17
-80.63597917556763,33.78551244735718,2.38
-80.63593626022339,33.78551244735718,2.04
-80.63589334487915,33.78551244735718,1.67
-80.63585042953491,33.78551244735718,1.43
-80.63580751419067,33.78551244735718,1.17
-80.63576459884644,33.78551244735718,1.02
-80.6357216835022,33.78551244735718,0.88
-80.63567876815796,33.78551244735718,0.87
-80.63563585281372,33.78551244735718,1.07
-80.63559293746948,33.78551244735718,1.3
-80.63555002212524,33.78551244735718,1.65
-80.635507106781,33.78551244735718,2.24
-80.63104391098022,33.78551244735718,2.06
-80.63100099563599,33.78551244735718,2.06
-80.63095808029175,33.78551244735718,2.05
-80.63091516494751,33.78551244735718,2.04
-80.63087224960327,33.78551244735718,2.02
-80.63082933425903,33.78551244735718,1.96
-80.6307864189148,33.78551244735718,1.86
-80.63074350357056,33.78551244735718,1.74
-80.63070058822632,33.78551244735718,1.62
-80.63065767288208,33.78551244735718,1.5
-80.63061475753784,33.78551244735718,1.44
-80.6305718421936,33.78551244735718,1.44
-80.63052892684937,33.78551244735718,1.5
-80.63048601150513,33.78551244735718,1.59
-80.63044309616089,33.78551244735718,1.69
-80.63040018081665,33.78551244735718,1.79
-80.63035726547241,33.78551244735718,1.89
-80.63031435012817,33.78551244735718,1.98
-80.63027143478394,33.78551244735718,2.06
-80.6302285194397,33.78551244735718,2.14
-80.63018560409546,33.78551244735718,2.2
-80.63014268875122,33.78551244735718,2.26
-80.63009977340698,33.78551244735718,2.3
-80.63005685806274,33.78551244735718,2.34
-80.6300139427185,33.78551244735718,2.37
-80.63602209091187,33.78546953201294,3.0
-80.63597917556763,33.78546953201294,2.66
-80.63593626022339,33.78546953201294,2.32
-80.63589334487915,33.78546953201294,1.95
-80.63585042953491,33.78546953201294,1.7
-80.63580751419067,33.78546953201294,1.41
-80.63576459884644,33.78546953201294,1.22
-80.6357216835022,33.78546953201294,1.15
-80.63567876815796,33.78546953201294,1.26
-80.63563585281372,33.78546953201294,1.57
-80.63559293746948,33.78546953201294,1.9
-80.63555002212524,33.78546953201294,2.48
-80.635507106781,33.78546953201294,3.14
-80.63546419143677,33.78546953201294,3.9
-80.63542127609253,33.78546953201294,4.64
-80.63537836074829,33.78546953201294,5.75
-80.63533544540405,33.78546953201294,6.01
-80.63529253005981,33.78546953201294,6.2
-80.63524961471558,33.78546953201294,6.37
-80.63520669937134,33.78546953201294,6.46
-80.6351637840271,33.78546953201294,6.51
-80.63512086868286,33.78546953201294,6.53
-80.63507795333862,33.78546953201294,6.5
-80.63503503799438,33.78546953201294,6.48
-80.63117265701294,33.78546953201294,1.81
-80.6311297416687,33.78546953201294,1.89
-80.63108682632446,33.78546953201294,1.98
-80.63104391098022,33.78546953201294,2.04
-80.63100099563599,33.78546953201294,2.04
-80.63095808029175,33.78546953201294,2.06
-80.63091516494751,33.78546953201294,2.04
-80.63087224960327,33.78546953201294,2.03
-80.63082933425903,33.78546953201294,1.98
-80.6307864189148,33.78546953201294,1.91
-80.63074350357056,33.78546953201294,1.79
-80.63070058822632,33.78546953201294,1.65
-80.63065767288208,33.78546953201294,1.53
-80.63061475753784,33.78546953201294,1.46
-80.6305718421936,33.78546953201294,1.46
-80.63052892684937,33.78546953201294,1.53
-80.63048601150513,33.78546953201294,1.64
-80.63044309616089,33.78546953201294,1.76
-80.63040018081665,33.78546953201294,1.87
-80.63035726547241,33.78546953201294,1.97
-80.63031435012817,33.78546953201294,2.05
-80.63027143478394,33.78546953201294,2.11
-80.6302285194397,33.78546953201294,2.17
-80.63018560409546,33.78546953201294,2.22
-80.63014268875122,33.78546953201294,2.28
-80.63009977340698,33.78546953201294,2.32
-80.63005685806274,33.78546953201294,2.36
-80.6300139427185,33.78546953201294,2.39
-80.62997102737427,33.78546953201294,2.42
-80.62992811203003,33.78546953201294,2.45
-80.62988519668579,33.78546953201294,2.48
-80.63610792160034,33.7854266166687,3.65
-80.6360650062561,33.7854266166687,3.37
-80.63602209091187,33.7854266166687,3.19
-80.63597917556763,33.7854266166687,2.91
-80.63593626022339,33.7854266166687,2.61
-80.63589334487915,33.7854266166687,2.26
-80.63585042953491,33.7854266166687,2.02
-80.63580751419067,33.7854266166687,1.74
-80.63576459884644,33.7854266166687,1.61
-80.6357216835022,33.7854266166687,1.63
-80.63567876815796,33.7854266166687,1.84
-80.63563585281372,33.7854266166687,2.24
-80.63559293746948,33.7854266166687,2.67
-80.63555002212524,33.7854266166687,3.29
-80.635507106781,33.7854266166687,3.87
-80.63546419143677,33.7854266166687,4.46
-80.63542127609253,33.7854266166687,4.95
-80.63537836074829,33.7854266166687,5.59
-80.63533544540405,33.7854266166687,5.87
-80.63529253005981,33.7854266166687,6.11
-80.63524961471558,33.7854266166687,6.33
-80.63520669937134,33.7854266166687,6.48
-80.6351637840271,33.7854266166687,6.57
-80.63512086868286,33.7854266166687,6.6
-80.63507795333862,33.7854266166687,6.57
-80.63503503799438,33.7854266166687,6.53
-80.63499212265015,33.7854266166687,6.43
-80.63494920730591,33.7854266166687,6.3
-80.63490629196167,33.7854266166687,6.11
-80.63486337661743,33.7854266166687,5.87
-80.6348204612732,33.7854266166687,5.55
-80.63477754592896,33.7854266166687,5.14
-80.63473463058472,33.7854266166687,4.73
-80.63469171524048,33.7854266166687,4.36
-80.63464879989624,33.7854266166687,4.13
-80.634605884552,33.7854266166687,3.96
-80.63121557235718,33.7854266166687,1.69
-80.63117265701294,33.7854266166687,1.73
-80.6311297416687,33.7854266166687,1.84
-80.63108682632446,33.7854266166687,1.93
-80.63104391098022,33.7854266166687,2.0
-80.63100099563599,33.7854266166687,2.03
-80.63095808029175,33.7854266166687,2.05
-80.63091516494751,33.7854266166687,2.05
-80.63087224960327,33.7854266166687,2.04
-80.63082933425903,33.7854266166687,2.02
-80.6307864189148,33.7854266166687,1.97
-80.63074350357056,33.7854266166687,1.87
-80.63070058822632,33.7854266166687,1.74
-80.63065767288208,33.7854266166687,1.61
-80.63061475753784,33.7854266166687,1.52
-80.6305718421936,33.7854266166687,1.48
-80.63052892684937,33.7854266166687,1.54
-80.63048601150513,33.7854266166687,1.66
-80.63044309616089,33.7854266166687,1.79
-80.63040018081665,33.7854266166687,1.92
-80.63035726547241,33.7854266166687,2.03
-80.63031435012817,33.7854266166687,2.12
-80.63027143478394,33.7854266166687,2.18
-80.6302285194397,33.7854266166687,2.23
-80.63018560409546,33.7854266166687,2.27
-80.63014268875122,33.7854266166687,2.3
-80.63009977340698,33.7854266166687,2.34
-80.63005685806274,33.7854266166687,2.37
-80.6300139427185,33.7854266166687,2.4
-80.62997102737427,33.7854266166687,2.44
-80.62992811203003,33.7854266166687,2.47
-80.62988519668579,33.7854266166687,2.5
-80.62984228134155,33.7854266166687,2.53
-80.62979936599731,33.7854266166687,2.57
-80.62975645065308,33.7854266166687,2.6
-80.62971353530884,33.7854266166687,2.63
-80.63610792160034,33.78538370132446,3.68
-80.6360650062561,33.78538370132446,3.48
-80.63602209091187,33.78538370132446,3.36
-80.63597917556763,33.78538370132446,3.15
-80.63593626022339,33.78538370132446,2.91
-80.63589334487915,33.78538370132446,2.61
-80.63585042953491,33.78538370132446,2.41
-80.63580751419067,33.78538370132446,2.19
-80.63576459884644,33.78538370132446,2.08
-80.6357216835022,33.78538370132446,2.16
-80.63567876815796,33.78538370132446,2.42
-80.63563585281372,33.78538370132446,2.91
-80.63559293746948,33.78538370132446,3.4
-80.63555002212524,33.78538370132446,4.0
-80.635507106781,33.78538370132446,4.47
-80.63546419143677,33.78538370132446,4.89
-80.63542127609253,33.78538370132446,5.18
-80.63537836074829,33.78538370132446,5.55
-80.63533544540405,33.78538370132446,5.81
-80.63529253005981,33.78538370132446,6.07
-80.63524961471558,33.78538370132446,6.31
-80.63520669937134,33.78538370132446,6.46
-80.6351637840271,33.78538370132446,6.57
-80.63512086868286,33.78538370132446,6.62
-80.63507795333862,33.78538370132446,6.61
-80.63503503799438,33.78538370132446,6.57
-80.63499212265015,33.78538370132446,6.47
-80.63494920730591,33.78538370132446,6.34
-80.63490629196167,33.78538370132446,6.15
-80.63486337661743,33.78538370132446,5.91
-80.6348204612732,33.78538370132446,5.56
-80.63477754592896,33.78538370132446,5.14
-80.63473463058472,33.78538370132446,4.69
-80.63469171524048,33.78538370132446,4.28
-80.63464879989624,33.78538370132446,4.0
-80.634605884552,33.78538370132446,3.86
-80.63456296920776,33.78538370132446,3.87
-80.63452005386353,33.78538370132446,4.02
-80.63447713851929,33.78538370132446,4.21
-80.63443422317505,33.78538370132446,4.5
-80.63439130783081,33.78538370132446,4.81
-80.63434839248657,33.78538370132446,5.17
-80.63430547714233,33.78538370132446,5.48
-80.6342625617981,33.78538370132446,5.8
-80.63421964645386,33.78538370132446,6.0
-80.63417673110962,33.78538370132446,6.09
-80.63413381576538,33.78538370132446,6.1
-80.63409090042114,33.78538370132446,6.07
-80.6340479850769,33.78538370132446,6.03
-80.63400506973267,33.78538370132446,6.01
-80.63125848770142,33.78538370132446,1.65
-80.63121557235718,33.78538370132446,1.68
-80.63117265701294,33.78538370132446,1.69
-80.6311297416687,33.78538370132446,1.77
-80.63108682632446,33.78538370132446,1.87
-80.63104391098022,33.78538370132446,1.94
-80.63100099563599,33.78538370132446,2.0
-80.63095808029175,33.78538370132446,2.04
-80.63091516494751,33.78538370132446,2.05
-80.63087224960327,33.78538370132446,2.05
-80.63082933425903,33.78538370132446,2.03
-80.6307864189148,33.78538370132446,1.99
-80.63074350357056,33.78538370132446,1.9
-80.63070058822632,33.78538370132446,1.78
-80.63065767288208,33.78538370132446,1.66
-80.63061475753784,33.78538370132446,1.59
-80.6305718421936,33.78538370132446,1.57
-80.63052892684937,33.78538370132446,1.64
-80.63048601150513,33.78538370132446,1.75
-80.63044309616089,33.78538370132446,1.88
-80.63040018081665,33.78538370132446,1.99
-80.63035726547241,33.78538370132446,2.08
-80.63031435012817,33.78538370132446,2.15
-80.63027143478394,33.78538370132446,2.2
-80.6302285194397,33.78538370132446,2.25
-80.63018560409546,33.78538370132446,2.29
-80.63014268875122,33.78538370132446,2.33
-80.63009977340698,33.78538370132446,2.37
-80.63005685806274,33.78538370132446,2.4
-80.6300139427185,33.78538370132446,2.43
-80.62997102737427,33.78538370132446,2.46
-80.62992811203003,33.78538370132446,2.49
-80.62988519668579,33.78538370132446,2.52
-80.62984228134155,33.78538370132446,2.55
-80.62979936599731,33.78538370132446,2.59
-80.62975645065308,33.78538370132446,2.62
-80.62971353530884,33.78538370132446,2.65
-80.6296706199646,33.78538370132446,2.69
-80.62962770462036,33.78538370132446,2.72
-80.63610792160034,33.785340785980225,3.71
-80.6360650062561,33.785340785980225,3.58
-80.63602209091187,33.785340785980225,3.5
-80.63597917556763,33.785340785980225,3.36
-80.63593626022339,33.785340785980225,3.15
-80.63589334487915,33.785340785980225,2.94
-80.63585042953491,33.785340785980225,2.82
-80.63580751419067,33.785340785980225,2.65
-80.63576459884644,33.785340785980225,2.59
-80.6357216835022,33.785340785980225,2.75
-80.63567876815796,33.785340785980225,3.06
-80.63563585281372,33.785340785980225,3.55
-80.63559293746948,33.785340785980225,4.05
-80.63555002212524,33.785340785980225,4.54
-80.635507106781,33.785340785980225,4.86
-80.63546419143677,33.785340785980225,5.12
-80.63542127609253,33.785340785980225,5.28
-80.63537836074829,33.785340785980225,5.51
-80.63533544540405,33.785340785980225,5.79
-80.63529253005981,33.785340785980225,6.07
-80.63524961471558,33.785340785980225,6.35
-80.63520669937134,33.785340785980225,6.52
-80.6351637840271,33.785340785980225,6.64
-80.63512086868286,33.785340785980225,6.69
-80.63507795333862,33.785340785980225,6.67
-80.63503503799438,33.785340785980225,6.61
-80.63499212265015,33.785340785980225,6.48
-80.63494920730591,33.785340785980225,6.35
-80.63490629196167,33.785340785980225,6.16
-80.63486337661743,33.785340785980225,5.92
-80.6348204612732,33.785340785980225,5.59
-80.63477754592896,33.785340785980225,5.21
-80.63473463058472,33.785340785980225,4.77
-80.63469171524048,33.785340785980225,4.36
-80.63464879989624,33.785340785980225,4.04
-80.634605884552,33.785340785980225,3.86
-80.63456296920776,33.785340785980225,3.84
-80.63452005386353,33.785340785980225,3.96
-80.63447713851929,33.785340785980225,4.14
-80.63443422317505,33.785340785980225,4.43
-80.63439130783081,33.785340785980225,4.73
-80.63434839248657,33.785340785980225,5.09
-80.63430547714233,33.785340785980225,5.45
-80.6342625617981,33.785340785980225,5.82
-80.63421964645386,33.785340785980225,6.07
-80.63417673110962,33.785340785980225,6.24
-80.63413381576538,33.785340785980225,6.28
-80.63409090042114,33.785340785980225,6.21
-80.6340479850769,33.785340785980225,6.11
-80.63400506973267,33.785340785980225,6.02
-80.63396215438843,33.785340785980225,5.94
-80.63391923904419,33.785340785980225,5.89
-80.63387632369995,33.785340785980225,5.84
-80.63383340835571,33.785340785980225,5.8
-80.63379049301147,33.785340785980225,5.76
-80.63374757766724,33.785340785980225,5.66
-80.633704662323,33.785340785980225,5.54
-80.63366174697876,33.785340785980225,5.38
-80.63361883163452,33.785340785980225,5.11
-80.63130140304565,33.785340785980225,1.79
-80.63125848770142,33.785340785980225,1.72
-80.63121557235718,33.785340785980225,1.68
-80.63117265701294,33.785340785980225,1.64
-80.6311297416687,33.785340785980225,1.72
-80.63108682632446,33.785340785980225,1.8
-80.63104391098022,33.785340785980225,1.88
-80.63100099563599,33.785340785980225,1.95
-80.63095808029175,33.785340785980225,2.01
-80.63091516494751,33.785340785980225,2.03
-80.63087224960327,33.785340785980225,2.05
-80.63082933425903,33.785340785980225,2.04
-80.6307864189148,33.785340785980225,2.01
-80.63074350357056,33.785340785980225,1.94
-80.63070058822632,33.785340785980225,1.84
-80.63065767288208,33.785340785980225,1.74
-80.63061475753784,33.785340785980225,1.67
-80.6305718421936,33.785340785980225,1.65
-80.63052892684937,33.785340785980225,1.71
-80.63048601150513,33.785340785980225,1.82
-80.63044309616089,33.785340785980225,1.94
-80.63040018081665,33.785340785980225,2.04
-80.63035726547241,33.785340785980225,2.12
-80.63031435012817,33.785340785980225,2.19
-80.63027143478394,33.785340785980225,2.24
-80.6302285194397,33.785340785980225,2.28
-80.63018560409546,33.785340785980225,2.31
-80.63014268875122,33.785340785980225,2.35
-80.63009977340698,33.785340785980225,2.38
-80.63005685806274,33.785340785980225,2.42
-80.6300139427185,33.785340785980225,2.45
-80.62997102737427,33.785340785980225,2.48
-80.62992811203003,33.785340785980225,2.52
-80.62988519668579,33.785340785980225,2.54
-80.62984228134155,33.785340785980225,2.58
-80.62979936599731,33.785340785980225,2.61
-80.62975645065308,33.785340785980225,2.64
-80.62971353530884,33.785340785980225,2.67
-80.6296706199646,33.785340785980225,2.7
-80.62962770462036,33.785340785980225,2.74
-80.62958478927612,33.785340785980225,2.77
-80.62954187393188,33.785340785980225,2.8
-80.62949895858765,33.785340785980225,2.83
-80.63610792160034,33.785297870635986,3.74
-80.6360650062561,33.785297870635986,3.65
-80.63602209091187,33.785297870635986,3.6
-80.63597917556763,33.785297870635986,3.5
-80.63593626022339,33.785297870635986,3.35
-80.63589334487915,33.785297870635986,3.2
-80.63585042953491,33.785297870635986,3.11
-80.63580751419067,33.785297870635986,3.0
-80.63576459884644,33.785297870635986,3.0
-80.6357216835022,33.785297870635986,3.25
-80.63567876815796,33.785297870635986,3.62
-80.63563585281372,33.785297870635986,4.05
-80.63559293746948,33.785297870635986,4.49
-80.63555002212524,33.785297870635986,4.92
-80.635507106781,33.785297870635986,5.1
-80.63546419143677,33.785297870635986,5.25
-80.63542127609253,33.785297870635986,5.44
-80.63537836074829,33.785297870635986,5.64
-80.63533544540405,33.785297870635986,5.89
-80.63529253005981,33.785297870635986,6.15
-80.63524961471558,33.785297870635986,6.39
-80.63520669937134,33.785297870635986,6.55
-80.6351637840271,33.785297870635986,6.67
-80.63512086868286,33.785297870635986,6.73
-80.63507795333862,33.785297870635986,6.72
-80.63503503799438,33.785297870635986,6.66
-80.63499212265015,33.785297870635986,6.52
-80.63494920730591,33.785297870635986,6.37
-80.63490629196167,33.785297870635986,6.17
-80.63486337661743,33.785297870635986,5.91
-80.6348204612732,33.785297870635986,5.55
-80.63477754592896,33.785297870635986,5.14
-80.63473463058472,33.785297870635986,4.69
-80.63469171524048,33.785297870635986,4.29
-80.63464879989624,33.785297870635986,3.97
-80.634605884552,33.785297870635986,3.83
-80.63456296920776,33.785297870635986,3.87
-80.63452005386353,33.785297870635986,4.07
-80.63447713851929,33.785297870635986,4.31
-80.63443422317505,33.785297870635986,4.61
-80.63439130783081,33.785297870635986,4.92
-80.63434839248657,33.785297870635986,5.26
-80.63430547714233,33.785297870635986,5.55
-80.6342625617981,33.785297870635986,5.86
-80.63421964645386,33.785297870635986,6.11
-80.63417673110962,33.785297870635986,6.28
-80.63413381576538,33.785297870635986,6.34
-80.63409090042114,33.785297870635986,6.31
-80.6340479850769,33.785297870635986,6.21
-80.63400506973267,33.785297870635986,6.1
-80.63396215438843,33.785297870635986,5.98
-80.63391923904419,33.785297870635986,5.89
-80.63387632369995,33.785297870635986,5.84
-80.63383340835571,33.785297870635986,5.81
-80.63379049301147,33.785297870635986,5.77
-80.63374757766724,33.785297870635986,5.69
-80.633704662323,33.785297870635986,5.56
-80.63366174697876,33.785297870635986,5.4
-80.63361883163452,33.785297870635986,5.14
-80.63357591629028,33.785297870635986,4.84
-80.63353300094604,33.785297870635986,4.39
-80.6334900856018,33.785297870635986,3.86
-80.63344717025757,33.785297870635986,3.31
-80.63340425491333,33.785297870635986,2.75
-80.63336133956909,33.785297870635986,2.23
-80.63331842422485,33.785297870635986,1.88
-80.63327550888062,33.785297870635986,1.63
-80.63323259353638,33.785297870635986,1.47
-80.63318967819214,33.785297870635986,1.5
-80.6331467628479,33.785297870635986,1.55
-80.63310384750366,33.785297870635986,1.62
-80.63306093215942,33.785297870635986,1.67
-80.63301801681519,33.785297870635986,1.64
-80.63297510147095,33.785297870635986,1.61
-80.63293218612671,33.785297870635986,1.51
-80.63288927078247,33.785297870635986,1.52
-80.63284635543823,33.785297870635986,1.63
-80.632803440094,33.785297870635986,1.89
-80.63276052474976,33.785297870635986,2.22
-80.63271760940552,33.785297870635986,2.61
-80.63267469406128,33.785297870635986,2.88
-80.63263177871704,33.785297870635986,3.19
-80.6325888633728,33.785297870635986,3.43
-80.63254594802856,33.785297870635986,3.63
-80.63250303268433,33.785297870635986,3.86
-80.63246011734009,33.785297870635986,4.11
-80.63134431838989,33.785297870635986,2.01
-80.63130140304565,33.785297870635986,1.92
-80.63125848770142,33.785297870635986,1.82
-80.63121557235718,33.785297870635986,1.73
-80.63117265701294,33.785297870635986,1.64
-80.6311297416687,33.785297870635986,1.68
-80.63108682632446,33.785297870635986,1.71
-80.63104391098022,33.785297870635986,1.79
-80.63100099563599,33.785297870635986,1.88
-80.63095808029175,33.785297870635986,1.96
-80.63091516494751,33.785297870635986,2.01
-80.63087224960327,33.785297870635986,2.05
-80.63082933425903,33.785297870635986,2.05
-80.6307864189148,33.785297870635986,2.02
-80.63074350357056,33.785297870635986,1.95
-80.63070058822632,33.785297870635986,1.86
-80.63065767288208,33.785297870635986,1.77
-80.63061475753784,33.785297870635986,1.71
-80.6305718421936,33.785297870635986,1.7
-80.63052892684937,33.785297870635986,1.78
-80.63048601150513,33.785297870635986,1.89
-80.63044309616089,33.785297870635986,2.0
-80.63040018081665,33.785297870635986,2.09
-80.63035726547241,33.785297870635986,2.16
-80.63031435012817,33.785297870635986,2.22
-80.63027143478394,33.785297870635986,2.26
-80.6302285194397,33.785297870635986,2.3
-80.63018560409546,33.785297870635986,2.34
-80.63014268875122,33.785297870635986,2.37
-80.63009977340698,33.785297870635986,2.41
-80.63005685806274,33.785297870635986,2.43
-80.6300139427185,33.785297870635986,2.46
-80.62997102737427,33.785297870635986,2.5
-80.62992811203003,33.785297870635986,2.53
-80.62988519668579,33.785297870635986,2.56
-80.62984228134155,33.785297870635986,2.61
-80.62979936599731,33.785297870635986,2.64
-80.62975645065308,33.785297870635986,2.67
-80.62971353530884,33.785297870635986,2.7
-80.6296706199646,33.785297870635986,2.73
-80.62962770462036,33.785297870635986,2.76
-80.62958478927612,33.785297870635986,2.79
-80.62954187393188,33.785297870635986,2.82
-80.62949895858765,33.785297870635986,2.85
-80.62945604324341,33.785297870635986,2.87
-80.62941312789917,33.785297870635986,2.89
-80.62937021255493,33.785297870635986,2.91
-80.63610792160034,33.78525495529175,3.71
-80.6360650062561,33.78525495529175,3.63
-80.63602209091187,33.78525495529175,3.58
-80.63597917556763,33.78525495529175,3.5
-80.63593626022339,33.78525495529175,3.4
-80.63589334487915,33.78525495529175,3.32
-80.63585042953491,33.78525495529175,3.3
-80.63580751419067,33.78525495529175,3.32
-80.63576459884644,33.78525495529175,3.46
-80.6357216835022,33.78525495529175,3.73
-80.63567876815796,33.78525495529175,4.05
-80.63563585281372,33.78525495529175,4.41
-80.63559293746948,33.78525495529175,4.75
-80.63555002212524,33.78525495529175,5.04
-80.635507106781,33.78525495529175,5.19
-80.63546419143677,33.78525495529175,5.36
-80.63542127609253,33.78525495529175,5.56
-80.63537836074829,33.78525495529175,5.77
-80.63533544540405,33.78525495529175,6.01
-80.63529253005981,33.78525495529175,6.29
-80.63524961471558,33.78525495529175,6.54
-80.63520669937134,33.78525495529175,6.7
-80.6351637840271,33.78525495529175,6.82
-80.63512086868286,33.78525495529175,6.89
-80.63507795333862,33.78525495529175,6.87
-80.63503503799438,33.78525495529175,6.81
-80.63499212265015,33.78525495529175,6.7
-80.63494920730591,33.78525495529175,6.61
-80.63490629196167,33.78525495529175,6.48
-80.63486337661743,33.78525495529175,6.3
-80.6348204612732,33.78525495529175,6.01
-80.63477754592896,33.78525495529175,5.63
-80.63473463058472,33.78525495529175,5.16
-80.63469171524048,33.78525495529175,4.68
-80.63464879989624,33.78525495529175,4.27
-80.634605884552,33.78525495529175,4.05
-80.63456296920776,33.78525495529175,4.04
-80.63452005386353,33.78525495529175,4.18
-80.63447713851929,33.78525495529175,4.42
-80.63443422317505,33.78525495529175,4.77
-80.63439130783081,33.78525495529175,5.07
-80.63434839248657,33.78525495529175,5.41
-80.63430547714233,33.78525495529175,5.73
-80.6342625617981,33.78525495529175,6.06
-80.63421964645386,33.78525495529175,6.3
-80.63417673110962,33.78525495529175,6.5
-80.63413381576538,33.78525495529175,6.58
-80.63409090042114,33.78525495529175,6.52
-80.6340479850769,33.78525495529175,6.39
-80.63400506973267,33.78525495529175,6.22
-80.63396215438843,33.78525495529175,6.06
-80.63391923904419,33.78525495529175,5.94
-80.63387632369995,33.78525495529175,5.88
-80.63383340835571,33.78525495529175,5.85
-80.63379049301147,33.78525495529175,5.82
-80.63374757766724,33.78525495529175,5.77
-80.633704662323,33.78525495529175,5.64
-80.63366174697876,33.78525495529175,5.49
-80.63361883163452,33.78525495529175,5.23
-80.63357591629028,33.78525495529175,4.93
-80.63353300094604,33.78525495529175,4.52
-80.6334900856018,33.78525495529175,4.05
-80.63344717025757,33.78525495529175,3.52
-80.63340425491333,33.78525495529175,2.98
-80.63336133956909,33.78525495529175,2.45
-80.63331842422485,33.78525495529175,2.04
-80.63327550888062,33.78525495529175,1.73
-80.63323259353638,33.78525495529175,1.53
-80.63318967819214,33.78525495529175,1.52
-80.6331467628479,33.78525495529175,1.55
-80.63310384750366,33.78525495529175,1.62
-80.63306093215942,33.78525495529175,1.68
-80.63301801681519,33.78525495529175,1.7
-80.63297510147095,33.78525495529175,1.69
-80.63293218612671,33.78525495529175,1.59
-80.63288927078247,33.78525495529175,1.57
-80.63284635543823,33.78525495529175,1.62
-80.632803440094,33.78525495529175,1.78
-80.63276052474976,33.78525495529175,2.03
-80.63271760940552,33.78525495529175,2.43
-80.63267469406128,33.78525495529175,2.79
-80.63263177871704,33.78525495529175,3.19
-80.6325888633728,33.78525495529175,3.53
-80.63254594802856,33.78525495529175,3.82
-80.63250303268433,33.78525495529175,4.06
-80.63246011734009,33.78525495529175,4.27
-80.63241720199585,33.78525495529175,4.37
-80.63237428665161,33.78525495529175,4.47
-80.63233137130737,33.78525495529175,4.49
-80.63228845596313,33.78525495529175,4.43
-80.6322455406189,33.78525495529175,4.34
-80.63220262527466,33.78525495529175,4.24
-80.63215970993042,33.78525495529175,4.17
-80.63211679458618,33.78525495529175,4.16
-80.63207387924194,33.78525495529175,4.2
-80.6320309638977,33.78525495529175,4.27
-80.63198804855347,33.78525495529175,4.34
-80.63181638717651,33.78525495529175,4.47
-80.63177347183228,33.78525495529175,4.41
-80.63173055648804,33.78525495529175,4.33
-80.6316876411438,33.78525495529175,4.21
-80.63164472579956,33.78525495529175,3.95
-80.63160181045532,33.78525495529175,3.74
-80.63155889511108,33.78525495529175,3.37
-80.63151597976685,33.78525495529175,2.97
-80.63143014907837,33.78525495529175,2.39
-80.63138723373413,33.78525495529175,2.18
-80.63134431838989,33.78525495529175,2.08
-80.63130140304565,33.78525495529175,2.03
-80.63125848770142,33.78525495529175,1.91
-80.63121557235718,33.78525495529175,1.81
-80.63117265701294,33.78525495529175,1.7
-80.6311297416687,33.78525495529175,1.69
-80.63108682632446,33.78525495529175,1.66
-80.63104391098022,33.78525495529175,1.73
-80.63100099563599,33.78525495529175,1.8
-80.63095808029175,33.78525495529175,1.89
-80.63091516494751,33.78525495529175,1.98
-80.63087224960327,33.78525495529175,2.09
-80.63082933425903,33.78525495529175,2.16
-80.6307864189148,33.78525495529175,2.18
-80.63074350357056,33.78525495529175,2.17
-80.63070058822632,33.78525495529175,2.12
-80.63065767288208,33.78525495529175,2.02
-80.63061475753784,33.78525495529175,1.92
-80.63052892684937,33.78525495529175,1.92
-80.63048601150513,33.78525495529175,1.97
-80.63044309616089,33.78525495529175,2.06
-80.63040018081665,33.78525495529175,2.13
-80.63035726547241,33.78525495529175,2.19
-80.63031435012817,33.78525495529175,2.24
-80.63027143478394,33.78525495529175,2.28
-80.6302285194397,33.78525495529175,2.32
-80.63018560409546,33.78525495529175,2.36
-80.63014268875122,33.78525495529175,2.39
-80.63009977340698,33.78525495529175,2.43
-80.63005685806274,33.78525495529175,2.46
-80.6300139427185,33.78525495529175,2.49
-80.62997102737427,33.78525495529175,2.52
-80.62992811203003,33.78525495529175,2.56
-80.62988519668579,33.78525495529175,2.59
-80.62984228134155,33.78525495529175,2.63
-80.62979936599731,33.78525495529175,2.66
-80.62975645065308,33.78525495529175,2.69
-80.62971353530884,33.78525495529175,2.72
-80.6296706199646,33.78525495529175,2.75
-80.62962770462036,33.78525495529175,2.78
-80.62958478927612,33.78525495529175,2.81
-80.62954187393188,33.78525495529175,2.84
-80.62949895858765,33.78525495529175,2.86
-80.62945604324341,33.78525495529175,2.89
-80.62941312789917,33.78525495529175,2.91
-80.62937021255493,33.78525495529175,2.93
-80.6293272972107,33.78525495529175,2.95
-80.62928438186646,33.78525495529175,2.97
-80.63610792160034,33.78521203994751,3.67
-80.6360650062561,33.78521203994751,3.6
-80.63602209091187,33.78521203994751,3.57
-80.63597917556763,33.78521203994751,3.54
-80.63593626022339,33.78521203994751,3.48
-80.63589334487915,33.78521203994751,3.45
-80.63585042953491,33.78521203994751,3.48
-80.63580751419067,33.78521203994751,3.57
-80.63576459884644,33.78521203994751,3.71
-80.6357216835022,33.78521203994751,3.95
-80.63567876815796,33.78521203994751,4.24
-80.63563585281372,33.78521203994751,4.57
-80.63559293746948,33.78521203994751,4.85
-80.63555002212524,33.78521203994751,5.1
-80.635507106781,33.78521203994751,5.26
-80.63546419143677,33.78521203994751,5.44
-80.63542127609253,33.78521203994751,5.72
-80.63537836074829,33.78521203994751,5.98
-80.63533544540405,33.78521203994751,6.24
-80.63529253005981,33.78521203994751,6.51
-80.63524961471558,33.78521203994751,6.73
-80.63520669937134,33.78521203994751,6.81
-80.6351637840271,33.78521203994751,6.88
-80.63512086868286,33.78521203994751,6.93
-80.63507795333862,33.78521203994751,6.91
-80.63503503799438,33.78521203994751,6.87
-80.63499212265015,33.78521203994751,6.79
-80.63494920730591,33.78521203994751,6.73
-80.63490629196167,33.78521203994751,6.63
-80.63486337661743,33.78521203994751,6.52
-80.6348204612732,33.78521203994751,6.29
-80.63477754592896,33.78521203994751,5.97
-80.63473463058472,33.78521203994751,5.61
-80.63469171524048,33.78521203994751,5.21
-80.63464879989624,33.78521203994751,4.87
-80.634605884552,33.78521203994751,4.7
-80.63456296920776,33.78521203994751,4.73
-80.63452005386353,33.78521203994751,4.86
-80.63447713851929,33.78521203994751,5.08
-80.63443422317505,33.78521203994751,5.39
-80.63439130783081,33.78521203994751,5.62
-80.63434839248657,33.78521203994751,5.8
-80.63430547714233,33.78521203994751,6.02
-80.6342625617981,33.78521203994751,6.26
-80.63421964645386,33.78521203994751,6.45
-80.63417673110962,33.78521203994751,6.65
-80.63413381576538,33.78521203994751,6.81
-80.63409090042114,33.78521203994751,6.82
-80.6340479850769,33.78521203994751,6.73
-80.63400506973267,33.78521203994751,6.56
-80.63396215438843,33.78521203994751,6.37
-80.63391923904419,33.78521203994751,6.21
-80.63387632369995,33.78521203994751,6.09
-80.63383340835571,33.78521203994751,6.01
-80.63379049301147,33.78521203994751,5.94
-80.63374757766724,33.78521203994751,5.84
-80.633704662323,33.78521203994751,5.66
-80.63366174697876,33.78521203994751,5.5
-80.63361883163452,33.78521203994751,5.23
-80.63357591629028,33.78521203994751,4.96
-80.63353300094604,33.78521203994751,4.6
-80.6334900856018,33.78521203994751,4.22
-80.63344717025757,33.78521203994751,3.72
-80.63340425491333,33.78521203994751,3.2
-80.63336133956909,33.78521203994751,2.68
-80.63331842422485,33.78521203994751,2.23
-80.63327550888062,33.78521203994751,1.87
-80.63323259353638,33.78521203994751,1.64
-80.63318967819214,33.78521203994751,1.58
-80.6331467628479,33.78521203994751,1.57
-80.63310384750366,33.78521203994751,1.61
-80.63306093215942,33.78521203994751,1.66
-80.63301801681519,33.78521203994751,1.7
-80.63297510147095,33.78521203994751,1.7
-80.63293218612671,33.78521203994751,1.64
-80.63288927078247,33.78521203994751,1.66
-80.63284635543823,33.78521203994751,1.75
-80.632803440094,33.78521203994751,1.94
-80.63276052474976,33.78521203994751,2.21
-80.63271760940552,33.78521203994751,2.62
-80.63267469406128,33.78521203994751,2.97
-80.63263177871704,33.78521203994751,3.32
-80.6325888633728,33.78521203994751,3.63
-80.63254594802856,33.78521203994751,3.91
-80.63250303268433,33.78521203994751,4.13
-80.63246011734009,33.78521203994751,4.31
-80.63241720199585,33.78521203994751,4.42
-80.63237428665161,33.78521203994751,4.48
-80.63233137130737,33.78521203994751,4.48
-80.63228845596313,33.78521203994751,4.42
-80.6322455406189,33.78521203994751,4.35
-80.63220262527466,33.78521203994751,4.26
-80.63215970993042,33.78521203994751,4.21
-80.63211679458618,33.78521203994751,4.2
-80.63207387924194,33.78521203994751,4.23
-80.6320309638977,33.78521203994751,4.29
-80.63198804855347,33.78521203994751,4.37
-80.63194513320923,33.78521203994751,4.44
-80.63190221786499,33.78521203994751,4.5
-80.63185930252075,33.78521203994751,4.53
-80.63181638717651,33.78521203994751,4.51
-80.63177347183228,33.78521203994751,4.45
-80.63173055648804,33.78521203994751,4.38
-80.6316876411438,33.78521203994751,4.25
-80.63164472579956,33.78521203994751,4.03
-80.63160181045532,33.78521203994751,3.83
-80.63155889511108,33.78521203994751,3.47
-80.63151597976685,33.78521203994751,3.12
-80.63147306442261,33.78521203994751,2.73
-80.63143014907837,33.78521203994751,2.48
-80.63138723373413,33.78521203994751,2.24
-80.63134431838989,33.78521203994751,2.16
-80.63130140304565,33.78521203994751,2.1
-80.63125848770142,33.78521203994751,2.02
-80.63121557235718,33.78521203994751,1.93
-80.63117265701294,33.78521203994751,1.81
-80.6311297416687,33.78521203994751,1.78
-80.63108682632446,33.78521203994751,1.77
-80.63104391098022,33.78521203994751,1.83
-80.63100099563599,33.78521203994751,1.9
-80.63095808029175,33.78521203994751,2.03
-80.63091516494751,33.78521203994751,2.16
-80.63087224960327,33.78521203994751,2.25
-80.63082933425903,33.78521203994751,2.32
-80.6307864189148,33.78521203994751,2.36
-80.63074350357056,33.78521203994751,2.35
-80.63070058822632,33.78521203994751,2.31
-80.63040018081665,33.78521203994751,2.25
-80.63035726547241,33.78521203994751,2.26
-80.63031435012817,33.78521203994751,2.28
-80.63027143478394,33.78521203994751,2.3
-80.6302285194397,33.78521203994751,2.34
-80.63018560409546,33.78521203994751,2.38
-80.63014268875122,33.78521203994751,2.41
-80.63009977340698,33.78521203994751,2.45
-80.63005685806274,33.78521203994751,2.48
-80.6300139427185,33.78521203994751,2.51
-80.62997102737427,33.78521203994751,2.54
-80.62992811203003,33.78521203994751,2.58
-80.62988519668579,33.78521203994751,2.62
-80.62984228134155,33.78521203994751,2.65
-80.62979936599731,33.78521203994751,2.68
-80.62975645065308,33.78521203994751,2.71
-80.62971353530884,33.78521203994751,2.74
-80.6296706199646,33.78521203994751,2.77
-80.62962770462036,33.78521203994751,2.81
-80.62958478927612,33.78521203994751,2.84
-80.62954187393188,33.78521203994751,2.87
-80.62949895858765,33.78521203994751,2.89
-80.62945604324341,33.78521203994751,2.9
-80.62941312789917,33.78521203994751,2.92
-80.62937021255493,33.78521203994751,2.94
-80.6293272972107,33.78521203994751,2.96
-80.62928438186646,33.78521203994751,2.98
-80.62924146652222,33.78521203994751,3.0
-80.62919855117798,33.78521203994751,3.03
-80.62915563583374,33.78521203994751,3.06
-80.63610792160034,33.78516912460327,3.64
-80.6360650062561,33.78516912460327,3.58
-80.63602209091187,33.78516912460327,3.54
-80.63597917556763,33.78516912460327,3.53
-80.63593626022339,33.78516912460327,3.48
-80.63589334487915,33.78516912460327,3.46
-80.63585042953491,33.78516912460327,3.55
-80.63580751419067,33.78516912460327,3.75
-80.63576459884644,33.78516912460327,3.99
-80.6357216835022,33.78516912460327,4.29
-80.63567876815796,33.78516912460327,4.6
-80.63563585281372,33.78516912460327,4.89
-80.63559293746948,33.78516912460327,5.12
-80.63555002212524,33.78516912460327,5.31
-80.635507106781,33.78516912460327,5.45
-80.63546419143677,33.78516912460327,5.62
-80.63542127609253,33.78516912460327,5.85
-80.63537836074829,33.78516912460327,6.05
-80.63533544540405,33.78516912460327,6.3
-80.63529253005981,33.78516912460327,6.56
-80.63524961471558,33.78516912460327,6.78
-80.63520669937134,33.78516912460327,6.88
-80.6351637840271,33.78516912460327,6.99
-80.63512086868286,33.78516912460327,7.05
-80.63507795333862,33.78516912460327,7.04
-80.63503503799438,33.78516912460327,7.02
-80.63499212265015,33.78516912460327,6.95
-80.63494920730591,33.78516912460327,6.89
-80.63490629196167,33.78516912460327,6.81
-80.63486337661743,33.78516912460327,6.73
-80.6348204612732,33.78516912460327,6.56
-80.63477754592896,33.78516912460327,6.32
-80.63473463058472,33.78516912460327,6.05
-80.63469171524048,33.78516912460327,5.75
-80.63464879989624,33.78516912460327,5.49
-80.634605884552,33.78516912460327,5.36
-80.63456296920776,33.78516912460327,5.4
-80.63452005386353,33.78516912460327,5.53
-80.63447713851929,33.78516912460327,5.73
-80.63443422317505,33.78516912460327,6.01
-80.63439130783081,33.78516912460327,6.24
-80.63434839248657,33.78516912460327,6.41
-80.63430547714233,33.78516912460327,6.57
-80.6342625617981,33.78516912460327,6.76
-80.63421964645386,33.78516912460327,6.89
-80.63417673110962,33.78516912460327,7.01
-80.63413381576538,33.78516912460327,7.12
-80.63409090042114,33.78516912460327,7.08
-80.6340479850769,33.78516912460327,6.96
-80.63400506973267,33.78516912460327,6.77
-80.63396215438843,33.78516912460327,6.58
-80.63391923904419,33.78516912460327,6.4
-80.63387632369995,33.78516912460327,6.32
-80.63383340835571,33.78516912460327,6.27
-80.63379049301147,33.78516912460327,6.22
-80.63374757766724,33.78516912460327,6.14
-80.633704662323,33.78516912460327,5.96
-80.63366174697876,33.78516912460327,5.75
-80.63361883163452,33.78516912460327,5.46
-80.63357591629028,33.78516912460327,5.15
-80.63353300094604,33.78516912460327,4.79
-80.6334900856018,33.78516912460327,4.39
-80.63344717025757,33.78516912460327,3.8
-80.63340425491333,33.78516912460327,3.21
-80.63336133956909,33.78516912460327,2.63
-80.63331842422485,33.78516912460327,2.14
-80.63327550888062,33.78516912460327,1.79
-80.63323259353638,33.78516912460327,1.63
-80.63318967819214,33.78516912460327,1.58
-80.6331467628479,33.78516912460327,1.58
-80.63310384750366,33.78516912460327,1.64
-80.63306093215942,33.78516912460327,1.7
-80.63301801681519,33.78516912460327,1.76
-80.63297510147095,33.78516912460327,1.77
-80.63293218612671,33.78516912460327,1.7
-80.63288927078247,33.78516912460327,1.69
-80.63284635543823,33.78516912460327,1.72
-80.632803440094,33.78516912460327,1.85
-80.63276052474976,33.78516912460327,2.11
-80.63271760940552,33.78516912460327,2.53
-80.63267469406128,33.78516912460327,2.95
-80.63263177871704,33.78516912460327,3.39
-80.6325888633728,33.78516912460327,3.78
-80.63254594802856,33.78516912460327,4.08
-80.63250303268433,33.78516912460327,4.31
-80.63246011734009,33.78516912460327,4.46
-80.63241720199585,33.78516912460327,4.52
-80.63237428665161,33.78516912460327,4.53
-80.63233137130737,33.78516912460327,4.5
-80.63228845596313,33.78516912460327,4.44
-80.6322455406189,33.78516912460327,4.37
-80.63220262527466,33.78516912460327,4.29
-80.63215970993042,33.78516912460327,4.22
-80.63211679458618,33.78516912460327,4.19
-80.63207387924194,33.78516912460327,4.19
-80.6320309638977,33.78516912460327,4.23
-80.63198804855347,33.78516912460327,4.29
-80.63194513320923,33.78516912460327,4.36
-80.63190221786499,33.78516912460327,4.43
-80.63185930252075,33.78516912460327,4.47
-80.63181638717651,33.78516912460327,4.46
-80.63177347183228,33.78516912460327,4.42
-80.63173055648804,33.78516912460327,4.36
-80.6316876411438,33.78516912460327,4.26
-80.63164472579956,33.78516912460327,4.07
-80.63160181045532,33.78516912460327,3.91
-80.63155889511108,33.78516912460327,3.61
-80.63151597976685,33.78516912460327,3.31
-80.63147306442261,33.78516912460327,2.91
-80.63143014907837,33.78516912460327,2.62
-80.63138723373413,33.78516912460327,2.35
-80.63134431838989,33.78516912460327,2.23
-80.63130140304565,33.78516912460327,2.15
-80.63125848770142,33.78516912460327,2.09
-80.63121557235718,33.78516912460327,2.03
-80.63117265701294,33.78516912460327,1.94
-80.6311297416687,33.78516912460327,1.95
-80.63108682632446,33.78516912460327,1.97
-80.63104391098022,33.78516912460327,2.07
-80.63100099563599,33.78516912460327,2.15
-80.63095808029175,33.78516912460327,2.3
-80.63091516494751,33.78516912460327,2.41
-80.63087224960327,33.78516912460327,2.46
-80.63082933425903,33.78516912460327,2.52
-80.6307864189148,33.78516912460327,2.57
-80.63074350357056,33.78516912460327,2.59
-80.63070058822632,33.78516912460327,2.58
-80.63065767288208,33.78516912460327,2.57
-80.63061475753784,33.78516912460327,2.52
-80.6302285194397,33.78516912460327,2.35
-80.63018560409546,33.78516912460327,2.38
-80.63014268875122,33.78516912460327,2.41
-80.63009977340698,33.78516912460327,2.45
-80.63005685806274,33.78516912460327,2.48
-80.6300139427185,33.78516912460327,2.52
-80.62997102737427,33.78516912460327,2.56
-80.62992811203003,33.78516912460327,2.6
-80.62988519668579,33.78516912460327,2.64
-80.62984228134155,33.78516912460327,2.67
-80.62979936599731,33.78516912460327,2.7
-80.62975645065308,33.78516912460327,2.73
-80.62971353530884,33.78516912460327,2.77
-80.6296706199646,33.78516912460327,2.79
-80.62962770462036,33.78516912460327,2.82
-80.62958478927612,33.78516912460327,2.86
-80.62954187393188,33.78516912460327,2.88
-80.62949895858765,33.78516912460327,2.91
-80.62945604324341,33.78516912460327,2.92
-80.62941312789917,33.78516912460327,2.94
-80.62937021255493,33.78516912460327,2.95
-80.6293272972107,33.78516912460327,2.97
-80.62928438186646,33.78516912460327,2.99
-80.62924146652222,33.78516912460327,3.02
-80.62919855117798,33.78516912460327,3.05
-80.62915563583374,33.78516912460327,3.08
-80.6291127204895,33.78516912460327,3.12
-80.62906980514526,33.78516912460327,3.16
-80.62902688980103,33.78516912460327,3.19
-80.63610792160034,33.78512620925903,3.61
-80.6360650062561,33.78512620925903,3.55
-80.63602209091187,33.78512620925903,3.52
-80.63597917556763,33.78512620925903,3.49
-80.63593626022339,33.78512620925903,3.45
-80.63589334487915,33.78512620925903,3.42
-80.63585042953491,33.78512620925903,3.53
-80.63580751419067,33.78512620925903,3.78
-80.63576459884644,33.78512620925903,4.09
-80.6357216835022,33.78512620925903,4.4
-80.63567876815796,33.78512620925903,4.73
-80.63563585281372,33.78512620925903,4.98
-80.63559293746948,33.78512620925903,5.16
-80.63555002212524,33.78512620925903,5.38
-80.635507106781,33.78512620925903,5.56
-80.63546419143677,33.78512620925903,5.79
-80.63542127609253,33.78512620925903,6.09
-80.63537836074829,33.78512620925903,6.36
-80.63533544540405,33.78512620925903,6.59
-80.63529253005981,33.78512620925903,6.83
-80.63524961471558,33.78512620925903,7.0
-80.63520669937134,33.78512620925903,7.08
-80.6351637840271,33.78512620925903,7.16
-80.63512086868286,33.78512620925903,7.21
-80.63507795333862,33.78512620925903,7.21
-80.63503503799438,33.78512620925903,7.2
-80.63499212265015,33.78512620925903,7.16
-80.63494920730591,33.78512620925903,7.12
-80.63490629196167,33.78512620925903,7.06
-80.63486337661743,33.78512620925903,6.98
-80.6348204612732,33.78512620925903,6.86
-80.63477754592896,33.78512620925903,6.67
-80.63473463058472,33.78512620925903,6.47
-80.63469171524048,33.78512620925903,6.24
-80.63464879989624,33.78512620925903,6.06
-80.634605884552,33.78512620925903,5.98
-80.63456296920776,33.78512620925903,6.03
-80.63452005386353,33.78512620925903,6.15
-80.63447713851929,33.78512620925903,6.36
-80.63443422317505,33.78512620925903,6.62
-80.63439130783081,33.78512620925903,6.83
-80.63434839248657,33.78512620925903,6.97
-80.63430547714233,33.78512620925903,7.05
-80.6342625617981,33.78512620925903,7.14
-80.63421964645386,33.78512620925903,7.18
-80.63417673110962,33.78512620925903,7.22
-80.63413381576538,33.78512620925903,7.28
-80.63409090042114,33.78512620925903,7.24
-80.6340479850769,33.78512620925903,7.14
-80.63400506973267,33.78512620925903,6.98
-80.63396215438843,33.78512620925903,6.83
-80.63391923904419,33.78512620925903,6.65
-80.63387632369995,33.78512620925903,6.58
-80.63383340835571,33.78512620925903,6.52
-80.63379049301147,33.78512620925903,6.49
-80.63374757766724,33.78512620925903,6.41
-80.633704662323,33.78512620925903,6.25
-80.63366174697876,33.78512620925903,6.05
-80.63361883163452,33.78512620925903,5.8
-80.63357591629028,33.78512620925903,5.52
-80.63353300094604,33.78512620925903,5.21
-80.6334900856018,33.78512620925903,4.88
-80.63344717025757,33.78512620925903,4.4
-80.63340425491333,33.78512620925903,3.85
-80.63336133956909,33.78512620925903,3.3
-80.63331842422485,33.78512620925903,2.79
-80.63327550888062,33.78512620925903,2.36
-80.63323259353638,33.78512620925903,2.08
-80.63318967819214,33.78512620925903,1.94
-80.6331467628479,33.78512620925903,1.86
-80.63310384750366,33.78512620925903,1.84
-80.63306093215942,33.78512620925903,1.88
-80.63301801681519,33.78512620925903,1.99
-80.63297510147095,33.78512620925903,1.98
-80.63293218612671,33.78512620925903,1.89
-80.63288927078247,33.78512620925903,1.84
-80.63284635543823,33.78512620925903,1.82
-80.632803440094,33.78512620925903,1.88
-80.63276052474976,33.78512620925903,2.15
-80.63271760940552,33.78512620925903,2.54
-80.63267469406128,33.78512620925903,2.97
-80.63263177871704,33.78512620925903,3.45
-80.6325888633728,33.78512620925903,3.86
-80.63254594802856,33.78512620925903,4.17
-80.63250303268433,33.78512620925903,4.42
-80.63246011734009,33.78512620925903,4.56
-80.63241720199585,33.78512620925903,4.6
-80.63237428665161,33.78512620925903,4.56
-80.63233137130737,33.78512620925903,4.51
-80.63228845596313,33.78512620925903,4.44
-80.6322455406189,33.78512620925903,4.37
-80.63220262527466,33.78512620925903,4.31
-80.63215970993042,33.78512620925903,4.26
-80.63211679458618,33.78512620925903,4.22
-80.63207387924194,33.78512620925903,4.21
-80.6320309638977,33.78512620925903,4.22
-80.63198804855347,33.78512620925903,4.25
-80.63194513320923,33.78512620925903,4.29
-80.63190221786499,33.78512620925903,4.34
-80.63185930252075,33.78512620925903,4.37
-80.63181638717651,33.78512620925903,4.37
-80.63177347183228,33.78512620925903,4.34
-80.63173055648804,33.78512620925903,4.28
-80.6316876411438,33.78512620925903,4.19
-80.63164472579956,33.78512620925903,4.02
-80.63160181045532,33.78512620925903,3.87
-80.63155889511108,33.78512620925903,3.61
-80.63151597976685,33.78512620925903,3.37
-80.63147306442261,33.78512620925903,3.04
-80.63143014907837,33.78512620925903,2.79
-80.63138723373413,33.78512620925903,2.52
-80.63134431838989,33.78512620925903,2.38
-80.63130140304565,33.78512620925903,2.24
-80.63125848770142,33.78512620925903,2.16
-80.63121557235718,33.78512620925903,2.11
-80.63117265701294,33.78512620925903,2.09
-80.6311297416687,33.78512620925903,2.1
-80.63108682632446,33.78512620925903,2.18
-80.63104391098022,33.78512620925903,2.32
-80.63100099563599,33.78512620925903,2.43
-80.63095808029175,33.78512620925903,2.56
-80.63091516494751,33.78512620925903,2.67
-80.63087224960327,33.78512620925903,2.7
-80.63082933425903,33.78512620925903,2.73
-80.6307864189148,33.78512620925903,2.75
-80.63074350357056,33.78512620925903,2.75
-80.63070058822632,33.78512620925903,2.72
-80.63065767288208,33.78512620925903,2.68
-80.63061475753784,33.78512620925903,2.62
-80.6305718421936,33.78512620925903,2.57
-80.63052892684937,33.78512620925903,2.53
-80.63048601150513,33.78512620925903,2.48
-80.63044309616089,33.78512620925903,2.45
-80.63040018081665,33.78512620925903,2.43
-80.63035726547241,33.78512620925903,2.41
-80.63009977340698,33.78512620925903,2.48
-80.63005685806274,33.78512620925903,2.51
-80.6300139427185,33.78512620925903,2.54
-80.62997102737427,33.78512620925903,2.57
-80.62992811203003,33.78512620925903,2.61
-80.62988519668579,33.78512620925903,2.64
-80.62984228134155,33.78512620925903,2.68
-80.62979936599731,33.78512620925903,2.72
-80.62975645065308,33.78512620925903,2.75
-80.62971353530884,33.78512620925903,2.78
-80.6296706199646,33.78512620925903,2.82
-80.62962770462036,33.78512620925903,2.85
-80.62958478927612,33.78512620925903,2.88
-80.62954187393188,33.78512620925903,2.9
-80.62949895858765,33.78512620925903,2.92
-80.62945604324341,33.78512620925903,2.93
-80.62941312789917,33.78512620925903,2.94
-80.62937021255493,33.78512620925903,2.96
-80.6293272972107,33.78512620925903,2.97
-80.62928438186646,33.78512620925903,3.0
-80.62924146652222,33.78512620925903,3.04
-80.62919855117798,33.78512620925903,3.07
-80.62915563583374,33.78512620925903,3.11
-80.6291127204895,33.78512620925903,3.15
-80.62906980514526,33.78512620925903,3.19
-80.62902688980103,33.78512620925903,3.22
-80.62898397445679,33.78512620925903,3.26
-80.62894105911255,33.78512620925903,3.29
-80.63576459884644,33.785083293914795,4.32
-80.6357216835022,33.785083293914795,4.66
-80.63567876815796,33.785083293914795,4.97
-80.63563585281372,33.785083293914795,5.17
-80.63559293746948,33.785083293914795,5.26
-80.63555002212524,33.785083293914795,5.4
-80.635507106781,33.785083293914795,5.55
-80.63546419143677,33.785083293914795,5.7
-80.63542127609253,33.785083293914795,5.99
-80.63537836074829,33.785083293914795,6.26
-80.63533544540405,33.785083293914795,6.52
-80.63529253005981,33.785083293914795,6.78
-80.63524961471558,33.785083293914795,7.02
-80.63520669937134,33.785083293914795,7.12
-80.6351637840271,33.785083293914795,7.23
-80.63512086868286,33.785083293914795,7.3
-80.63507795333862,33.785083293914795,7.29
-80.63503503799438,33.785083293914795,7.3
-80.63499212265015,33.785083293914795,7.28
-80.63494920730591,33.785083293914795,7.25
-80.63490629196167,33.785083293914795,7.2
-80.63486337661743,33.785083293914795,7.14
-80.6348204612732,33.785083293914795,7.06
-80.63477754592896,33.785083293914795,6.92
-80.63473463058472,33.785083293914795,6.78
-80.63469171524048,33.785083293914795,6.61
-80.63464879989624,33.785083293914795,6.49
-80.634605884552,33.785083293914795,6.43
-80.63456296920776,33.785083293914795,6.5
-80.63452005386353,33.785083293914795,6.61
-80.63447713851929,33.785083293914795,6.81
-80.63443422317505,33.785083293914795,7.05
-80.63439130783081,33.785083293914795,7.24
-80.63434839248657,33.785083293914795,7.35
-80.63430547714233,33.785083293914795,7.46
-80.6342625617981,33.785083293914795,7.54
-80.63421964645386,33.785083293914795,7.54
-80.63417673110962,33.785083293914795,7.52
-80.63413381576538,33.785083293914795,7.51
-80.63409090042114,33.785083293914795,7.41
-80.6340479850769,33.785083293914795,7.28
-80.63400506973267,33.785083293914795,7.13
-80.63396215438843,33.785083293914795,7.01
-80.63391923904419,33.785083293914795,6.89
-80.63387632369995,33.785083293914795,6.88
-80.63383340835571,33.785083293914795,6.85
-80.63379049301147,33.785083293914795,6.83
-80.63374757766724,33.785083293914795,6.74
-80.633704662323,33.785083293914795,6.56
-80.63366174697876,33.785083293914795,6.34
-80.63361883163452,33.785083293914795,6.09
-80.63357591629028,33.785083293914795,5.82
-80.63353300094604,33.785083293914795,5.56
-80.6334900856018,33.785083293914795,5.26
-80.63344717025757,33.785083293914795,4.84
-80.63340425491333,33.785083293914795,4.34
-80.63336133956909,33.785083293914795,3.84
-80.63331842422485,33.785083293914795,3.35
-80.63327550888062,33.785083293914795,2.92
-80.63323259353638,33.785083293914795,2.59
-80.63318967819214,33.785083293914795,2.41
-80.6331467628479,33.785083293914795,2.29
-80.63310384750366,33.785083293914795,2.26
-80.63306093215942,33.785083293914795,2.3
-80.63301801681519,33.785083293914795,2.45
-80.63297510147095,33.785083293914795,2.47
-80.63293218612671,33.785083293914795,2.42
-80.63288927078247,33.785083293914795,2.43
-80.63284635543823,33.785083293914795,2.48
-80.632803440094,33.785083293914795,2.58
-80.63276052474976,33.785083293914795,2.88
-80.63271760940552,33.785083293914795,3.28
-80.63267469406128,33.785083293914795,3.7
-80.63263177871704,33.785083293914795,4.08
-80.6325888633728,33.785083293914795,4.4
-80.63254594802856,33.785083293914795,4.6
-80.63250303268433,33.785083293914795,4.74
-80.63246011734009,33.785083293914795,4.75
-80.63241720199585,33.785083293914795,4.71
-80.63237428665161,33.785083293914795,4.61
-80.63233137130737,33.785083293914795,4.51
-80.63228845596313,33.785083293914795,4.42
-80.6322455406189,33.785083293914795,4.37
-80.63220262527466,33.785083293914795,4.32
-80.63215970993042,33.785083293914795,4.27
-80.63211679458618,33.785083293914795,4.22
-80.63207387924194,33.785083293914795,4.17
-80.6320309638977,33.785083293914795,4.14
-80.63198804855347,33.785083293914795,4.14
-80.63194513320923,33.785083293914795,4.17
-80.63190221786499,33.785083293914795,4.21
-80.63185930252075,33.785083293914795,4.25
-80.63181638717651,33.785083293914795,4.27
-80.63177347183228,33.785083293914795,4.27
-80.63173055648804,33.785083293914795,4.25
-80.6316876411438,33.785083293914795,4.19
-80.63164472579956,33.785083293914795,4.11
-80.63160181045532,33.785083293914795,4.02
-80.63155889511108,33.785083293914795,3.84
-80.63151597976685,33.785083293914795,3.65
-80.63147306442261,33.785083293914795,3.31
-80.63143014907837,33.785083293914795,2.97
-80.63138723373413,33.785083293914795,2.63
-80.63134431838989,33.785083293914795,2.42
-80.63130140304565,33.785083293914795,2.25
-80.63125848770142,33.785083293914795,2.26
-80.63121557235718,33.785083293914795,2.31
-80.63117265701294,33.785083293914795,2.39
-80.6311297416687,33.785083293914795,2.48
-80.63108682632446,33.785083293914795,2.62
-80.63104391098022,33.785083293914795,2.73
-80.63100099563599,33.785083293914795,2.79
-80.63095808029175,33.785083293914795,2.87
-80.63091516494751,33.785083293914795,2.92
-80.63087224960327,33.785083293914795,2.91
-80.63082933425903,33.785083293914795,2.9
-80.6307864189148,33.785083293914795,2.9
-80.63074350357056,33.785083293914795,2.86
-80.63070058822632,33.785083293914795,2.81
-80.63065767288208,33.785083293914795,2.73
-80.63061475753784,33.785083293914795,2.66
-80.6305718421936,33.785083293914795,2.6
-80.63052892684937,33.785083293914795,2.57
-80.63048601150513,33.785083293914795,2.53
-80.63044309616089,33.785083293914795,2.51
-80.63040018081665,33.785083293914795,2.48
-80.63035726547241,33.785083293914795,2.46
-80.63031435012817,33.785083293914795,2.43
-80.63027143478394,33.785083293914795,2.41
-80.6302285194397,33.785083293914795,2.42
-80.63018560409546,33.785083293914795,2.43
-80.63014268875122,33.785083293914795,2.45
-80.63009977340698,33.785083293914795,2.49
-80.63005685806274,33.785083293914795,2.52
-80.62997102737427,33.785083293914795,2.58
-80.62992811203003,33.785083293914795,2.62
-80.62988519668579,33.785083293914795,2.65
-80.62984228134155,33.785083293914795,2.67
-80.62979936599731,33.785083293914795,2.71
-80.62975645065308,33.785083293914795,2.74
-80.62971353530884,33.785083293914795,2.78
-80.6296706199646,33.785083293914795,2.82
-80.62962770462036,33.785083293914795,2.86
-80.62958478927612,33.785083293914795,2.89
-80.62954187393188,33.785083293914795,2.92
-80.62949895858765,33.785083293914795,2.93
-80.62945604324341,33.785083293914795,2.93
-80.62941312789917,33.785083293914795,2.95
-80.62937021255493,33.785083293914795,2.96
-80.6293272972107,33.785083293914795,2.99
-80.62928438186646,33.785083293914795,3.02
-80.62924146652222,33.785083293914795,3.07
-80.62919855117798,33.785083293914795,3.1
-80.62915563583374,33.785083293914795,3.15
-80.6291127204895,33.785083293914795,3.18
-80.62906980514526,33.785083293914795,3.22
-80.62902688980103,33.785083293914795,3.25
-80.62898397445679,33.785083293914795,3.29
-80.62894105911255,33.785083293914795,3.34
-80.62889814376831,33.785083293914795,3.39
-80.62885522842407,33.785083293914795,3.44
-80.63546419143677,33.78504037857056,5.79
-80.63542127609253,33.78504037857056,6.08
-80.63537836074829,33.78504037857056,6.34
-80.63533544540405,33.78504037857056,6.62
-80.63529253005981,33.78504037857056,6.86
-80.63524961471558,33.78504037857056,7.06
-80.63520669937134,33.78504037857056,7.12
-80.6351637840271,33.78504037857056,7.22
-80.63512086868286,33.78504037857056,7.27
-80.63507795333862,33.78504037857056,7.29
-80.63503503799438,33.78504037857056,7.31
-80.63499212265015,33.78504037857056,7.28
-80.63494920730591,33.78504037857056,7.24
-80.63490629196167,33.78504037857056,7.18
-80.63486337661743,33.78504037857056,7.12
-80.6348204612732,33.78504037857056,7.07
-80.63477754592896,33.78504037857056,7.01
-80.63473463058472,33.78504037857056,6.97
-80.63469171524048,33.78504037857056,6.93
-80.63464879989624,33.78504037857056,6.92
-80.634605884552,33.78504037857056,6.92
-80.63456296920776,33.78504037857056,7.04
-80.63452005386353,33.78504037857056,7.18
-80.63447713851929,33.78504037857056,7.38
-80.63443422317505,33.78504037857056,7.6
-80.63439130783081,33.78504037857056,7.79
-80.63434839248657,33.78504037857056,7.88
-80.63430547714233,33.78504037857056,7.91
-80.6342625617981,33.78504037857056,7.9
-80.63421964645386,33.78504037857056,7.82
-80.63417673110962,33.78504037857056,7.72
-80.63413381576538,33.78504037857056,7.66
-80.63409090042114,33.78504037857056,7.53
-80.6340479850769,33.78504037857056,7.43
-80.63400506973267,33.78504037857056,7.3
-80.63396215438843,33.78504037857056,7.22
-80.63391923904419,33.78504037857056,7.11
-80.63387632369995,33.78504037857056,7.11
-80.63383340835571,33.78504037857056,7.07
-80.63379049301147,33.78504037857056,7.04
-80.63374757766724,33.78504037857056,6.93
-80.633704662323,33.78504037857056,6.82
-80.63366174697876,33.78504037857056,6.63
-80.63361883163452,33.78504037857056,6.4
-80.63357591629028,33.78504037857056,6.13
-80.63353300094604,33.78504037857056,5.83
-80.6334900856018,33.78504037857056,5.49
-80.63344717025757,33.78504037857056,5.07
-80.63340425491333,33.78504037857056,4.61
-80.63336133956909,33.78504037857056,4.16
-80.63331842422485,33.78504037857056,3.73
-80.63327550888062,33.78504037857056,3.36
-80.63323259353638,33.78504037857056,3.03
-80.63318967819214,33.78504037857056,2.83
-80.6331467628479,33.78504037857056,2.71
-80.63310384750366,33.78504037857056,2.71
-80.63306093215942,33.78504037857056,2.78
-80.63301801681519,33.78504037857056,2.95
-80.63297510147095,33.78504037857056,3.01
-80.63293218612671,33.78504037857056,3.02
-80.63288927078247,33.78504037857056,3.08
-80.63284635543823,33.78504037857056,3.17
-80.632803440094,33.78504037857056,3.34
-80.63276052474976,33.78504037857056,3.66
-80.63271760940552,33.78504037857056,4.01
-80.63267469406128,33.78504037857056,4.31
-80.63263177871704,33.78504037857056,4.57
-80.6325888633728,33.78504037857056,4.77
-80.63254594802856,33.78504037857056,4.88
-80.63250303268433,33.78504037857056,4.97
-80.63246011734009,33.78504037857056,4.95
-80.63241720199585,33.78504037857056,4.89
-80.63237428665161,33.78504037857056,4.77
-80.63233137130737,33.78504037857056,4.65
-80.63228845596313,33.78504037857056,4.56
-80.6322455406189,33.78504037857056,4.5
-80.63220262527466,33.78504037857056,4.43
-80.63215970993042,33.78504037857056,4.37
-80.63211679458618,33.78504037857056,4.29
-80.63207387924194,33.78504037857056,4.21
-80.6320309638977,33.78504037857056,4.14
-80.63198804855347,33.78504037857056,4.1
-80.63194513320923,33.78504037857056,4.11
-80.63190221786499,33.78504037857056,4.13
-80.63185930252075,33.78504037857056,4.16
-80.63181638717651,33.78504037857056,4.18
-80.63177347183228,33.78504037857056,4.18
-80.63173055648804,33.78504037857056,4.17
-80.6316876411438,33.78504037857056,4.15
-80.63164472579956,33.78504037857056,4.11
-80.63160181045532,33.78504037857056,4.06
-80.63155889511108,33.78504037857056,3.95
-80.63151597976685,33.78504037857056,3.84
-80.63147306442261,33.78504037857056,3.56
-80.63143014907837,33.78504037857056,3.26
-80.63138723373413,33.78504037857056,2.97
-80.63134431838989,33.78504037857056,2.74
-80.63130140304565,33.78504037857056,2.56
-80.63125848770142,33.78504037857056,2.59
-80.63121557235718,33.78504037857056,2.64
-80.63117265701294,33.78504037857056,2.77
-80.6311297416687,33.78504037857056,2.92
-80.63108682632446,33.78504037857056,3.1
-80.63104391098022,33.78504037857056,3.21
-80.63100099563599,33.78504037857056,3.26
-80.63095808029175,33.78504037857056,3.26
-80.63091516494751,33.78504037857056,3.19
-80.63087224960327,33.78504037857056,3.06
-80.63082933425903,33.78504037857056,2.96
-80.6307864189148,33.78504037857056,2.92
-80.63074350357056,33.78504037857056,2.86
-80.63070058822632,33.78504037857056,2.83
-80.63065767288208,33.78504037857056,2.77
-80.63061475753784,33.78504037857056,2.72
-80.6305718421936,33.78504037857056,2.65
-80.63052892684937,33.78504037857056,2.6
-80.63048601150513,33.78504037857056,2.55
-80.63044309616089,33.78504037857056,2.5
-80.63040018081665,33.78504037857056,2.47
-80.63035726547241,33.78504037857056,2.44
-80.63031435012817,33.78504037857056,2.42
-80.63027143478394,33.78504037857056,2.41
-80.6302285194397,33.78504037857056,2.42
-80.63018560409546,33.78504037857056,2.44
-80.63014268875122,33.78504037857056,2.46
-80.63009977340698,33.78504037857056,2.49
-80.63005685806274,33.78504037857056,2.53
-80.6300139427185,33.78504037857056,2.55
-80.62997102737427,33.78504037857056,2.58
-80.62992811203003,33.78504037857056,2.62
-80.62988519668579,33.78504037857056,2.64
-80.62984228134155,33.78504037857056,2.66
-80.62979936599731,33.78504037857056,2.69
-80.62975645065308,33.78504037857056,2.72
-80.62971353530884,33.78504037857056,2.75
-80.6296706199646,33.78504037857056,2.8
-80.62962770462036,33.78504037857056,2.85
-80.62958478927612,33.78504037857056,2.89
-80.62954187393188,33.78504037857056,2.93
-80.62949895858765,33.78504037857056,2.96
-80.62945604324341,33.78504037857056,2.97
-80.62941312789917,33.78504037857056,2.99
-80.62937021255493,33.78504037857056,3.01
-80.6293272972107,33.78504037857056,3.03
-80.62928438186646,33.78504037857056,3.06
-80.62924146652222,33.78504037857056,3.1
-80.62919855117798,33.78504037857056,3.14
-80.62915563583374,33.78504037857056,3.19
-80.6291127204895,33.78504037857056,3.23
-80.62906980514526,33.78504037857056,3.27
-80.62902688980103,33.78504037857056,3.3
-80.62898397445679,33.78504037857056,3.33
-80.62894105911255,33.78504037857056,3.37
-80.62889814376831,33.78504037857056,3.42
-80.62885522842407,33.78504037857056,3.48
-80.62881231307983,33.78504037857056,3.55
-80.6287693977356,33.78504037857056,3.61
-80.63486337661743,33.78499746322632,7.13
-80.6348204612732,33.78499746322632,7.03
-80.63477754592896,33.78499746322632,7.0
-80.63473463058472,33.78499746322632,6.96
-80.63469171524048,33.78499746322632,6.92
-80.63464879989624,33.78499746322632,6.92
-80.634605884552,33.78499746322632,6.92
-80.63456296920776,33.78499746322632,6.98
-80.63452005386353,33.78499746322632,7.08
-80.63447713851929,33.78499746322632,7.28
-80.63443422317505,33.78499746322632,7.5
-80.63439130783081,33.78499746322632,7.7
-80.63434839248657,33.78499746322632,7.86
-80.63430547714233,33.78499746322632,7.96
-80.6342625617981,33.78499746322632,7.98
-80.63421964645386,33.78499746322632,7.91
-80.63417673110962,33.78499746322632,7.81
-80.63413381576538,33.78499746322632,7.67
-80.63409090042114,33.78499746322632,7.48
-80.6340479850769,33.78499746322632,7.33
-80.63400506973267,33.78499746322632,7.22
-80.63396215438843,33.78499746322632,7.19
-80.63391923904419,33.78499746322632,7.16
-80.63387632369995,33.78499746322632,7.25
-80.63383340835571,33.78499746322632,7.24
-80.63379049301147,33.78499746322632,7.25
-80.63374757766724,33.78499746322632,7.15
-80.633704662323,33.78499746322632,7.03
-80.63366174697876,33.78499746322632,6.81
-80.63361883163452,33.78499746322632,6.61
-80.63357591629028,33.78499746322632,6.34
-80.63353300094604,33.78499746322632,6.07
-80.6334900856018,33.78499746322632,5.7
-80.63344717025757,33.78499746322632,5.28
-80.63340425491333,33.78499746322632,4.82
-80.63336133956909,33.78499746322632,4.39
-80.63331842422485,33.78499746322632,3.99
-80.63327550888062,33.78499746322632,3.68
-80.63323259353638,33.78499746322632,3.4
-80.63318967819214,33.78499746322632,3.26
-80.6331467628479,33.78499746322632,3.2
-80.63310384750366,33.78499746322632,3.25
-80.63306093215942,33.78499746322632,3.4
-80.63301801681519,33.78499746322632,3.64
-80.63297510147095,33.78499746322632,3.75
-80.63293218612671,33.78499746322632,3.8
-80.63288927078247,33.78499746322632,3.85
-80.63284635543823,33.78499746322632,3.9
-80.632803440094,33.78499746322632,4.01
-80.63276052474976,33.78499746322632,4.28
-80.63271760940552,33.78499746322632,4.54
-80.63267469406128,33.78499746322632,4.78
-80.63263177871704,33.78499746322632,5.0
-80.6325888633728,33.78499746322632,5.16
-80.63254594802856,33.78499746322632,5.23
-80.63250303268433,33.78499746322632,5.32
-80.63246011734009,33.78499746322632,5.31
-80.63241720199585,33.78499746322632,5.25
-80.63237428665161,33.78499746322632,5.12
-80.63233137130737,33.78499746322632,4.99
-80.63228845596313,33.78499746322632,4.84
-80.6322455406189,33.78499746322632,4.72
-80.63220262527466,33.78499746322632,4.6
-80.63215970993042,33.78499746322632,4.48
-80.63211679458618,33.78499746322632,4.34
-80.63207387924194,33.78499746322632,4.22
-80.6320309638977,33.78499746322632,4.13
-80.63198804855347,33.78499746322632,4.1
-80.63194513320923,33.78499746322632,4.1
-80.63190221786499,33.78499746322632,4.13
-80.63185930252075,33.78499746322632,4.14
-80.63181638717651,33.78499746322632,4.15
-80.63177347183228,33.78499746322632,4.1
-80.63173055648804,33.78499746322632,4.07
-80.6316876411438,33.78499746322632,4.04
-80.63164472579956,33.78499746322632,4.02
-80.63160181045532,33.78499746322632,4.03
-80.63155889511108,33.78499746322632,4.04
-80.63151597976685,33.78499746322632,4.01
-80.63147306442261,33.78499746322632,3.84
-80.63143014907837,33.78499746322632,3.61
-80.63138723373413,33.78499746322632,3.34
-80.63134431838989,33.78499746322632,3.09
-80.63130140304565,33.78499746322632,2.91
-80.63125848770142,33.78499746322632,2.9
-80.63121557235718,33.78499746322632,2.95
-80.63117265701294,33.78499746322632,3.09
-80.6311297416687,33.78499746322632,3.23
-80.63108682632446,33.78499746322632,3.36
-80.63104391098022,33.78499746322632,3.43
-80.63100099563599,33.78499746322632,3.45
-80.63095808029175,33.78499746322632,3.39
-80.63091516494751,33.78499746322632,3.3
-80.63087224960327,33.78499746322632,3.2
-80.63082933425903,33.78499746322632,3.14
-80.6307864189148,33.78499746322632,3.09
-80.63074350357056,33.78499746322632,3.07
-80.63070058822632,33.78499746322632,3.04
-80.63065767288208,33.78499746322632,2.95
-80.63061475753784,33.78499746322632,2.85
-80.6305718421936,33.78499746322632,2.74
-80.63052892684937,33.78499746322632,2.65
-80.63048601150513,33.78499746322632,2.56
-80.63044309616089,33.78499746322632,2.52
-80.63040018081665,33.78499746322632,2.48
-80.63035726547241,33.78499746322632,2.46
-80.63031435012817,33.78499746322632,2.44
-80.63027143478394,33.78499746322632,2.43
-80.6302285194397,33.78499746322632,2.43
-80.63018560409546,33.78499746322632,2.44
-80.63014268875122,33.78499746322632,2.46
-80.63009977340698,33.78499746322632,2.49
-80.63005685806274,33.78499746322632,2.52
-80.6300139427185,33.78499746322632,2.54
-80.62997102737427,33.78499746322632,2.57
-80.62992811203003,33.78499746322632,2.6
-80.62988519668579,33.78499746322632,2.63
-80.62984228134155,33.78499746322632,2.65
-80.62979936599731,33.78499746322632,2.67
-80.62975645065308,33.78499746322632,2.69
-80.62971353530884,33.78499746322632,2.72
-80.6296706199646,33.78499746322632,2.77
-80.62962770462036,33.78499746322632,2.82
-80.62958478927612,33.78499746322632,2.87
-80.62954187393188,33.78499746322632,2.93
-80.62949895858765,33.78499746322632,2.98
-80.62945604324341,33.78499746322632,3.0
-80.62941312789917,33.78499746322632,3.04
-80.62937021255493,33.78499746322632,3.07
-80.6293272972107,33.78499746322632,3.1
-80.62928438186646,33.78499746322632,3.14
-80.62924146652222,33.78499746322632,3.17
-80.62919855117798,33.78499746322632,3.2
-80.62915563583374,33.78499746322632,3.23
-80.6291127204895,33.78499746322632,3.26
-80.62906980514526,33.78499746322632,3.29
-80.62902688980103,33.78499746322632,3.33
-80.62898397445679,33.78499746322632,3.38
-80.62894105911255,33.78499746322632,3.42
-80.62889814376831,33.78499746322632,3.47
-80.62885522842407,33.78499746322632,3.53
-80.62881231307983,33.78499746322632,3.6
-80.6287693977356,33.78499746322632,3.68
-80.62872648239136,33.78499746322632,3.75
-80.62868356704712,33.78499746322632,3.83
-80.63396215438843,33.78495454788208,7.2
-80.63391923904419,33.78495454788208,7.2
-80.63387632369995,33.78495454788208,7.3
-80.63383340835571,33.78495454788208,7.29
-80.63379049301147,33.78495454788208,7.29
-80.63374757766724,33.78495454788208,7.21
-80.633704662323,33.78495454788208,7.14
-80.63366174697876,33.78495454788208,6.96
-80.63361883163452,33.78495454788208,6.77
-80.63357591629028,33.78495454788208,6.46
-80.63353300094604,33.78495454788208,6.14
-80.6334900856018,33.78495454788208,5.75
-80.63344717025757,33.78495454788208,5.4
-80.63340425491333,33.78495454788208,5.04
-80.63336133956909,33.78495454788208,4.73
-80.63331842422485,33.78495454788208,4.42
-80.63327550888062,33.78495454788208,4.13
-80.63323259353638,33.78495454788208,3.82
-80.63318967819214,33.78495454788208,3.65
-80.6331467628479,33.78495454788208,3.59
-80.63310384750366,33.78495454788208,3.71
-80.63306093215942,33.78495454788208,3.94
-80.63301801681519,33.78495454788208,4.26
-80.63297510147095,33.78495454788208,4.45
-80.63293218612671,33.78495454788208,4.59
-80.63288927078247,33.78495454788208,4.68
-80.63284635543823,33.78495454788208,4.75
-80.632803440094,33.78495454788208,4.86
-80.63276052474976,33.78495454788208,5.08
-80.63271760940552,33.78495454788208,5.24
-80.63267469406128,33.78495454788208,5.35
-80.63263177871704,33.78495454788208,5.44
-80.6325888633728,33.78495454788208,5.49
-80.63254594802856,33.78495454788208,5.5
-80.63250303268433,33.78495454788208,5.54
-80.63246011734009,33.78495454788208,5.55
-80.63241720199585,33.78495454788208,5.51
-80.63237428665161,33.78495454788208,5.38
-80.63233137130737,33.78495454788208,5.23
-80.63228845596313,33.78495454788208,5.05
-80.6322455406189,33.78495454788208,4.89
-80.63220262527466,33.78495454788208,4.71
-80.63215970993042,33.78495454788208,4.56
-80.63211679458618,33.78495454788208,4.42
-80.63207387924194,33.78495454788208,4.3
-80.6320309638977,33.78495454788208,4.18
-80.63198804855347,33.78495454788208,4.14
-80.63194513320923,33.78495454788208,4.12
-80.63190221786499,33.78495454788208,4.11
-80.63185930252075,33.78495454788208,4.09
-80.63181638717651,33.78495454788208,4.08
-80.63177347183228,33.78495454788208,4.02
-80.63173055648804,33.78495454788208,3.97
-80.6316876411438,33.78495454788208,3.93
-80.63164472579956,33.78495454788208,3.92
-80.63160181045532,33.78495454788208,3.95
-80.63155889511108,33.78495454788208,3.97
-80.63151597976685,33.78495454788208,3.98
-80.63147306442261,33.78495454788208,3.91
-80.63143014907837,33.78495454788208,3.77
-80.63138723373413,33.78495454788208,3.57
-80.63134431838989,33.78495454788208,3.38
-80.63130140304565,33.78495454788208,3.25
-80.63125848770142,33.78495454788208,3.23
-80.63121557235718,33.78495454788208,3.27
-80.63117265701294,33.78495454788208,3.4
-80.6311297416687,33.78495454788208,3.5
-80.63108682632446,33.78495454788208,3.57
-80.63104391098022,33.78495454788208,3.56
-80.63100099563599,33.78495454788208,3.51
-80.63095808029175,33.78495454788208,3.38
-80.63091516494751,33.78495454788208,3.25
-80.63087224960327,33.78495454788208,3.16
-80.63082933425903,33.78495454788208,3.1
-80.6307864189148,33.78495454788208,3.08
-80.63074350357056,33.78495454788208,3.1
-80.63070058822632,33.78495454788208,3.11
-80.63065767288208,33.78495454788208,3.07
-80.63061475753784,33.78495454788208,3.0
-80.6305718421936,33.78495454788208,2.93
-80.63052892684937,33.78495454788208,2.84
-80.63048601150513,33.78495454788208,2.76
-80.63044309616089,33.78495454788208,2.7
-80.63040018081665,33.78495454788208,2.64
-80.63035726547241,33.78495454788208,2.59
-80.63031435012817,33.78495454788208,2.54
-80.63027143478394,33.78495454788208,2.5
-80.6302285194397,33.78495454788208,2.48
-80.63018560409546,33.78495454788208,2.47
-80.63014268875122,33.78495454788208,2.47
-80.63009977340698,33.78495454788208,2.49
-80.63005685806274,33.78495454788208,2.52
-80.6300139427185,33.78495454788208,2.54
-80.62997102737427,33.78495454788208,2.57
-80.62992811203003,33.78495454788208,2.59
-80.62988519668579,33.78495454788208,2.61
-80.62984228134155,33.78495454788208,2.63
-80.62979936599731,33.78495454788208,2.64
-80.62975645065308,33.78495454788208,2.66
-80.62971353530884,33.78495454788208,2.68
-80.6296706199646,33.78495454788208,2.73
-80.62962770462036,33.78495454788208,2.79
-80.62958478927612,33.78495454788208,2.85
-80.62954187393188,33.78495454788208,2.93
-80.62949895858765,33.78495454788208,3.0
-80.62945604324341,33.78495454788208,3.05
-80.62941312789917,33.78495454788208,3.1
-80.62937021255493,33.78495454788208,3.14
-80.6293272972107,33.78495454788208,3.17
-80.62928438186646,33.78495454788208,3.2
-80.62924146652222,33.78495454788208,3.23
-80.62919855117798,33.78495454788208,3.26
-80.62915563583374,33.78495454788208,3.29
-80.6291127204895,33.78495454788208,3.31
-80.62906980514526,33.78495454788208,3.35
-80.62902688980103,33.78495454788208,3.38
-80.62898397445679,33.78495454788208,3.42
-80.62894105911255,33.78495454788208,3.47
-80.62889814376831,33.78495454788208,3.54
-80.62885522842407,33.78495454788208,3.6
-80.62881231307983,33.78495454788208,3.66
-80.6287693977356,33.78495454788208,3.74
-80.62872648239136,33.78495454788208,3.82
-80.62868356704712,33.78495454788208,3.9
-80.62864065170288,33.78495454788208,3.98
-80.63387632369995,33.78491163253784,7.41
-80.63383340835571,33.78491163253784,7.39
-80.63379049301147,33.78491163253784,7.36
-80.63374757766724,33.78491163253784,7.25
-80.633704662323,33.78491163253784,7.15
-80.63366174697876,33.78491163253784,6.95
-80.63361883163452,33.78491163253784,6.75
-80.63357591629028,33.78491163253784,6.42
-80.63353300094604,33.78491163253784,6.08
-80.6334900856018,33.78491163253784,5.65
-80.63344717025757,33.78491163253784,5.22
-80.63340425491333,33.78491163253784,4.83
-80.63336133956909,33.78491163253784,4.5
-80.63331842422485,33.78491163253784,4.2
-80.63327550888062,33.78491163253784,3.98
-80.63323259353638,33.78491163253784,3.8
-80.63318967819214,33.78491163253784,3.78
-80.6331467628479,33.78491163253784,3.86
-80.63310384750366,33.78491163253784,4.11
-80.63306093215942,33.78491163253784,4.44
-80.63301801681519,33.78491163253784,4.8
-80.63297510147095,33.78491163253784,5.05
-80.63293218612671,33.78491163253784,5.26
-80.63288927078247,33.78491163253784,5.38
-80.63284635543823,33.78491163253784,5.46
-80.632803440094,33.78491163253784,5.56
-80.63276052474976,33.78491163253784,5.67
-80.63271760940552,33.78491163253784,5.73
-80.63267469406128,33.78491163253784,5.74
-80.63263177871704,33.78491163253784,5.74
-80.6325888633728,33.78491163253784,5.72
-80.63254594802856,33.78491163253784,5.71
-80.63250303268433,33.78491163253784,5.73
-80.63246011734009,33.78491163253784,5.74
-80.63241720199585,33.78491163253784,5.72
-80.63237428665161,33.78491163253784,5.61
-80.63233137130737,33.78491163253784,5.45
-80.63228845596313,33.78491163253784,5.25
-80.6322455406189,33.78491163253784,5.05
-80.63220262527466,33.78491163253784,4.83
-80.63215970993042,33.78491163253784,4.64
-80.63211679458618,33.78491163253784,4.48
-80.63207387924194,33.78491163253784,4.35
-80.6320309638977,33.78491163253784,4.23
-80.63198804855347,33.78491163253784,4.19
-80.63194513320923,33.78491163253784,4.2
-80.63190221786499,33.78491163253784,4.21
-80.63185930252075,33.78491163253784,4.22
-80.63181638717651,33.78491163253784,4.21
-80.63177347183228,33.78491163253784,4.13
-80.63173055648804,33.78491163253784,4.05
-80.6316876411438,33.78491163253784,3.97
-80.63164472579956,33.78491163253784,3.92
-80.63160181045532,33.78491163253784,3.92
-80.63155889511108,33.78491163253784,3.94
-80.63151597976685,33.78491163253784,3.96
-80.63147306442261,33.78491163253784,3.92
-80.63143014907837,33.78491163253784,3.84
-80.63138723373413,33.78491163253784,3.72
-80.63134431838989,33.78491163253784,3.59
-80.63130140304565,33.78491163253784,3.51
-80.63125848770142,33.78491163253784,3.53
-80.63121557235718,33.78491163253784,3.59
-80.63117265701294,33.78491163253784,3.68
-80.6311297416687,33.78491163253784,3.74
-80.63108682632446,33.78491163253784,3.74
-80.63104391098022,33.78491163253784,3.66
-80.63100099563599,33.78491163253784,3.54
-80.63095808029175,33.78491163253784,3.37
-80.63091516494751,33.78491163253784,3.22
-80.63087224960327,33.78491163253784,3.12
-80.63082933425903,33.78491163253784,3.08
-80.6307864189148,33.78491163253784,3.11
-80.63074350357056,33.78491163253784,3.18
-80.63070058822632,33.78491163253784,3.25
-80.63065767288208,33.78491163253784,3.27
-80.63061475753784,33.78491163253784,3.27
-80.6305718421936,33.78491163253784,3.19
-80.63052892684937,33.78491163253784,3.08
-80.63048601150513,33.78491163253784,2.95
-80.63044309616089,33.78491163253784,2.83
-80.63040018081665,33.78491163253784,2.71
-80.63035726547241,33.78491163253784,2.64
-80.63031435012817,33.78491163253784,2.58
-80.63027143478394,33.78491163253784,2.56
-80.6302285194397,33.78491163253784,2.55
-80.63018560409546,33.78491163253784,2.56
-80.63014268875122,33.78491163253784,2.58
-80.63009977340698,33.78491163253784,2.61
-80.63005685806274,33.78491163253784,2.61
-80.6300139427185,33.78491163253784,2.61
-80.62997102737427,33.78491163253784,2.61
-80.62992811203003,33.78491163253784,2.61
-80.62988519668579,33.78491163253784,2.6
-80.62984228134155,33.78491163253784,2.62
-80.62979936599731,33.78491163253784,2.62
-80.62975645065308,33.78491163253784,2.62
-80.62971353530884,33.78491163253784,2.64
-80.6296706199646,33.78491163253784,2.69
-80.62962770462036,33.78491163253784,2.75
-80.62958478927612,33.78491163253784,2.83
-80.62954187393188,33.78491163253784,2.92
-80.62949895858765,33.78491163253784,3.01
-80.62945604324341,33.78491163253784,3.06
-80.62941312789917,33.78491163253784,3.12
-80.62937021255493,33.78491163253784,3.15
-80.6293272972107,33.78491163253784,3.17
-80.62928438186646,33.78491163253784,3.19
-80.62924146652222,33.78491163253784,3.19
-80.62919855117798,33.78491163253784,3.21
-80.62915563583374,33.78491163253784,3.26
-80.6291127204895,33.78491163253784,3.31
-80.62906980514526,33.78491163253784,3.36
-80.62902688980103,33.78491163253784,3.43
-80.62898397445679,33.78491163253784,3.49
-80.62894105911255,33.78491163253784,3.54
-80.62889814376831,33.78491163253784,3.61
-80.62885522842407,33.78491163253784,3.69
-80.62881231307983,33.78491163253784,3.76
-80.6287693977356,33.78491163253784,3.83
-80.62872648239136,33.78491163253784,3.9
-80.62868356704712,33.78491163253784,3.98
-80.62864065170288,33.78491163253784,4.04
-80.62859773635864,33.78491163253784,4.12
-80.6285548210144,33.78491163253784,4.18
-80.63379049301147,33.7848687171936,7.29
-80.63374757766724,33.7848687171936,7.19
-80.633704662323,33.7848687171936,7.14
-80.63366174697876,33.7848687171936,6.98
-80.63361883163452,33.7848687171936,6.78
-80.63357591629028,33.7848687171936,6.4
-80.63353300094604,33.7848687171936,5.99
-80.6334900856018,33.7848687171936,5.49
-80.63344717025757,33.7848687171936,5.03
-80.63340425491333,33.7848687171936,4.63
-80.63336133956909,33.7848687171936,4.32
-80.63331842422485,33.7848687171936,4.07
-80.63327550888062,33.7848687171936,3.92
-80.63323259353638,33.7848687171936,3.82
-80.63318967819214,33.7848687171936,3.85
-80.6331467628479,33.7848687171936,3.96
-80.63310384750366,33.7848687171936,4.2
-80.63306093215942,33.7848687171936,4.53
-80.63301801681519,33.7848687171936,4.9
-80.63297510147095,33.7848687171936,5.19
-80.63293218612671,33.7848687171936,5.43
-80.63288927078247,33.7848687171936,5.6
-80.63284635543823,33.7848687171936,5.69
-80.632803440094,33.7848687171936,5.74
-80.63276052474976,33.7848687171936,5.79
-80.63271760940552,33.7848687171936,5.81
-80.63267469406128,33.7848687171936,5.78
-80.63263177871704,33.7848687171936,5.75
-80.6325888633728,33.7848687171936,5.73
-80.63254594802856,33.7848687171936,5.73
-80.63250303268433,33.7848687171936,5.76
-80.63246011734009,33.7848687171936,5.82
-80.63241720199585,33.7848687171936,5.84
-80.63237428665161,33.7848687171936,5.78
-80.63233137130737,33.7848687171936,5.62
-80.63228845596313,33.7848687171936,5.43
-80.6322455406189,33.7848687171936,5.2
-80.63220262527466,33.7848687171936,4.98
-80.63215970993042,33.7848687171936,4.78
-80.63211679458618,33.7848687171936,4.63
-80.63207387924194,33.7848687171936,4.49
-80.6320309638977,33.7848687171936,4.35
-80.63198804855347,33.7848687171936,4.3
-80.63194513320923,33.7848687171936,4.27
-80.63190221786499,33.7848687171936,4.27
-80.63185930252075,33.7848687171936,4.26
-80.63181638717651,33.7848687171936,4.23
-80.63177347183228,33.7848687171936,4.14
-80.63173055648804,33.7848687171936,4.04
-80.6316876411438,33.7848687171936,3.93
-80.63164472579956,33.7848687171936,3.87
-80.63160181045532,33.7848687171936,3.87
-80.63155889511108,33.7848687171936,3.9
-80.63151597976685,33.7848687171936,3.94
-80.63147306442261,33.7848687171936,3.98
-80.63143014907837,33.7848687171936,3.98
-80.63138723373413,33.7848687171936,3.94
-80.63134431838989,33.7848687171936,3.89
-80.63130140304565,33.7848687171936,3.83
-80.63125848770142,33.7848687171936,3.78
-80.63121557235718,33.7848687171936,3.75
-80.63117265701294,33.7848687171936,3.75
-80.6311297416687,33.7848687171936,3.73
-80.63108682632446,33.7848687171936,3.68
-80.63104391098022,33.7848687171936,3.61
-80.63100099563599,33.7848687171936,3.51
-80.63095808029175,33.7848687171936,3.36
-80.63091516494751,33.7848687171936,3.22
-80.63087224960327,33.7848687171936,3.12
-80.63082933425903,33.7848687171936,3.07
-80.6307864189148,33.7848687171936,3.09
-80.63074350357056,33.7848687171936,3.16
-80.63070058822632,33.7848687171936,3.24
-80.63065767288208,33.7848687171936,3.31
-80.63061475753784,33.7848687171936,3.34
-80.6305718421936,33.7848687171936,3.29
-80.63052892684937,33.7848687171936,3.2
-80.63048601150513,33.7848687171936,3.06
-80.63044309616089,33.7848687171936,2.91
-80.63040018081665,33.7848687171936,2.78
-80.63035726547241,33.7848687171936,2.68
-80.63031435012817,33.7848687171936,2.61
-80.63027143478394,33.7848687171936,2.58
-80.6302285194397,33.7848687171936,2.57
-80.63018560409546,33.7848687171936,2.57
-80.63014268875122,33.7848687171936,2.57
-80.63009977340698,33.7848687171936,2.59
-80.63005685806274,33.7848687171936,2.61
-80.6300139427185,33.7848687171936,2.63
-80.62997102737427,33.7848687171936,2.67
-80.62992811203003,33.7848687171936,2.72
-80.62988519668579,33.7848687171936,2.76
-80.62984228134155,33.7848687171936,2.82
-80.62979936599731,33.7848687171936,2.83
-80.62975645065308,33.7848687171936,2.86
-80.62971353530884,33.7848687171936,2.88
-80.6296706199646,33.7848687171936,2.94
-80.62962770462036,33.7848687171936,2.99
-80.62958478927612,33.7848687171936,3.09
-80.62954187393188,33.7848687171936,3.19
-80.62949895858765,33.7848687171936,3.27
-80.62945604324341,33.7848687171936,3.29
-80.62941312789917,33.7848687171936,3.3
-80.62937021255493,33.7848687171936,3.27
-80.6293272972107,33.7848687171936,3.22
-80.62928438186646,33.7848687171936,3.19
-80.62924146652222,33.7848687171936,3.16
-80.62919855117798,33.7848687171936,3.18
-80.62915563583374,33.7848687171936,3.22
-80.6291127204895,33.7848687171936,3.28
-80.62906980514526,33.7848687171936,3.35
-80.62902688980103,33.7848687171936,3.45
-80.62898397445679,33.7848687171936,3.54
-80.62894105911255,33.7848687171936,3.62
-80.62889814376831,33.7848687171936,3.71
-80.62885522842407,33.7848687171936,3.78
-80.62881231307983,33.7848687171936,3.85
-80.6287693977356,33.7848687171936,3.92
-80.62872648239136,33.7848687171936,3.99
-80.62868356704712,33.7848687171936,4.05
-80.62864065170288,33.7848687171936,4.12
-80.62859773635864,33.7848687171936,4.17
-80.6285548210144,33.7848687171936,4.22
-80.62851190567017,33.7848687171936,4.27
-80.6334900856018,33.784825801849365,5.37
-80.63344717025757,33.784825801849365,4.91
-80.63340425491333,33.784825801849365,4.5
-80.63336133956909,33.784825801849365,4.2
-80.63331842422485,33.784825801849365,4.0
-80.63327550888062,33.784825801849365,3.94
-80.63323259353638,33.784825801849365,3.93
-80.63318967819214,33.784825801849365,4.05
-80.6331467628479,33.784825801849365,4.25
-80.63310384750366,33.784825801849365,4.52
-80.63306093215942,33.784825801849365,4.83
-80.63301801681519,33.784825801849365,5.18
-80.63297510147095,33.784825801849365,5.44
-80.63293218612671,33.784825801849365,5.65
-80.63288927078247,33.784825801849365,5.78
-80.63284635543823,33.784825801849365,5.84
-80.632803440094,33.784825801849365,5.86
-80.63276052474976,33.784825801849365,5.87
-80.63271760940552,33.784825801849365,5.86
-80.63267469406128,33.784825801849365,5.83
-80.63263177871704,33.784825801849365,5.79
-80.6325888633728,33.784825801849365,5.76
-80.63254594802856,33.784825801849365,5.75
-80.63250303268433,33.784825801849365,5.77
-80.63246011734009,33.784825801849365,5.85
-80.63241720199585,33.784825801849365,5.88
-80.63237428665161,33.784825801849365,5.79
-80.63233137130737,33.784825801849365,5.6
-80.63228845596313,33.784825801849365,5.4
-80.6322455406189,33.784825801849365,5.18
-80.63220262527466,33.784825801849365,4.98
-80.63215970993042,33.784825801849365,4.83
-80.63211679458618,33.784825801849365,4.7
-80.63207387924194,33.784825801849365,4.58
-80.6320309638977,33.784825801849365,4.47
-80.63198804855347,33.784825801849365,4.41
-80.63194513320923,33.784825801849365,4.38
-80.63190221786499,33.784825801849365,4.37
-80.63185930252075,33.784825801849365,4.35
-80.63181638717651,33.784825801849365,4.3
-80.63177347183228,33.784825801849365,4.18
-80.63173055648804,33.784825801849365,4.05
-80.6316876411438,33.784825801849365,3.91
-80.63164472579956,33.784825801849365,3.83
-80.63160181045532,33.784825801849365,3.83
-80.63155889511108,33.784825801849365,3.87
-80.63151597976685,33.784825801849365,3.93
-80.63147306442261,33.784825801849365,3.99
-80.63143014907837,33.784825801849365,4.01
-80.63138723373413,33.784825801849365,3.97
-80.63134431838989,33.784825801849365,3.91
-80.63130140304565,33.784825801849365,3.85
-80.63125848770142,33.784825801849365,3.78
-80.63121557235718,33.784825801849365,3.76
-80.63117265701294,33.784825801849365,3.72
-80.6311297416687,33.784825801849365,3.67
-80.63108682632446,33.784825801849365,3.59
-80.63104391098022,33.784825801849365,3.5
-80.63100099563599,33.784825801849365,3.4
-80.63095808029175,33.784825801849365,3.29
-80.63091516494751,33.784825801849365,3.2
-80.63087224960327,33.784825801849365,3.17
-80.63082933425903,33.784825801849365,3.18
-80.6307864189148,33.784825801849365,3.22
-80.63074350357056,33.784825801849365,3.31
-80.63070058822632,33.784825801849365,3.41
-80.63065767288208,33.784825801849365,3.5
-80.63061475753784,33.784825801849365,3.53
-80.6305718421936,33.784825801849365,3.46
-80.63052892684937,33.784825801849365,3.34
-80.63048601150513,33.784825801849365,3.18
-80.63044309616089,33.784825801849365,2.99
-80.63040018081665,33.784825801849365,2.82
-80.63035726547241,33.784825801849365,2.71
-80.63031435012817,33.784825801849365,2.63
-80.63027143478394,33.784825801849365,2.59
-80.6302285194397,33.784825801849365,2.57
-80.63018560409546,33.784825801849365,2.55
-80.63014268875122,33.784825801849365,2.55
-80.63009977340698,33.784825801849365,2.56
-80.63005685806274,33.784825801849365,2.57
-80.6300139427185,33.784825801849365,2.59
-80.62997102737427,33.784825801849365,2.62
-80.62992811203003,33.784825801849365,2.66
-80.62988519668579,33.784825801849365,2.71
-80.62984228134155,33.784825801849365,2.76
-80.62979936599731,33.784825801849365,2.81
-80.62975645065308,33.784825801849365,2.88
-80.62971353530884,33.784825801849365,2.96
-80.6296706199646,33.784825801849365,3.05
-80.62962770462036,33.784825801849365,3.13
-80.62958478927612,33.784825801849365,3.21
-80.62954187393188,33.784825801849365,3.28
-80.62949895858765,33.784825801849365,3.32
-80.62945604324341,33.784825801849365,3.34
-80.62941312789917,33.784825801849365,3.32
-80.62937021255493,33.784825801849365,3.28
-80.6293272972107,33.784825801849365,3.21
-80.62928438186646,33.784825801849365,3.16
-80.62924146652222,33.784825801849365,3.1
-80.62919855117798,33.784825801849365,3.1
-80.62915563583374,33.784825801849365,3.14
-80.6291127204895,33.784825801849365,3.19
-80.62906980514526,33.784825801849365,3.25
-80.62902688980103,33.784825801849365,3.37
-80.62898397445679,33.784825801849365,3.49
-80.62894105911255,33.784825801849365,3.61
-80.62889814376831,33.784825801849365,3.75
-80.62885522842407,33.784825801849365,3.87
-80.62881231307983,33.784825801849365,3.95
-80.6287693977356,33.784825801849365,4.02
-80.62872648239136,33.784825801849365,4.08
-80.62868356704712,33.784825801849365,4.13
-80.62864065170288,33.784825801849365,4.18
-80.62859773635864,33.784825801849365,4.21
-80.6285548210144,33.784825801849365,4.22
-80.62851190567017,33.784825801849365,4.22
-80.62846899032593,33.784825801849365,4.2
-80.62842607498169,33.784825801849365,4.14
-80.63331842422485,33.78478288650513,3.9
-80.63327550888062,33.78478288650513,3.9
-80.63323259353638,33.78478288650513,3.93
-80.63318967819214,33.78478288650513,4.09
-80.6331467628479,33.78478288650513,4.31
-80.63310384750366,33.78478288650513,4.59
-80.63306093215942,33.78478288650513,4.87
-80.63301801681519,33.78478288650513,5.19
-80.63297510147095,33.78478288650513,5.43
-80.63293218612671,33.78478288650513,5.64
-80.63288927078247,33.78478288650513,5.76
-80.63284635543823,33.78478288650513,5.84
-80.632803440094,33.78478288650513,5.86
-80.63276052474976,33.78478288650513,5.86
-80.63271760940552,33.78478288650513,5.84
-80.63267469406128,33.78478288650513,5.8
-80.63263177871704,33.78478288650513,5.76
-80.6325888633728,33.78478288650513,5.71
-80.63254594802856,33.78478288650513,5.68
-80.63250303268433,33.78478288650513,5.67
-80.63246011734009,33.78478288650513,5.73
-80.63241720199585,33.78478288650513,5.73
-80.63237428665161,33.78478288650513,5.59
-80.63233137130737,33.78478288650513,5.4
-80.63228845596313,33.78478288650513,5.24
-80.6322455406189,33.78478288650513,5.08
-80.63220262527466,33.78478288650513,4.94
-80.63215970993042,33.78478288650513,4.85
-80.63211679458618,33.78478288650513,4.78
-80.63207387924194,33.78478288650513,4.7
-80.6320309638977,33.78478288650513,4.6
-80.63198804855347,33.78478288650513,4.5
-80.63194513320923,33.78478288650513,4.42
-80.63190221786499,33.78478288650513,4.37
-80.63185930252075,33.78478288650513,4.3
-80.63181638717651,33.78478288650513,4.25
-80.63177347183228,33.78478288650513,4.18
-80.63173055648804,33.78478288650513,4.07
-80.6316876411438,33.78478288650513,3.94
-80.63164472579956,33.78478288650513,3.86
-80.63160181045532,33.78478288650513,3.8
-80.63155889511108,33.78478288650513,3.78
-80.63151597976685,33.78478288650513,3.8
-80.63147306442261,33.78478288650513,3.83
-80.63143014907837,33.78478288650513,3.86
-80.63138723373413,33.78478288650513,3.87
-80.63134431838989,33.78478288650513,3.86
-80.63130140304565,33.78478288650513,3.83
-80.63125848770142,33.78478288650513,3.79
-80.63121557235718,33.78478288650513,3.75
-80.63117265701294,33.78478288650513,3.71
-80.6311297416687,33.78478288650513,3.65
-80.63108682632446,33.78478288650513,3.58
-80.63104391098022,33.78478288650513,3.5
-80.63100099563599,33.78478288650513,3.39
-80.63095808029175,33.78478288650513,3.26
-80.63091516494751,33.78478288650513,3.13
-80.63087224960327,33.78478288650513,3.05
-80.63082933425903,33.78478288650513,3.01
-80.6307864189148,33.78478288650513,3.06
-80.63074350357056,33.78478288650513,3.17
-80.63070058822632,33.78478288650513,3.32
-80.63065767288208,33.78478288650513,3.49
-80.63061475753784,33.78478288650513,3.6
-80.6305718421936,33.78478288650513,3.56
-80.63052892684937,33.78478288650513,3.44
-80.63048601150513,33.78478288650513,3.25
-80.63044309616089,33.78478288650513,3.02
-80.63040018081665,33.78478288650513,2.83
-80.63035726547241,33.78478288650513,2.7
-80.63031435012817,33.78478288650513,2.62
-80.63027143478394,33.78478288650513,2.58
-80.6302285194397,33.78478288650513,2.56
-80.63018560409546,33.78478288650513,2.54
-80.63014268875122,33.78478288650513,2.53
-80.63009977340698,33.78478288650513,2.54
-80.63005685806274,33.78478288650513,2.54
-80.6300139427185,33.78478288650513,2.55
-80.62997102737427,33.78478288650513,2.57
-80.62992811203003,33.78478288650513,2.62
-80.62988519668579,33.78478288650513,2.66
-80.62984228134155,33.78478288650513,2.71
-80.62979936599731,33.78478288650513,2.76
-80.62975645065308,33.78478288650513,2.84
-80.62971353530884,33.78478288650513,2.92
-80.6296706199646,33.78478288650513,3.0
-80.62962770462036,33.78478288650513,3.08
-80.62958478927612,33.78478288650513,3.18
-80.62954187393188,33.78478288650513,3.27
-80.62949895858765,33.78478288650513,3.33
-80.62945604324341,33.78478288650513,3.38
-80.62941312789917,33.78478288650513,3.38
-80.62937021255493,33.78478288650513,3.32
-80.6293272972107,33.78478288650513,3.21
-80.62928438186646,33.78478288650513,3.11
-80.62924146652222,33.78478288650513,3.03
-80.62919855117798,33.78478288650513,3.0
-80.62915563583374,33.78478288650513,3.04
-80.6291127204895,33.78478288650513,3.1
-80.62906980514526,33.78478288650513,3.17
-80.62902688980103,33.78478288650513,3.28
-80.62898397445679,33.78478288650513,3.4
-80.62894105911255,33.78478288650513,3.53
-80.62889814376831,33.78478288650513,3.68
-80.62885522842407,33.78478288650513,3.83
-80.62881231307983,33.78478288650513,3.96
-80.6287693977356,33.78478288650513,4.06
-80.62872648239136,33.78478288650513,4.14
-80.62868356704712,33.78478288650513,4.2
-80.62864065170288,33.78478288650513,4.23
-80.62859773635864,33.78478288650513,4.25
-80.6285548210144,33.78478288650513,4.24
-80.62851190567017,33.78478288650513,4.22
-80.62846899032593,33.78478288650513,4.19
-80.62842607498169,33.78478288650513,4.15
-80.62838315963745,33.78478288650513,4.12
-80.62834024429321,33.78478288650513,4.09
-80.63323259353638,33.78473997116089,4.1
-80.63318967819214,33.78473997116089,4.36
-80.6331467628479,33.78473997116089,4.62
-80.63310384750366,33.78473997116089,4.83
-80.63306093215942,33.78473997116089,5.03
-80.63301801681519,33.78473997116089,5.28
-80.63297510147095,33.78473997116089,5.45
-80.63293218612671,33.78473997116089,5.59
-80.63288927078247,33.78473997116089,5.73
-80.63284635543823,33.78473997116089,5.84
-80.632803440094,33.78473997116089,5.86
-80.63276052474976,33.78473997116089,5.88
-80.63271760940552,33.78473997116089,5.86
-80.63267469406128,33.78473997116089,5.84
-80.63263177871704,33.78473997116089,5.79
-80.6325888633728,33.78473997116089,5.73
-80.63254594802856,33.78473997116089,5.69
-80.63250303268433,33.78473997116089,5.65
-80.63233137130737,33.78473997116089,5.26
-80.63228845596313,33.78473997116089,5.14
-80.6322455406189,33.78473997116089,5.02
-80.63220262527466,33.78473997116089,4.94
-80.63215970993042,33.78473997116089,4.89
-80.63211679458618,33.78473997116089,4.84
-80.63207387924194,33.78473997116089,4.76
-80.6320309638977,33.78473997116089,4.68
-80.63198804855347,33.78473997116089,4.58
-80.63194513320923,33.78473997116089,4.51
-80.6307864189148,33.78473997116089,3.14
-80.63074350357056,33.78473997116089,3.24
-80.63070058822632,33.78473997116089,3.4
-80.63065767288208,33.78473997116089,3.58
-80.63061475753784,33.78473997116089,3.68
-80.6305718421936,33.78473997116089,3.62
-80.63052892684937,33.78473997116089,3.45
-80.63048601150513,33.78473997116089,3.22
-80.63044309616089,33.78473997116089,2.93
-80.63040018081665,33.78473997116089,2.71
-80.63035726547241,33.78473997116089,2.58
-80.63031435012817,33.78473997116089,2.53
-80.63027143478394,33.78473997116089,2.52
-80.6302285194397,33.78473997116089,2.52
-80.63018560409546,33.78473997116089,2.52
-80.63014268875122,33.78473997116089,2.52
-80.63009977340698,33.78473997116089,2.52
-80.63005685806274,33.78473997116089,2.51
-80.6300139427185,33.78473997116089,2.52
-80.62997102737427,33.78473997116089,2.53
-80.62992811203003,33.78473997116089,2.56
-80.62988519668579,33.78473997116089,2.6
-80.62984228134155,33.78473997116089,2.65
-80.62979936599731,33.78473997116089,2.7
-80.62975645065308,33.78473997116089,2.79
-80.62971353530884,33.78473997116089,2.87
-80.6296706199646,33.78473997116089,2.96
-80.62962770462036,33.78473997116089,3.02
-80.62958478927612,33.78473997116089,3.11
-80.62954187393188,33.78473997116089,3.19
-80.62949895858765,33.78473997116089,3.23
-80.62945604324341,33.78473997116089,3.26
-80.62941312789917,33.78473997116089,3.26
-80.62937021255493,33.78473997116089,3.19
-80.6293272972107,33.78473997116089,3.08
-80.62928438186646,33.78473997116089,3.01
-80.62924146652222,33.78473997116089,2.94
-80.62919855117798,33.78473997116089,2.92
-80.62915563583374,33.78473997116089,2.96
-80.6291127204895,33.78473997116089,3.02
-80.62906980514526,33.78473997116089,3.07
-80.62902688980103,33.78473997116089,3.16
-80.62898397445679,33.78473997116089,3.28
-80.62894105911255,33.78473997116089,3.41
-80.62889814376831,33.78473997116089,3.6
-80.62885522842407,33.78473997116089,3.82
-80.62881231307983,33.78473997116089,4.03
-80.6287693977356,33.78473997116089,4.19
-80.62872648239136,33.78473997116089,4.29
-80.62868356704712,33.78473997116089,4.34
-80.62864065170288,33.78473997116089,4.32
-80.62859773635864,33.78473997116089,4.27
-80.6285548210144,33.78473997116089,4.23
-80.62851190567017,33.78473997116089,4.2
-80.62846899032593,33.78473997116089,4.15
-80.62842607498169,33.78473997116089,4.12
-80.62838315963745,33.78473997116089,4.12
-80.62834024429321,33.78473997116089,4.14
-80.62829732894897,33.78473997116089,4.19
-80.63233137130737,33.78469705581665,5.13
-80.63228845596313,33.78469705581665,5.05
-80.6322455406189,33.78469705581665,4.99
-80.63220262527466,33.78469705581665,4.94
-80.63215970993042,33.78469705581665,4.95
-80.63211679458618,33.78469705581665,4.92
-80.63207387924194,33.78469705581665,4.86
-80.6320309638977,33.78469705581665,4.79
-80.63198804855347,33.78469705581665,4.7
-80.63194513320923,33.78469705581665,4.57
-80.63048601150513,33.78469705581665,3.12
-80.63044309616089,33.78469705581665,2.87
-80.63040018081665,33.78469705581665,2.69
-80.63035726547241,33.78469705581665,2.56
-80.63031435012817,33.78469705581665,2.49
-80.63027143478394,33.78469705581665,2.44
-80.6302285194397,33.78469705581665,2.41
-80.63018560409546,33.78469705581665,2.39
-80.63014268875122,33.78469705581665,2.37
-80.63009977340698,33.78469705581665,2.36
-80.63005685806274,33.78469705581665,2.38
-80.6300139427185,33.78469705581665,2.41
-80.62997102737427,33.78469705581665,2.45
-80.62992811203003,33.78469705581665,2.5
-80.62988519668579,33.78469705581665,2.56
-80.62984228134155,33.78469705581665,2.6
-80.62979936599731,33.78469705581665,2.65
-80.62975645065308,33.78469705581665,2.74
-80.62971353530884,33.78469705581665,2.83
-80.6296706199646,33.78469705581665,2.91
-80.62962770462036,33.78469705581665,2.96
-80.62958478927612,33.78469705581665,3.04
-80.62954187393188,33.78469705581665,3.1
-80.62949895858765,33.78469705581665,3.12
-80.62945604324341,33.78469705581665,3.15
-80.62941312789917,33.78469705581665,3.16
-80.62937021255493,33.78469705581665,3.1
-80.6293272972107,33.78469705581665,3.02
-80.62928438186646,33.78469705581665,2.97
-80.62924146652222,33.78469705581665,2.93
-80.62919855117798,33.78469705581665,2.91
-80.62915563583374,33.78469705581665,2.95
-80.6291127204895,33.78469705581665,2.99
-80.62906980514526,33.78469705581665,3.02
-80.62902688980103,33.78469705581665,3.08
-80.62898397445679,33.78469705581665,3.18
-80.62894105911255,33.78469705581665,3.32
-80.62889814376831,33.78469705581665,3.49
-80.62885522842407,33.78469705581665,3.7
-80.62881231307983,33.78469705581665,3.91
-80.6287693977356,33.78469705581665,4.13
-80.62872648239136,33.78469705581665,4.26
-80.62868356704712,33.78469705581665,4.35
-80.62864065170288,33.78469705581665,4.38
-80.62859773635864,33.78469705581665,4.35
-80.6285548210144,33.78469705581665,4.26
-80.62851190567017,33.78469705581665,4.2
-80.62846899032593,33.78469705581665,4.16
-80.62842607498169,33.78469705581665,4.11
-80.62838315963745,33.78469705581665,4.12
-80.62834024429321,33.78469705581665,4.17
-80.62829732894897,33.78469705581665,4.25
-80.62825441360474,33.78469705581665,4.37
-80.6282114982605,33.78469705581665,4.52
-80.63035726547241,33.78465414047241,2.47
-80.63031435012817,33.78465414047241,2.44
-80.63027143478394,33.78465414047241,2.42
-80.6302285194397,33.78465414047241,2.39
-80.63018560409546,33.78465414047241,2.38
-80.63014268875122,33.78465414047241,2.36
-80.63009977340698,33.78465414047241,2.35
-80.63005685806274,33.78465414047241,2.35
-80.6300139427185,33.78465414047241,2.34
-80.62997102737427,33.78465414047241,2.34
-80.62992811203003,33.78465414047241,2.34
-80.62988519668579,33.78465414047241,2.35
-80.62984228134155,33.78465414047241,2.35
-80.62979936599731,33.78465414047241,2.39
-80.62975645065308,33.78465414047241,2.44
-80.62971353530884,33.78465414047241,2.52
-80.6296706199646,33.78465414047241,2.57
-80.62962770462036,33.78465414047241,2.63
-80.62958478927612,33.78465414047241,2.66
-80.62954187393188,33.78465414047241,2.72
-80.62949895858765,33.78465414047241,2.76
-80.62945604324341,33.78465414047241,2.83
-80.62941312789917,33.78465414047241,2.89
-80.62937021255493,33.78465414047241,2.91
-80.6293272972107,33.78465414047241,2.9
-80.62928438186646,33.78465414047241,2.9
-80.62924146652222,33.78465414047241,2.9
-80.62919855117798,33.78465414047241,2.91
-80.62915563583374,33.78465414047241,2.94
-80.6291127204895,33.78465414047241,2.98
-80.62906980514526,33.78465414047241,2.97
-80.62902688980103,33.78465414047241,2.98
-80.62898397445679,33.78465414047241,3.03
-80.62894105911255,33.78465414047241,3.13
-80.62889814376831,33.78465414047241,3.28
-80.62885522842407,33.78465414047241,3.5
-80.62881231307983,33.78465414047241,3.72
-80.6287693977356,33.78465414047241,3.95
-80.62872648239136,33.78465414047241,4.14
-80.62868356704712,33.78465414047241,4.28
-80.62864065170288,33.78465414047241,4.33
-80.62859773635864,33.78465414047241,4.33
-80.6285548210144,33.78465414047241,4.26
-80.62851190567017,33.78465414047241,4.18
-80.62846899032593,33.78465414047241,4.13
-80.62842607498169,33.78465414047241,4.12
-80.62838315963745,33.78465414047241,4.16
-80.62834024429321,33.78465414047241,4.25
-80.62829732894897,33.78465414047241,4.36
-80.62825441360474,33.78465414047241,4.47
-80.6282114982605,33.78465414047241,4.58
-80.62816858291626,33.78465414047241,4.66
-80.62812566757202,33.78465414047241,4.71
-80.6302285194397,33.784611225128174,2.39
-80.63018560409546,33.784611225128174,2.37
-80.63014268875122,33.784611225128174,2.36
-80.63009977340698,33.784611225128174,2.35
-80.63005685806274,33.784611225128174,2.34
-80.6300139427185,33.784611225128174,2.34
-80.62997102737427,33.784611225128174,2.34
-80.62992811203003,33.784611225128174,2.35
-80.62988519668579,33.784611225128174,2.35
-80.62984228134155,33.784611225128174,2.36
-80.62979936599731,33.784611225128174,2.37
-80.62975645065308,33.784611225128174,2.38
-80.62971353530884,33.784611225128174,2.39
-80.6296706199646,33.784611225128174,2.41
-80.62962770462036,33.784611225128174,2.42
-80.62958478927612,33.784611225128174,2.48
-80.62954187393188,33.784611225128174,2.55
-80.62949895858765,33.784611225128174,2.61
-80.62945604324341,33.784611225128174,2.68
-80.62941312789917,33.784611225128174,2.76
-80.62937021255493,33.784611225128174,2.79
-80.6293272972107,33.784611225128174,2.8
-80.62928438186646,33.784611225128174,2.84
-80.62924146652222,33.784611225128174,2.87
-80.62919855117798,33.784611225128174,2.9
-80.62915563583374,33.784611225128174,2.93
-80.6291127204895,33.784611225128174,2.98
-80.62906980514526,33.784611225128174,2.98
-80.62902688980103,33.784611225128174,2.97
-80.62898397445679,33.784611225128174,2.99
-80.62894105911255,33.784611225128174,3.04
-80.62889814376831,33.784611225128174,3.14
-80.62885522842407,33.784611225128174,3.31
-80.62881231307983,33.784611225128174,3.52
-80.6287693977356,33.784611225128174,3.76
-80.62872648239136,33.784611225128174,3.96
-80.62868356704712,33.784611225128174,4.14
-80.62864065170288,33.784611225128174,4.21
-80.62859773635864,33.784611225128174,4.25
-80.6285548210144,33.784611225128174,4.22
-80.62851190567017,33.784611225128174,4.18
-80.62846899032593,33.784611225128174,4.17
-80.62842607498169,33.784611225128174,4.21
-80.62838315963745,33.784611225128174,4.27
-80.62834024429321,33.784611225128174,4.37
-80.62829732894897,33.784611225128174,4.47
-80.62825441360474,33.784611225128174,4.55
-80.6282114982605,33.784611225128174,4.62
-80.62816858291626,33.784611225128174,4.68
-80.62812566757202,33.784611225128174,4.71
-80.62808275222778,33.784611225128174,4.72
-80.63009977340698,33.784568309783936,2.35
-80.63005685806274,33.784568309783936,2.34
-80.6300139427185,33.784568309783936,2.34
-80.62997102737427,33.784568309783936,2.34
-80.62992811203003,33.784568309783936,2.35
-80.62988519668579,33.784568309783936,2.35
-80.62984228134155,33.784568309783936,2.36
-80.62979936599731,33.784568309783936,2.37
-80.62975645065308,33.784568309783936,2.38
-80.62971353530884,33.784568309783936,2.39
-80.6296706199646,33.784568309783936,2.4
-80.62962770462036,33.784568309783936,2.42
-80.62958478927612,33.784568309783936,2.44
-80.62954187393188,33.784568309783936,2.46
-80.62949895858765,33.784568309783936,2.49
-80.62945604324341,33.784568309783936,2.53
-80.62941312789917,33.784568309783936,2.57
-80.62937021255493,33.784568309783936,2.62
-80.6293272972107,33.784568309783936,2.72
-80.62928438186646,33.784568309783936,2.8
-80.62924146652222,33.784568309783936,2.87
-80.62919855117798,33.784568309783936,2.93
-80.62915563583374,33.784568309783936,2.98
-80.6291127204895,33.784568309783936,2.99
-80.62906980514526,33.784568309783936,2.98
-80.62902688980103,33.784568309783936,2.96
-80.62898397445679,33.784568309783936,2.96
-80.62894105911255,33.784568309783936,2.99
-80.62889814376831,33.784568309783936,3.04
-80.62885522842407,33.784568309783936,3.16
-80.62881231307983,33.784568309783936,3.33
-80.6287693977356,33.784568309783936,3.54
-80.62872648239136,33.784568309783936,3.75
-80.62868356704712,33.784568309783936,3.94
-80.62864065170288,33.784568309783936,4.07
-80.62859773635864,33.784568309783936,4.2
-80.6285548210144,33.784568309783936,4.2
-80.62851190567017,33.784568309783936,4.19
-80.62846899032593,33.784568309783936,4.23
-80.62842607498169,33.784568309783936,4.29
-80.62838315963745,33.784568309783936,4.35
-80.62834024429321,33.784568309783936,4.47
-80.62829732894897,33.784568309783936,4.59
-80.62825441360474,33.784568309783936,4.65
-80.6282114982605,33.784568309783936,4.69
-80.62816858291626,33.784568309783936,4.72
-80.62812566757202,33.784568309783936,4.74
-80.62808275222778,33.784568309783936,4.76
-80.62803983688354,33.784568309783936,4.8
-80.6279969215393,33.784568309783936,4.86
-80.62984228134155,33.7845253944397,2.37
-80.62979936599731,33.7845253944397,2.37
-80.62975645065308,33.7845253944397,2.38
-80.62971353530884,33.7845253944397,2.39
-80.6296706199646,33.7845253944397,2.4
-80.62962770462036,33.7845253944397,2.42
-80.62958478927612,33.7845253944397,2.43
-80.62954187393188,33.7845253944397,2.46
-80.62949895858765,33.7845253944397,2.49
-80.62945604324341,33.7845253944397,2.52
-80.62941312789917,33.7845253944397,2.56
-80.62937021255493,33.7845253944397,2.61
-80.6293272972107,33.7845253944397,2.72
-80.62928438186646,33.7845253944397,2.77
-80.62924146652222,33.7845253944397,2.85
-80.62919855117798,33.7845253944397,2.92
-80.62915563583374,33.7845253944397,2.97
-80.6291127204895,33.7845253944397,2.97
-80.62906980514526,33.7845253944397,2.98
-80.62902688980103,33.7845253944397,2.95
-80.62898397445679,33.7845253944397,2.96
-80.62894105911255,33.7845253944397,2.94
-80.62889814376831,33.7845253944397,2.9
-80.62885522842407,33.7845253944397,2.92
-80.62881231307983,33.7845253944397,2.97
-80.6287693977356,33.7845253944397,3.1
-80.62872648239136,33.7845253944397,3.3
-80.62868356704712,33.7845253944397,3.55
-80.62864065170288,33.7845253944397,3.77
-80.62859773635864,33.7845253944397,3.99
-80.6285548210144,33.7845253944397,4.11
-80.62851190567017,33.7845253944397,4.16
-80.62846899032593,33.7845253944397,4.25
-80.62842607498169,33.7845253944397,4.37
-80.62838315963745,33.7845253944397,4.45
-80.62834024429321,33.7845253944397,4.54
-80.62829732894897,33.7845253944397,4.66
-80.62825441360474,33.7845253944397,4.71
-80.6282114982605,33.7845253944397,4.72
-80.62816858291626,33.7845253944397,4.75
-80.62812566757202,33.7845253944397,4.77
-80.62808275222778,33.7845253944397,4.81
-80.62803983688354,33.7845253944397,4.87
-80.6279969215393,33.7845253944397,4.95
-80.62795400619507,33.7845253944397,5.07
-80.62924146652222,33.78448247909546,2.89
-80.62919855117798,33.78448247909546,2.95
-80.62915563583374,33.78448247909546,2.96
-80.6291127204895,33.78448247909546,2.92
-80.62906980514526,33.78448247909546,2.93
-80.62902688980103,33.78448247909546,2.84
-80.62898397445679,33.78448247909546,2.74
-80.62894105911255,33.78448247909546,2.66
-80.62889814376831,33.78448247909546,2.58
-80.62885522842407,33.78448247909546,2.52
-80.62881231307983,33.78448247909546,2.55
-80.6287693977356,33.78448247909546,2.65
-80.62872648239136,33.78448247909546,2.84
-80.62868356704712,33.78448247909546,3.09
-80.62864065170288,33.78448247909546,3.35
-80.62859773635864,33.78448247909546,3.65
-80.6285548210144,33.78448247909546,3.89
-80.62851190567017,33.78448247909546,4.01
-80.62846899032593,33.78448247909546,4.16
-80.62842607498169,33.78448247909546,4.32
-80.62838315963745,33.78448247909546,4.42
-80.62834024429321,33.78448247909546,4.53
-80.62829732894897,33.78448247909546,4.66
-80.62825441360474,33.78448247909546,4.73
-80.6282114982605,33.78448247909546,4.73
-80.62816858291626,33.78448247909546,4.76
-80.62812566757202,33.78448247909546,4.8
-80.62808275222778,33.78448247909546,4.86
-80.62803983688354,33.78448247909546,4.94
-80.6279969215393,33.78448247909546,5.06
-80.62795400619507,33.78448247909546,5.18
-80.62791109085083,33.78448247909546,5.35
-80.6291127204895,33.78443956375122,2.88
-80.62906980514526,33.78443956375122,2.88
-80.62902688980103,33.78443956375122,2.72
-80.62898397445679,33.78443956375122,2.56
-80.62894105911255,33.78443956375122,2.43
-80.62889814376831,33.78443956375122,2.28
-80.62885522842407,33.78443956375122,2.17
-80.62881231307983,33.78443956375122,2.19
-80.6287693977356,33.78443956375122,2.3
-80.62872648239136,33.78443956375122,2.46
-80.62868356704712,33.78443956375122,2.71
-80.62864065170288,33.78443956375122,2.99
-80.62859773635864,33.78443956375122,3.31
-80.6285548210144,33.78443956375122,3.59
-80.62851190567017,33.78443956375122,3.77
-80.62846899032593,33.78443956375122,3.97
-80.62842607498169,33.78443956375122,4.13
-80.62838315963745,33.78443956375122,4.24
-80.62834024429321,33.78443956375122,4.35
-80.62829732894897,33.78443956375122,4.5
-80.62825441360474,33.78443956375122,4.63
-80.6282114982605,33.78443956375122,4.7
-80.62816858291626,33.78443956375122,4.8
-80.62812566757202,33.78443956375122,4.89
-80.62808275222778,33.78443956375122,4.98
-80.62803983688354,33.78443956375122,5.05
-80.6279969215393,33.78443956375122,5.17
-80.62795400619507,33.78443956375122,5.3
-80.62791109085083,33.78443956375122,5.45
-80.62786817550659,33.78443956375122,5.58
-80.62782526016235,33.78443956375122,5.75
-80.62778234481812,33.78443956375122,5.85
-80.62773942947388,33.78443956375122,5.87
-80.62769651412964,33.78443956375122,5.88
-80.62906980514526,33.78439664840698,2.88
-80.62902688980103,33.78439664840698,2.56
-80.62898397445679,33.78439664840698,2.29
-80.62894105911255,33.78439664840698,2.14
-80.62889814376831,33.78439664840698,1.95
-80.62885522842407,33.78439664840698,1.81
-80.62881231307983,33.78439664840698,1.81
-80.6287693977356,33.78439664840698,1.94
-80.62872648239136,33.78439664840698,2.09
-80.62868356704712,33.78439664840698,2.35
-80.62864065170288,33.78439664840698,2.68
-80.62859773635864,33.78439664840698,3.04
-80.6285548210144,33.78439664840698,3.36
-80.62851190567017,33.78439664840698,3.59
-80.62846899032593,33.78439664840698,3.79
-80.62842607498169,33.78439664840698,3.94
-80.62838315963745,33.78439664840698,4.03
-80.62834024429321,33.78439664840698,4.12
-80.62829732894897,33.78439664840698,4.28
-80.62825441360474,33.78439664840698,4.47
-80.6282114982605,33.78439664840698,4.63
-80.62816858291626,33.78439664840698,4.79
-80.62812566757202,33.78439664840698,4.96
-80.62808275222778,33.78439664840698,5.08
-80.62803983688354,33.78439664840698,5.16
-80.6279969215393,33.78439664840698,5.25
-80.62795400619507,33.78439664840698,5.36
-80.62791109085083,33.78439664840698,5.51
-80.62786817550659,33.78439664840698,5.62
-80.62782526016235,33.78439664840698,5.72
-80.62778234481812,33.78439664840698,5.82
-80.62773942947388,33.78439664840698,5.9
-80.62769651412964,33.78439664840698,5.88
-80.62898397445679,33.784353733062744,1.97
-80.62894105911255,33.784353733062744,1.81
-80.62889814376831,33.784353733062744,1.62
-80.62885522842407,33.784353733062744,1.49
-80.62881231307983,33.784353733062744,1.47
-80.6287693977356,33.784353733062744,1.58
-80.62872648239136,33.784353733062744,1.72
-80.62868356704712,33.784353733062744,1.99
-80.62864065170288,33.784353733062744,2.3
-80.62859773635864,33.784353733062744,2.62
-80.6285548210144,33.784353733062744,2.95
-80.62851190567017,33.784353733062744,3.16
-80.62846899032593,33.784353733062744,3.32
-80.62842607498169,33.784353733062744,3.43
-80.62838315963745,33.784353733062744,3.55
-80.62834024429321,33.784353733062744,3.67
-80.62829732894897,33.784353733062744,3.92
-80.62825441360474,33.784353733062744,4.19
-80.6282114982605,33.784353733062744,4.49
-80.62816858291626,33.784353733062744,4.77
-80.62812566757202,33.784353733062744,4.98
-80.62808275222778,33.784353733062744,5.11
-80.62803983688354,33.784353733062744,5.2
-80.6279969215393,33.784353733062744,5.3
-80.62795400619507,33.784353733062744,5.38
-80.62791109085083,33.784353733062744,5.5
-80.62786817550659,33.784353733062744,5.64
-80.62782526016235,33.784353733062744,5.75
-80.62778234481812,33.784353733062744,5.78
-80.62773942947388,33.784353733062744,5.87
-80.62769651412964,33.784353733062744,5.91
-80.6276535987854,33.784353733062744,5.92
-80.62894105911255,33.784310817718506,1.42
-80.62889814376831,33.784310817718506,1.29
-80.62885522842407,33.784310817718506,1.23
-80.62881231307983,33.784310817718506,1.24
-80.6287693977356,33.784310817718506,1.38
-80.62872648239136,33.784310817718506,1.5
-80.62868356704712,33.784310817718506,1.72
-80.62864065170288,33.784310817718506,1.98
-80.62859773635864,33.784310817718506,2.23
-80.6285548210144,33.784310817718506,2.46
-80.62851190567017,33.784310817718506,2.64
-80.62846899032593,33.784310817718506,2.79
-80.62842607498169,33.784310817718506,2.88
-80.62838315963745,33.784310817718506,3.0
-80.62834024429321,33.784310817718506,3.18
-80.62829732894897,33.784310817718506,3.46
-80.62825441360474,33.784310817718506,3.82
-80.6282114982605,33.784310817718506,4.25
-80.62816858291626,33.784310817718506,4.63
-80.62812566757202,33.784310817718506,4.94
-80.62808275222778,33.784310817718506,5.13
-80.62803983688354,33.784310817718506,5.24
-80.6279969215393,33.784310817718506,5.28
-80.62795400619507,33.784310817718506,5.35
-80.62791109085083,33.784310817718506,5.45
-80.62786817550659,33.784310817718506,5.55
-80.62782526016235,33.784310817718506,5.69
-80.62778234481812,33.784310817718506,5.76
-80.62773942947388,33.784310817718506,5.83
-80.62769651412964,33.784310817718506,5.9
-80.6276535987854,33.784310817718506,6.02
-80.62761068344116,33.784310817718506,6.05
-80.62894105911255,33.78426790237427,1.24
-80.62889814376831,33.78426790237427,1.22
-80.62885522842407,33.78426790237427,1.23
-80.62881231307983,33.78426790237427,1.24
-80.6287693977356,33.78426790237427,1.36
-80.62872648239136,33.78426790237427,1.44
-80.62868356704712,33.78426790237427,1.59
-80.62864065170288,33.78426790237427,1.72
-80.62859773635864,33.78426790237427,1.86
-80.6285548210144,33.78426790237427,2.03
-80.62851190567017,33.78426790237427,2.17
-80.62846899032593,33.78426790237427,2.31
-80.62842607498169,33.78426790237427,2.41
-80.62838315963745,33.78426790237427,2.55
-80.62834024429321,33.78426790237427,2.73
-80.62829732894897,33.78426790237427,3.02
-80.62825441360474,33.78426790237427,3.36
-80.6282114982605,33.78426790237427,3.82
-80.62816858291626,33.78426790237427,4.26
-80.62812566757202,33.78426790237427,4.66
-80.62808275222778,33.78426790237427,4.92
-80.62803983688354,33.78426790237427,5.09
-80.6279969215393,33.78426790237427,5.18
-80.62795400619507,33.78426790237427,5.25
-80.62791109085083,33.78426790237427,5.34
-80.62786817550659,33.78426790237427,5.44
-80.62782526016235,33.78426790237427,5.57
-80.62778234481812,33.78426790237427,5.69
-80.62773942947388,33.78426790237427,5.81
-80.62769651412964,33.78426790237427,5.86
-80.6276535987854,33.78426790237427,5.97
-80.62761068344116,33.78426790237427,6.08
-80.62756776809692,33.78426790237427,6.17
-80.62894105911255,33.78422498703003,1.19
-80.62889814376831,33.78422498703003,1.19
-80.62885522842407,33.78422498703003,1.22
-80.62881231307983,33.78422498703003,1.22
-80.6287693977356,33.78422498703003,1.31
-80.62872648239136,33.78422498703003,1.36
-80.62868356704712,33.78422498703003,1.45
-80.62864065170288,33.78422498703003,1.54
-80.62859773635864,33.78422498703003,1.63
-80.6285548210144,33.78422498703003,1.73
-80.62851190567017,33.78422498703003,1.81
-80.62846899032593,33.78422498703003,1.94
-80.62842607498169,33.78422498703003,2.03
-80.62838315963745,33.78422498703003,2.2
-80.62834024429321,33.78422498703003,2.4
-80.62829732894897,33.78422498703003,2.71
-80.62825441360474,33.78422498703003,3.02
-80.6282114982605,33.78422498703003,3.46
-80.62816858291626,33.78422498703003,3.86
-80.62812566757202,33.78422498703003,4.26
-80.62808275222778,33.78422498703003,4.59
-80.62803983688354,33.78422498703003,4.84
-80.6279969215393,33.78422498703003,4.98
-80.62795400619507,33.78422498703003,5.08
-80.62791109085083,33.78422498703003,5.19
-80.62786817550659,33.78422498703003,5.32
-80.62782526016235,33.78422498703003,5.44
-80.62778234481812,33.78422498703003,5.58
-80.62773942947388,33.78422498703003,5.79
-80.62769651412964,33.78422498703003,5.92
-80.6276535987854,33.78422498703003,5.98
-80.62761068344116,33.78422498703003,6.06
-80.62756776809692,33.78422498703003,6.18
-80.62752485275269,33.78422498703003,6.19
-80.62894105911255,33.78418207168579,1.17
-80.62889814376831,33.78418207168579,1.18
-80.62885522842407,33.78418207168579,1.2
-80.62881231307983,33.78418207168579,1.21
-80.6287693977356,33.78418207168579,1.26
-80.62872648239136,33.78418207168579,1.29
-80.62868356704712,33.78418207168579,1.34
-80.62864065170288,33.78418207168579,1.36
-80.62859773635864,33.78418207168579,1.37
-80.6285548210144,33.78418207168579,1.41
-80.62851190567017,33.78418207168579,1.43
-80.62846899032593,33.78418207168579,1.52
-80.62842607498169,33.78418207168579,1.62
-80.62838315963745,33.78418207168579,1.82
-80.62834024429321,33.78418207168579,2.07
-80.62829732894897,33.78418207168579,2.42
-80.62825441360474,33.78418207168579,2.73
-80.6282114982605,33.78418207168579,3.15
-80.62816858291626,33.78418207168579,3.52
-80.62812566757202,33.78418207168579,3.87
-80.62808275222778,33.78418207168579,4.17
-80.62803983688354,33.78418207168579,4.47
-80.6279969215393,33.78418207168579,4.66
-80.62795400619507,33.78418207168579,4.85
-80.62791109085083,33.78418207168579,5.0
-80.62786817550659,33.78418207168579,5.15
-80.62782526016235,33.78418207168579,5.34
-80.62778234481812,33.78418207168579,5.51
-80.62773942947388,33.78418207168579,5.68
-80.62769651412964,33.78418207168579,5.86
-80.6276535987854,33.78418207168579,5.99
-80.62761068344116,33.78418207168579,6.01
-80.62756776809692,33.78418207168579,6.08
-80.62752485275269,33.78418207168579,6.15
-80.62748193740845,33.78418207168579,6.19
-80.62894105911255,33.78413915634155,1.14
-80.62889814376831,33.78413915634155,1.17
-80.62885522842407,33.78413915634155,1.21
-80.62881231307983,33.78413915634155,1.23
-80.6287693977356,33.78413915634155,1.28
-80.62872648239136,33.78413915634155,1.29
-80.62868356704712,33.78413915634155,1.28
-80.62864065170288,33.78413915634155,1.26
-80.62859773635864,33.78413915634155,1.24
-80.6285548210144,33.78413915634155,1.24
-80.62851190567017,33.78413915634155,1.26
-80.62846899032593,33.78413915634155,1.4
-80.62842607498169,33.78413915634155,1.59
-80.62838315963745,33.78413915634155,1.85
-80.62834024429321,33.78413915634155,2.11
-80.62829732894897,33.78413915634155,2.4
-80.62825441360474,33.78413915634155,2.65
-80.6282114982605,33.78413915634155,2.94
-80.62816858291626,33.78413915634155,3.21
-80.62812566757202,33.78413915634155,3.5
-80.62808275222778,33.78413915634155,3.78
-80.62803983688354,33.78413915634155,4.06
-80.6279969215393,33.78413915634155,4.27
-80.62795400619507,33.78413915634155,4.53
-80.62791109085083,33.78413915634155,4.73
-80.62786817550659,33.78413915634155,4.91
-80.62782526016235,33.78413915634155,5.12
-80.62778234481812,33.78413915634155,5.42
-80.62773942947388,33.78413915634155,5.62
-80.62769651412964,33.78413915634155,5.78
-80.6276535987854,33.78413915634155,5.96
-80.62761068344116,33.78413915634155,6.03
-80.62756776809692,33.78413915634155,6.0
-80.62752485275269,33.78413915634155,6.0
-80.62748193740845,33.78413915634155,6.09
-80.62743902206421,33.78413915634155,6.09
-80.62881231307983,33.784096240997314,1.24
-80.6287693977356,33.784096240997314,1.27
-80.62872648239136,33.784096240997314,1.26
-80.62868356704712,33.784096240997314,1.23
-80.62864065170288,33.784096240997314,1.2
-80.62859773635864,33.784096240997314,1.19
-80.6285548210144,33.784096240997314,1.21
-80.62851190567017,33.784096240997314,1.24
-80.62846899032593,33.784096240997314,1.38
-80.62842607498169,33.784096240997314,1.57
-80.62838315963745,33.784096240997314,1.88
-80.62834024429321,33.784096240997314,2.19
-80.62829732894897,33.784096240997314,2.47
-80.62825441360474,33.784096240997314,2.68
-80.6282114982605,33.784096240997314,2.85
-80.62816858291626,33.784096240997314,3.0
-80.62812566757202,33.784096240997314,3.2
-80.62808275222778,33.784096240997314,3.41
-80.62803983688354,33.784096240997314,3.66
-80.6279969215393,33.784096240997314,3.93
-80.62795400619507,33.784096240997314,4.25
-80.62791109085083,33.784096240997314,4.52
-80.62786817550659,33.784096240997314,4.76
-80.62782526016235,33.784096240997314,5.0
-80.62778234481812,33.784096240997314,5.31
-80.62773942947388,33.784096240997314,5.56
-80.62769651412964,33.784096240997314,5.73
-80.6276535987854,33.784096240997314,5.84
-80.62761068344116,33.784096240997314,5.92
-80.62756776809692,33.784096240997314,5.93
-80.62752485275269,33.784096240997314,5.88
-80.62748193740845,33.784096240997314,5.92
-80.62743902206421,33.784096240997314,6.0
-80.62739610671997,33.784096240997314,6.07
-80.62838315963745,33.784053325653076,1.91
-80.62834024429321,33.784053325653076,2.26
-80.62829732894897,33.784053325653076,2.57
-80.62825441360474,33.784053325653076,2.78
-80.6282114982605,33.784053325653076,2.93
-80.62816858291626,33.784053325653076,3.01
-80.62812566757202,33.784053325653076,3.1
-80.62808275222778,33.784053325653076,3.24
-80.62803983688354,33.784053325653076,3.42
-80.6279969215393,33.784053325653076,3.64
-80.62795400619507,33.784053325653076,3.97
-80.62791109085083,33.784053325653076,4.32
-80.62786817550659,33.784053325653076,4.61
-80.62782526016235,33.784053325653076,4.9
-80.62778234481812,33.784053325653076,5.22
-80.62773942947388,33.784053325653076,5.46
-80.62769651412964,33.784053325653076,5.66
-80.6276535987854,33.784053325653076,5.77
-80.62761068344116,33.784053325653076,5.8
-80.62756776809692,33.784053325653076,5.83
-80.62752485275269,33.784053325653076,5.83
-80.62748193740845,33.784053325653076,5.81
-80.62743902206421,33.784053325653076,5.86
-80.62739610671997,33.784053325653076,6.0
-80.62829732894897,33.78401041030884,2.67
-80.62825441360474,33.78401041030884,2.86
-80.6282114982605,33.78401041030884,2.99
-80.62816858291626,33.78401041030884,3.07
-80.62812566757202,33.78401041030884,3.13
-80.62808275222778,33.78401041030884,3.19
-80.62803983688354,33.78401041030884,3.31
-80.6279969215393,33.78401041030884,3.48
-80.62795400619507,33.78401041030884,3.74
-80.62791109085083,33.78401041030884,4.06
-80.62786817550659,33.78401041030884,4.42
-80.62782526016235,33.78401041030884,4.75
-80.62778234481812,33.78401041030884,5.1
-80.62773942947388,33.78401041030884,5.32
-80.62769651412964,33.78401041030884,5.51
-80.6276535987854,33.78401041030884,5.64
-80.62761068344116,33.78401041030884,5.7
-80.62756776809692,33.78401041030884,5.7
-80.62752485275269,33.78401041030884,5.77
-80.62748193740845,33.78401041030884,5.8
-80.62743902206421,33.78401041030884,5.79
-80.62739610671997,33.78401041030884,5.84
-80.62735319137573,33.78401041030884,5.87
-80.62825441360474,33.7839674949646,3.03
-80.6282114982605,33.7839674949646,3.06
-80.62816858291626,33.7839674949646,3.12
-80.62812566757202,33.7839674949646,3.18
-80.62808275222778,33.7839674949646,3.25
-80.62803983688354,33.7839674949646,3.33
-80.6279969215393,33.7839674949646,3.47
-80.62795400619507,33.7839674949646,3.66
-80.62791109085083,33.7839674949646,3.9
-80.62786817550659,33.7839674949646,4.2
-80.62782526016235,33.7839674949646,4.55
-80.62778234481812,33.7839674949646,4.91
-80.62773942947388,33.7839674949646,5.19
-80.62769651412964,33.7839674949646,5.41
-80.6276535987854,33.7839674949646,5.54
-80.62761068344116,33.7839674949646,5.64
-80.62756776809692,33.7839674949646,5.66
-80.62752485275269,33.7839674949646,5.66
-80.62748193740845,33.7839674949646,5.71
-80.62743902206421,33.7839674949646,5.7
-80.62739610671997,33.7839674949646,5.68
-80.62735319137573,33.7839674949646,5.65
-80.6273102760315,33.7839674949646,5.64
-80.6282114982605,33.78392457962036,3.09
-80.62816858291626,33.78392457962036,3.17
-80.62812566757202,33.78392457962036,3.24
-80.62808275222778,33.78392457962036,3.34
-80.62803983688354,33.78392457962036,3.42
-80.6279969215393,33.78392457962036,3.54
-80.62795400619507,33.78392457962036,3.67
-80.62791109085083,33.78392457962036,3.86
-80.62786817550659,33.78392457962036,4.09
-80.62782526016235,33.78392457962036,4.38
-80.62778234481812,33.78392457962036,4.7
-80.62773942947388,33.78392457962036,5.0
-80.62769651412964,33.78392457962036,5.26
-80.6276535987854,33.78392457962036,5.41
-80.62761068344116,33.78392457962036,5.54
-80.62756776809692,33.78392457962036,5.64
-80.62752485275269,33.78392457962036,5.65
-80.62748193740845,33.78392457962036,5.63
-80.62743902206421,33.78392457962036,5.62
-80.62739610671997,33.78392457962036,5.57
-80.62735319137573,33.78392457962036,5.45
-80.6273102760315,33.78392457962036,5.39
-80.62726736068726,33.78392457962036,5.32
-80.62816858291626,33.78388166427612,3.22
-80.62812566757202,33.78388166427612,3.3
-80.62808275222778,33.78388166427612,3.41
-80.62803983688354,33.78388166427612,3.51
-80.6279969215393,33.78388166427612,3.61
-80.62795400619507,33.78388166427612,3.67
-80.62791109085083,33.78388166427612,3.79
-80.62786817550659,33.78388166427612,3.96
-80.62782526016235,33.78388166427612,4.18
-80.62778234481812,33.78388166427612,4.44
-80.62773942947388,33.78388166427612,4.76
-80.62769651412964,33.78388166427612,5.05
-80.6276535987854,33.78388166427612,5.27
-80.62761068344116,33.78388166427612,5.46
-80.62756776809692,33.78388166427612,5.56
-80.62752485275269,33.78388166427612,5.61
-80.62748193740845,33.78388166427612,5.59
-80.62743902206421,33.78388166427612,5.5
-80.62739610671997,33.78388166427612,5.43
-80.62735319137573,33.78388166427612,5.31
-80.6273102760315,33.78388166427612,5.2
-80.62726736068726,33.78388166427612,5.14
-80.62722444534302,33.78388166427612,5.14
-80.62812566757202,33.783838748931885,3.39
-80.62808275222778,33.783838748931885,3.48
-80.62803983688354,33.783838748931885,3.58
-80.6279969215393,33.783838748931885,3.67
-80.62795400619507,33.783838748931885,3.71
-80.62791109085083,33.783838748931885,3.77
-80.62786817550659,33.783838748931885,3.87
-80.62782526016235,33.783838748931885,4.03
-80.62778234481812,33.783838748931885,4.23
-80.62773942947388,33.783838748931885,4.5
-80.62769651412964,33.783838748931885,4.8
-80.6276535987854,33.783838748931885,5.1
-80.62761068344116,33.783838748931885,5.33
-80.62756776809692,33.783838748931885,5.44
-80.62752485275269,33.783838748931885,5.5
-80.62748193740845,33.783838748931885,5.49
-80.62743902206421,33.783838748931885,5.35
-80.62739610671997,33.783838748931885,5.23
-80.62735319137573,33.783838748931885,5.14
-80.6273102760315,33.783838748931885,5.03
-80.62726736068726,33.783838748931885,4.98
-80.62722444534302,33.783838748931885,5.0
-80.62718152999878,33.783838748931885,5.01
-80.62803983688354,33.78379583358765,3.63
-80.6279969215393,33.78379583358765,3.72
-80.62795400619507,33.78379583358765,3.76
-80.62791109085083,33.78379583358765,3.81
-80.62786817550659,33.78379583358765,3.84
-80.62782526016235,33.78379583358765,3.93
-80.62778234481812,33.78379583358765,4.08
-80.62773942947388,33.78379583358765,4.29
-80.62769651412964,33.78379583358765,4.53
-80.6276535987854,33.78379583358765,4.87
-80.62761068344116,33.78379583358765,5.17
-80.62756776809692,33.78379583358765,5.28
-80.62752485275269,33.78379583358765,5.34
-80.62748193740845,33.78379583358765,5.35
-80.62743902206421,33.78379583358765,5.21
-80.62739610671997,33.78379583358765,5.04
-80.62735319137573,33.78379583358765,5.0
-80.6273102760315,33.78379583358765,4.94
-80.62726736068726,33.78379583358765,4.9
-80.62722444534302,33.78379583358765,4.94
-80.62718152999878,33.78379583358765,5.01
-80.62713861465454,33.78379583358765,5.06
-80.6279969215393,33.78375291824341,3.76
-80.62795400619507,33.78375291824341,3.8
-80.62791109085083,33.78375291824341,3.84
-80.62786817550659,33.78375291824341,3.87
-80.62782526016235,33.78375291824341,3.9
-80.62778234481812,33.78375291824341,3.99
-80.62773942947388,33.78375291824341,4.13
-80.62769651412964,33.78375291824341,4.31
-80.6276535987854,33.78375291824341,4.58
-80.62761068344116,33.78375291824341,4.86
-80.62756776809692,33.78375291824341,5.0
-80.62752485275269,33.78375291824341,5.08
-80.62748193740845,33.78375291824341,5.08
-80.62743902206421,33.78375291824341,5.07
-80.62739610671997,33.78375291824341,4.96
-80.62735319137573,33.78375291824341,4.93
-80.6273102760315,33.78375291824341,4.93
-80.62726736068726,33.78375291824341,4.96
-80.62722444534302,33.78375291824341,4.92
-80.62718152999878,33.78375291824341,4.99
-80.62713861465454,33.78375291824341,5.09
-80.6270956993103,33.78375291824341,5.17
-80.62795400619507,33.78371000289917,3.83
-80.62791109085083,33.78371000289917,3.87
-80.62786817550659,33.78371000289917,3.9
-80.62782526016235,33.78371000289917,3.93
-80.62778234481812,33.78371000289917,3.95
-80.62773942947388,33.78371000289917,4.02
-80.62769651412964,33.78371000289917,4.15
-80.6276535987854,33.78371000289917,4.35
-80.62761068344116,33.78371000289917,4.53
-80.62756776809692,33.78371000289917,4.65
-80.62752485275269,33.78371000289917,4.76
-80.62748193740845,33.78371000289917,4.78
-80.62743902206421,33.78371000289917,4.82
-80.62739610671997,33.78371000289917,4.87
-80.62735319137573,33.78371000289917,4.93
-80.6273102760315,33.78371000289917,4.93
-80.62726736068726,33.78371000289917,5.01
-80.62722444534302,33.78371000289917,5.0
-80.62718152999878,33.78371000289917,5.0
-80.62713861465454,33.78371000289917,5.07
-80.6270956993103,33.78371000289917,5.19
-80.62705278396606,33.78371000289917,5.25
-80.62700986862183,33.78371000289917,5.33
-80.62791109085083,33.78366708755493,3.89
-80.62786817550659,33.78366708755493,3.92
-80.62782526016235,33.78366708755493,3.95
-80.62778234481812,33.78366708755493,3.97
-80.62773942947388,33.78366708755493,3.97
-80.62769651412964,33.78366708755493,4.02
-80.6276535987854,33.78366708755493,4.14
-80.62761068344116,33.78366708755493,4.24
-80.62756776809692,33.78366708755493,4.31
-80.62752485275269,33.78366708755493,4.4
-80.62748193740845,33.78366708755493,4.45
-80.62743902206421,33.78366708755493,4.54
-80.62739610671997,33.78366708755493,4.65
-80.62735319137573,33.78366708755493,4.83
-80.6273102760315,33.78366708755493,4.91
-80.62726736068726,33.78366708755493,5.01
-80.62722444534302,33.78366708755493,5.06
-80.62718152999878,33.78366708755493,5.08
-80.62713861465454,33.78366708755493,5.1
-80.6270956993103,33.78366708755493,5.18
-80.62705278396606,33.78366708755493,5.26
-80.62700986862183,33.78366708755493,5.32
-80.62696695327759,33.78366708755493,5.4
-80.62782526016235,33.78362417221069,3.96
-80.62778234481812,33.78362417221069,3.98
-80.62773942947388,33.78362417221069,3.97
-80.62769651412964,33.78362417221069,3.95
-80.6276535987854,33.78362417221069,3.97
-80.62761068344116,33.78362417221069,4.0
-80.62756776809692,33.78362417221069,4.0
-80.62752485275269,33.78362417221069,4.05
-80.62748193740845,33.78362417221069,4.12
-80.62743902206421,33.78362417221069,4.28
-80.62739610671997,33.78362417221069,4.42
-80.62735319137573,33.78362417221069,4.65
-80.6273102760315,33.78362417221069,4.8
-80.62726736068726,33.78362417221069,4.94
-80.62722444534302,33.78362417221069,5.0
-80.62718152999878,33.78362417221069,5.05
-80.62713861465454,33.78362417221069,5.08
-80.6270956993103,33.78362417221069,5.17
-80.62705278396606,33.78362417221069,5.28
-80.62700986862183,33.78362417221069,5.37
-80.62696695327759,33.78362417221069,5.5
-80.62692403793335,33.78362417221069,5.59
-80.62778234481812,33.783581256866455,3.99
-80.62773942947388,33.783581256866455,3.96
-80.62769651412964,33.783581256866455,3.91
-80.6276535987854,33.783581256866455,3.85
-80.62761068344116,33.783581256866455,3.81
-80.62756776809692,33.783581256866455,3.77
-80.62752485275269,33.783581256866455,3.78
-80.62748193740845,33.783581256866455,3.83
-80.62743902206421,33.783581256866455,4.01
-80.62739610671997,33.783581256866455,4.22
-80.62735319137573,33.783581256866455,4.44
-80.6273102760315,33.783581256866455,4.64
-80.62726736068726,33.783581256866455,4.85
-80.62722444534302,33.783581256866455,4.98
-80.62718152999878,33.783581256866455,5.06
-80.62713861465454,33.783581256866455,5.15
-80.6270956993103,33.783581256866455,5.26
-80.62705278396606,33.783581256866455,5.35
-80.62700986862183,33.783581256866455,5.4
-80.62696695327759,33.783581256866455,5.45
-80.62692403793335,33.783581256866455,5.43
-80.62688112258911,33.783581256866455,5.36
-80.62773942947388,33.78353834152222,3.94
-80.62769651412964,33.78353834152222,3.86
-80.6276535987854,33.78353834152222,3.78
-80.62761068344116,33.78353834152222,3.72
-80.62756776809692,33.78353834152222,3.67
-80.62752485275269,33.78353834152222,3.65
-80.62748193740845,33.78353834152222,3.68
-80.62743902206421,33.78353834152222,3.77
-80.62739610671997,33.78353834152222,3.95
-80.62735319137573,33.78353834152222,4.17
-80.6273102760315,33.78353834152222,4.36
-80.62726736068726,33.78353834152222,4.6
-80.62722444534302,33.78353834152222,4.84
-80.62718152999878,33.78353834152222,4.99
-80.62713861465454,33.78353834152222,5.12
-80.6270956993103,33.78353834152222,5.28
-80.62705278396606,33.78353834152222,5.4
-80.62700986862183,33.78353834152222,5.46
-80.62696695327759,33.78353834152222,5.49
-80.62692403793335,33.78353834152222,5.43
-80.62688112258911,33.78353834152222,5.33
-80.62683820724487,33.78353834152222,5.17
-80.62679529190063,33.78353834152222,4.97
-80.62769651412964,33.78349542617798,3.8
-80.6276535987854,33.78349542617798,3.7
-80.62761068344116,33.78349542617798,3.64
-80.62756776809692,33.78349542617798,3.61
-80.62752485275269,33.78349542617798,3.6
-80.62748193740845,33.78349542617798,3.62
-80.62743902206421,33.78349542617798,3.65
-80.62739610671997,33.78349542617798,3.73
-80.62735319137573,33.78349542617798,3.89
-80.6273102760315,33.78349542617798,4.08
-80.62726736068726,33.78349542617798,4.33
-80.62722444534302,33.78349542617798,4.66
-80.62718152999878,33.78349542617798,4.95
-80.62713861465454,33.78349542617798,5.16
-80.6270956993103,33.78349542617798,5.33
-80.62705278396606,33.78349542617798,5.42
-80.62700986862183,33.78349542617798,5.4
-80.62696695327759,33.78349542617798,5.33
-80.62692403793335,33.78349542617798,5.22
-80.62688112258911,33.78349542617798,5.12
-80.62683820724487,33.78349542617798,5.05
-80.62679529190063,33.78349542617798,4.99
-80.6267523765564,33.78349542617798,4.95
-80.6276535987854,33.78345251083374,3.62
-80.62761068344116,33.78345251083374,3.59
-80.62756776809692,33.78345251083374,3.55
-80.62752485275269,33.78345251083374,3.54
-80.62748193740845,33.78345251083374,3.58
-80.62743902206421,33.78345251083374,3.59
-80.62739610671997,33.78345251083374,3.6
-80.62735319137573,33.78345251083374,3.67
-80.6273102760315,33.78345251083374,3.79
-80.62726736068726,33.78345251083374,4.03
-80.62722444534302,33.78345251083374,4.4
-80.62718152999878,33.78345251083374,4.78
-80.62713861465454,33.78345251083374,5.12
-80.6270956993103,33.78345251083374,5.36
-80.62705278396606,33.78345251083374,5.45
-80.62700986862183,33.78345251083374,5.39
-80.62696695327759,33.78345251083374,5.25
-80.62692403793335,33.78345251083374,5.11
-80.62688112258911,33.78345251083374,5.01
-80.62683820724487,33.78345251083374,4.96
-80.62679529190063,33.78345251083374,4.98
-80.6267523765564,33.78345251083374,5.02
-80.62670946121216,33.78345251083374,5.1
-80.62756776809692,33.7834095954895,3.55
-80.62752485275269,33.7834095954895,3.5
-80.62748193740845,33.7834095954895,3.55
-80.62743902206421,33.7834095954895,3.54
-80.62739610671997,33.7834095954895,3.53
-80.62735319137573,33.7834095954895,3.53
-80.6273102760315,33.7834095954895,3.62
-80.62726736068726,33.7834095954895,3.82
-80.62722444534302,33.7834095954895,4.14
-80.62718152999878,33.7834095954895,4.54
-80.62713861465454,33.7834095954895,4.97
-80.6270956993103,33.7834095954895,5.24
-80.62705278396606,33.7834095954895,5.36
-80.62700986862183,33.7834095954895,5.33
-80.62696695327759,33.7834095954895,5.16
-80.62692403793335,33.7834095954895,4.98
-80.62688112258911,33.7834095954895,4.92
-80.62683820724487,33.7834095954895,4.92
-80.62679529190063,33.7834095954895,5.0
-80.6267523765564,33.7834095954895,5.09
-80.62670946121216,33.7834095954895,5.19
-80.62752485275269,33.783366680145264,3.47
-80.62748193740845,33.783366680145264,3.47
-80.62743902206421,33.783366680145264,3.47
-80.62739610671997,33.783366680145264,3.46
-80.62735319137573,33.783366680145264,3.43
-80.6273102760315,33.783366680145264,3.46
-80.62726736068726,33.783366680145264,3.63
-80.62722444534302,33.783366680145264,3.87
-80.62718152999878,33.783366680145264,4.21
-80.62713861465454,33.783366680145264,4.62
-80.6270956993103,33.783366680145264,4.96
-80.62705278396606,33.783366680145264,5.11
-80.62700986862183,33.783366680145264,5.17
-80.62696695327759,33.783366680145264,5.12
-80.62692403793335,33.783366680145264,5.04
-80.62688112258911,33.783366680145264,5.02
-80.62683820724487,33.783366680145264,5.1
-80.62679529190063,33.783366680145264,5.19
-80.6267523765564,33.783366680145264,5.25
-80.62670946121216,33.783366680145264,5.31
-80.62666654586792,33.783366680145264,5.35
-80.62748193740845,33.783323764801025,3.45
-80.62743902206421,33.783323764801025,3.41
-80.62739610671997,33.783323764801025,3.39
-80.62735319137573,33.783323764801025,3.36
-80.6273102760315,33.783323764801025,3.35
-80.62726736068726,33.783323764801025,3.47
-80.62722444534302,33.783323764801025,3.69
-80.62718152999878,33.783323764801025,3.97
-80.62713861465454,33.783323764801025,4.31
-80.6270956993103,33.783323764801025,4.68
-80.62705278396606,33.783323764801025,4.89
-80.62700986862183,33.783323764801025,4.95
-80.62696695327759,33.783323764801025,4.95
-80.62692403793335,33.783323764801025,4.97
-80.62688112258911,33.783323764801025,5.01
-80.62683820724487,33.783323764801025,5.09
-80.62679529190063,33.783323764801025,5.23
-80.6267523765564,33.783323764801025,5.32
-80.62670946121216,33.783323764801025,5.37
-80.62666654586792,33.783323764801025,5.37
-80.62743902206421,33.78328084945679,3.33
-80.62739610671997,33.78328084945679,3.29
-80.62735319137573,33.78328084945679,3.26
-80.6273102760315,33.78328084945679,3.24
-80.62726736068726,33.78328084945679,3.31
-80.62722444534302,33.78328084945679,3.43
-80.62718152999878,33.78328084945679,3.66
-80.62713861465454,33.78328084945679,3.95
-80.6270956993103,33.78328084945679,4.31
-80.62705278396606,33.78328084945679,4.6
-80.62700986862183,33.78328084945679,4.77
-80.62696695327759,33.78328084945679,4.86
-80.62692403793335,33.78328084945679,4.98
-80.62688112258911,33.78328084945679,5.06
-80.62683820724487,33.78328084945679,5.09
-80.62679529190063,33.78328084945679,5.23
-80.6267523765564,33.78328084945679,5.32
-80.62670946121216,33.78328084945679,5.34
-80.62666654586792,33.78328084945679,5.34
-80.62739610671997,33.78323793411255,3.23
-80.62735319137573,33.78323793411255,3.18
-80.6273102760315,33.78323793411255,3.16
-80.62726736068726,33.78323793411255,3.21
-80.62722444534302,33.78323793411255,3.24
-80.62718152999878,33.78323793411255,3.36
-80.62713861465454,33.78323793411255,3.57
-80.6270956993103,33.78323793411255,3.92
-80.62705278396606,33.78323793411255,4.22
-80.62700986862183,33.78323793411255,4.53
-80.62696695327759,33.78323793411255,4.72
-80.62692403793335,33.78323793411255,4.96
-80.62688112258911,33.78323793411255,5.08
-80.62683820724487,33.78323793411255,5.14
-80.62679529190063,33.78323793411255,5.24
-80.6267523765564,33.78323793411255,5.32
-80.62670946121216,33.78323793411255,5.32
-80.62666654586792,33.78323793411255,5.29
-80.62735319137573,33.78319501876831,3.07
-80.6273102760315,33.78319501876831,3.05
-80.62726736068726,33.78319501876831,3.11
-80.62722444534302,33.78319501876831,3.14
-80.62718152999878,33.78319501876831,3.2
-80.62713861465454,33.78319501876831,3.3
-80.6270956993103,33.78319501876831,3.59
-80.62705278396606,33.78319501876831,3.87
-80.62700986862183,33.78319501876831,4.16
-80.62696695327759,33.78319501876831,4.46
-80.62692403793335,33.78319501876831,4.81
-80.62688112258911,33.78319501876831,4.99
-80.62683820724487,33.78319501876831,5.08
-80.62679529190063,33.78319501876831,5.2
-80.6267523765564,33.78319501876831,5.24
-80.62670946121216,33.78319501876831,5.27
-80.62666654586792,33.78319501876831,5.25
-80.6273102760315,33.78315210342407,2.95
-80.62726736068726,33.78315210342407,3.0
-80.62722444534302,33.78315210342407,3.03
-80.62718152999878,33.78315210342407,3.08
-80.62713861465454,33.78315210342407,3.15
-80.6270956993103,33.78315210342407,3.32
-80.62705278396606,33.78315210342407,3.6
-80.62700986862183,33.78315210342407,3.88
-80.62696695327759,33.78315210342407,4.19
-80.62692403793335,33.78315210342407,4.58
-80.62688112258911,33.78315210342407,4.86
-80.62683820724487,33.78315210342407,4.98
-80.62679529190063,33.78315210342407,5.12
-80.6267523765564,33.78315210342407,5.18
-80.62670946121216,33.78315210342407,5.21
-80.62666654586792,33.78315210342407,5.21
-80.6273102760315,33.783109188079834,2.86
-80.62726736068726,33.783109188079834,2.9
-80.62722444534302,33.783109188079834,2.93
-80.62718152999878,33.783109188079834,2.96
-80.62713861465454,33.783109188079834,3.01
-80.6270956993103,33.783109188079834,3.11
-80.62705278396606,33.783109188079834,3.32
-80.62700986862183,33.783109188079834,3.61
-80.62696695327759,33.783109188079834,3.95
-80.62692403793335,33.783109188079834,4.35
-80.62688112258911,33.783109188079834,4.7
-80.62683820724487,33.783109188079834,4.92
-80.62679529190063,33.783109188079834,5.05
-80.6267523765564,33.783109188079834,5.12
-80.62670946121216,33.783109188079834,5.17
-80.62666654586792,33.783109188079834,5.18
-80.62662363052368,33.783109188079834,5.2
-80.6273102760315,33.783066272735596,2.83
-80.62726736068726,33.783066272735596,2.84
-80.62722444534302,33.783066272735596,2.85
-80.62718152999878,33.783066272735596,2.86
-80.62713861465454,33.783066272735596,2.87
-80.6270956993103,33.783066272735596,2.93
-80.62705278396606,33.783066272735596,3.11
-80.62700986862183,33.783066272735596,3.41
-80.62696695327759,33.783066272735596,3.78
-80.62692403793335,33.783066272735596,4.19
-80.62688112258911,33.783066272735596,4.56
-80.62683820724487,33.783066272735596,4.85
-80.62679529190063,33.783066272735596,4.98
-80.6267523765564,33.783066272735596,5.02
-80.62670946121216,33.783066272735596,5.04
-80.62666654586792,33.783066272735596,5.01
-80.62662363052368,33.783066272735596,4.96
-80.6273102760315,33.78302335739136,2.82
-80.62726736068726,33.78302335739136,2.82
-80.62722444534302,33.78302335739136,2.82
-80.62718152999878,33.78302335739136,2.82
-80.62713861465454,33.78302335739136,2.82
-80.6270956993103,33.78302335739136,2.84
-80.62705278396606,33.78302335739136,2.98
-80.62700986862183,33.78302335739136,3.24
-80.62696695327759,33.78302335739136,3.6
-80.62692403793335,33.78302335739136,3.99
-80.62688112258911,33.78302335739136,4.4
-80.62683820724487,33.78302335739136,4.7
-80.62679529190063,33.78302335739136,4.88
-80.6267523765564,33.78302335739136,4.92
-80.62670946121216,33.78302335739136,4.92
-80.62666654586792,33.78302335739136,4.85
-80.62662363052368,33.78302335739136,4.77
-80.62658071517944,33.78302335739136,4.69
-80.6273102760315,33.78298044204712,2.81
-80.62726736068726,33.78298044204712,2.81
-80.62722444534302,33.78298044204712,2.82
-80.62718152999878,33.78298044204712,2.82
-80.62713861465454,33.78298044204712,2.84
-80.6270956993103,33.78298044204712,2.86
-80.62705278396606,33.78298044204712,2.98
-80.62700986862183,33.78298044204712,3.21
-80.62696695327759,33.78298044204712,3.48
-80.62692403793335,33.78298044204712,3.82
-80.62688112258911,33.78298044204712,4.21
-80.62683820724487,33.78298044204712,4.52
-80.62679529190063,33.78298044204712,4.68
-80.6267523765564,33.78298044204712,4.74
-80.62670946121216,33.78298044204712,4.74
-80.62666654586792,33.78298044204712,4.68
-80.62662363052368,33.78298044204712,4.59
-80.62658071517944,33.78298044204712,4.55
-80.6273102760315,33.78293752670288,2.81
-80.62726736068726,33.78293752670288,2.81
-80.62722444534302,33.78293752670288,2.83
-80.62718152999878,33.78293752670288,2.85
-80.62713861465454,33.78293752670288,2.89
-80.6270956993103,33.78293752670288,2.93
-80.62705278396606,33.78293752670288,3.02
-80.62700986862183,33.78293752670288,3.2
-80.62696695327759,33.78293752670288,3.42
-80.62692403793335,33.78293752670288,3.69
-80.62688112258911,33.78293752670288,4.02
-80.62683820724487,33.78293752670288,4.36
-80.62679529190063,33.78293752670288,4.51
-80.6267523765564,33.78293752670288,4.6
-80.62670946121216,33.78293752670288,4.63
-80.62666654586792,33.78293752670288,4.6
-80.62662363052368,33.78293752670288,4.54
-80.62658071517944,33.78293752670288,4.55
-80.6265377998352,33.78293752670288,4.59
-80.62726736068726,33.78289461135864,2.84
-80.62722444534302,33.78289461135864,2.87
-80.62718152999878,33.78289461135864,2.91
-80.62713861465454,33.78289461135864,2.97
-80.6270956993103,33.78289461135864,3.04
-80.62705278396606,33.78289461135864,3.12
-80.62700986862183,33.78289461135864,3.27
-80.62696695327759,33.78289461135864,3.43
-80.62692403793335,33.78289461135864,3.64
-80.62688112258911,33.78289461135864,3.9
-80.62683820724487,33.78289461135864,4.24
-80.62679529190063,33.78289461135864,4.41
-80.6267523765564,33.78289461135864,4.52
-80.62670946121216,33.78289461135864,4.56
-80.62666654586792,33.78289461135864,4.57
-80.62662363052368,33.78289461135864,4.51
-80.62658071517944,33.78289461135864,4.56
-80.6265377998352,33.78289461135864,4.61
-80.62726736068726,33.782851696014404,2.89
-80.62722444534302,33.782851696014404,2.94
-80.62718152999878,33.782851696014404,3.0
-80.62713861465454,33.782851696014404,3.08
-80.6270956993103,33.782851696014404,3.17
-80.62705278396606,33.782851696014404,3.25
-80.62700986862183,33.782851696014404,3.37
-80.62696695327759,33.782851696014404,3.48
-80.62692403793335,33.782851696014404,3.64
-80.62688112258911,33.782851696014404,3.84
-80.62683820724487,33.782851696014404,4.13
-80.62679529190063,33.782851696014404,4.29
-80.6267523765564,33.782851696014404,4.44
-80.62670946121216,33.782851696014404,4.56
-80.62666654586792,33.782851696014404,4.62
-80.62662363052368,33.782851696014404,4.63
-80.62658071517944,33.782851696014404,4.73
-80.6265377998352,33.782851696014404,4.82
-80.62649488449097,33.782851696014404,4.9
-80.62722444534302,33.782808780670166,3.06
-80.62718152999878,33.782808780670166,3.13
-80.62713861465454,33.782808780670166,3.22
-80.6270956993103,33.782808780670166,3.32
-80.62705278396606,33.782808780670166,3.4
-80.62700986862183,33.782808780670166,3.48
-80.62696695327759,33.782808780670166,3.54
-80.62692403793335,33.782808780670166,3.65
-80.62688112258911,33.782808780670166,3.78
-80.62683820724487,33.782808780670166,4.04
-80.62679529190063,33.782808780670166,4.22
-80.6267523765564,33.782808780670166,4.4
-80.62670946121216,33.782808780670166,4.57
-80.62666654586792,33.782808780670166,4.71
-80.62662363052368,33.782808780670166,4.76
-80.62658071517944,33.782808780670166,4.87
-80.6265377998352,33.782808780670166,4.97
-80.62649488449097,33.782808780670166,5.03
-80.62718152999878,33.78276586532593,3.28
-80.62713861465454,33.78276586532593,3.35
-80.6270956993103,33.78276586532593,3.44
-80.62705278396606,33.78276586532593,3.51
-80.62700986862183,33.78276586532593,3.58
-80.62696695327759,33.78276586532593,3.62
-80.62692403793335,33.78276586532593,3.68
-80.62688112258911,33.78276586532593,3.76
-80.62683820724487,33.78276586532593,3.96
-80.62679529190063,33.78276586532593,4.18
-80.6267523765564,33.78276586532593,4.42
-80.62670946121216,33.78276586532593,4.63
-80.62666654586792,33.78276586532593,4.83
-80.62662363052368,33.78276586532593,4.93
-80.62658071517944,33.78276586532593,5.0
-80.6265377998352,33.78276586532593,5.03
-80.62649488449097,33.78276586532593,5.06
-80.62645196914673,33.78276586532593,5.09
-80.62718152999878,33.78272294998169,3.42
-80.62713861465454,33.78272294998169,3.49
-80.6270956993103,33.78272294998169,3.54
-80.62705278396606,33.78272294998169,3.61
-80.62700986862183,33.78272294998169,3.66
-80.62696695327759,33.78272294998169,3.68
-80.62692403793335,33.78272294998169,3.73
-80.62688112258911,33.78272294998169,3.77
-80.62683820724487,33.78272294998169,3.92
-80.62679529190063,33.78272294998169,4.13
-80.6267523765564,33.78272294998169,4.37
-80.62670946121216,33.78272294998169,4.62
-80.62666654586792,33.78272294998169,4.84
-80.62662363052368,33.78272294998169,4.97
-80.62658071517944,33.78272294998169,5.03
-80.6265377998352,33.78272294998169,5.06
-80.62649488449097,33.78272294998169,5.05
-80.62645196914673,33.78272294998169,5.06
-80.62640905380249,33.78272294998169,5.05
-80.62713861465454,33.78268003463745,3.6
-80.6270956993103,33.78268003463745,3.63
-80.62705278396606,33.78268003463745,3.66
-80.62700986862183,33.78268003463745,3.69
-80.62696695327759,33.78268003463745,3.71
-80.62692403793335,33.78268003463745,3.72
-80.62688112258911,33.78268003463745,3.74
-80.62683820724487,33.78268003463745,3.8
-80.62679529190063,33.78268003463745,4.03
-80.6267523765564,33.78268003463745,4.26
-80.62670946121216,33.78268003463745,4.53
-80.62666654586792,33.78268003463745,4.79
-80.62662363052368,33.78268003463745,5.0
-80.62658071517944,33.78268003463745,5.03
-80.6265377998352,33.78268003463745,5.07
-80.62649488449097,33.78268003463745,5.06
-80.62645196914673,33.78268003463745,5.04
-80.62640905380249,33.78268003463745,5.02
-80.62713861465454,33.78263711929321,3.69
-80.6270956993103,33.78263711929321,3.71
-80.62705278396606,33.78263711929321,3.71
-80.62700986862183,33.78263711929321,3.71
-80.62696695327759,33.78263711929321,3.7
-80.62692403793335,33.78263711929321,3.7
-80.62688112258911,33.78263711929321,3.68
-80.62683820724487,33.78263711929321,3.71
-80.62679529190063,33.78263711929321,3.94
-80.6267523765564,33.78263711929321,4.18
-80.62670946121216,33.78263711929321,4.44
-80.62666654586792,33.78263711929321,4.73
-80.62662363052368,33.78263711929321,4.97
-80.62658071517944,33.78263711929321,4.99
-80.6265377998352,33.78263711929321,5.03
-80.62649488449097,33.78263711929321,5.03
-80.62645196914673,33.78263711929321,5.02
-80.62640905380249,33.78263711929321,5.01
-80.62636613845825,33.78263711929321,5.01
-80.6270956993103,33.782594203948975,3.7
-80.62705278396606,33.782594203948975,3.71
-80.62700986862183,33.782594203948975,3.69
-80.62696695327759,33.782594203948975,3.67
-80.62692403793335,33.782594203948975,3.64
-80.62688112258911,33.782594203948975,3.6
-80.62683820724487,33.782594203948975,3.59
-80.62679529190063,33.782594203948975,3.78
-80.6267523765564,33.782594203948975,4.02
-80.62670946121216,33.782594203948975,4.29
-80.62666654586792,33.782594203948975,4.58
-80.62662363052368,33.782594203948975,4.86
-80.62658071517944,33.782594203948975,4.95
-80.6265377998352,33.782594203948975,4.99
-80.62649488449097,33.782594203948975,5.02
-80.62645196914673,33.782594203948975,5.03
-80.62640905380249,33.782594203948975,5.05
-80.62636613845825,33.782594203948975,5.07
-80.62632322311401,33.782594203948975,5.11
-80.62705278396606,33.782551288604736,3.67
-80.62700986862183,33.782551288604736,3.64
-80.62696695327759,33.782551288604736,3.6
-80.62692403793335,33.782551288604736,3.56
-80.62688112258911,33.782551288604736,3.53
-80.62683820724487,33.782551288604736,3.51
-80.62679529190063,33.782551288604736,3.66
-80.6267523765564,33.782551288604736,3.89
-80.62670946121216,33.782551288604736,4.15
-80.62666654586792,33.782551288604736,4.43
-80.62662363052368,33.782551288604736,4.73
-80.62658071517944,33.782551288604736,4.87
-80.6265377998352,33.782551288604736,4.96
-80.62649488449097,33.782551288604736,5.01
-80.62645196914673,33.782551288604736,5.07
-80.62640905380249,33.782551288604736,5.11
-80.62636613845825,33.782551288604736,5.14
-80.62632322311401,33.782551288604736,5.18
-80.62705278396606,33.7825083732605,3.61
-80.62700986862183,33.7825083732605,3.56
-80.62696695327759,33.7825083732605,3.53
-80.62692403793335,33.7825083732605,3.49
-80.62688112258911,33.7825083732605,3.48
-80.62683820724487,33.7825083732605,3.44
-80.62679529190063,33.7825083732605,3.58
-80.6267523765564,33.7825083732605,3.77
-80.62670946121216,33.7825083732605,4.03
-80.62666654586792,33.7825083732605,4.29
-80.62662363052368,33.7825083732605,4.61
-80.62658071517944,33.7825083732605,4.8
-80.6265377998352,33.7825083732605,4.95
-80.62649488449097,33.7825083732605,5.04
-80.62645196914673,33.7825083732605,5.12
-80.62640905380249,33.7825083732605,5.17
-80.62636613845825,33.7825083732605,5.2
-80.62632322311401,33.7825083732605,5.23
-80.62700986862183,33.78246545791626,3.49
-80.62696695327759,33.78246545791626,3.48
-80.62692403793335,33.78246545791626,3.46
-80.62688112258911,33.78246545791626,3.47
-80.62683820724487,33.78246545791626,3.46
-80.62679529190063,33.78246545791626,3.56
-80.6267523765564,33.78246545791626,3.71
-80.62670946121216,33.78246545791626,3.93
-80.62666654586792,33.78246545791626,4.2
-80.62662363052368,33.78246545791626,4.5
-80.62658071517944,33.78246545791626,4.74
-80.6265377998352,33.78246545791626,4.94
-80.62649488449097,33.78246545791626,5.08
-80.62645196914673,33.78246545791626,5.16
-80.62640905380249,33.78246545791626,5.22
-80.62636613845825,33.78246545791626,5.23
-80.62632322311401,33.78246545791626,5.24
-80.62700986862183,33.78242254257202,3.43
-80.62696695327759,33.78242254257202,3.45
-80.62692403793335,33.78242254257202,3.46
-80.62688112258911,33.78242254257202,3.49
-80.62683820724487,33.78242254257202,3.51
-80.62679529190063,33.78242254257202,3.56
-80.6267523765564,33.78242254257202,3.68
-80.62670946121216,33.78242254257202,3.86
-80.62666654586792,33.78242254257202,4.12
-80.62662363052368,33.78242254257202,4.42
-80.62658071517944,33.78242254257202,4.72
-80.6265377998352,33.78242254257202,4.96
-80.62649488449097,33.78242254257202,5.13
-80.62645196914673,33.78242254257202,5.21
-80.62640905380249,33.78242254257202,5.23
-80.62636613845825,33.78242254257202,5.22
-80.62632322311401,33.78242254257202,5.2
-80.62628030776978,33.78242254257202,5.17
-80.62700986862183,33.78237962722778,3.44
-80.62696695327759,33.78237962722778,3.48
-80.62692403793335,33.78237962722778,3.51
-80.62688112258911,33.78237962722778,3.55
-80.62683820724487,33.78237962722778,3.58
-80.62679529190063,33.78237962722778,3.64
-80.6267523765564,33.78237962722778,3.7
-80.62670946121216,33.78237962722778,3.85
-80.62666654586792,33.78237962722778,4.08
-80.62662363052368,33.78237962722778,4.37
-80.62658071517944,33.78237962722778,4.67
-80.6265377998352,33.78237962722778,4.96
-80.62649488449097,33.78237962722778,5.13
-80.62645196914673,33.78237962722778,5.2
-80.62640905380249,33.78237962722778,5.2
-80.62636613845825,33.78237962722778,5.14
-80.62632322311401,33.78237962722778,5.1
-80.62628030776978,33.78237962722778,5.08
-80.62623739242554,33.78237962722778,5.03
-80.62696695327759,33.782336711883545,3.54
-80.62692403793335,33.782336711883545,3.58
-80.62688112258911,33.782336711883545,3.63
-80.62683820724487,33.782336711883545,3.67
-80.62679529190063,33.782336711883545,3.72
-80.6267523765564,33.782336711883545,3.74
-80.62670946121216,33.782336711883545,3.85
-80.62666654586792,33.782336711883545,4.06
-80.62662363052368,33.782336711883545,4.31
-80.62658071517944,33.782336711883545,4.58
-80.6265377998352,33.782336711883545,4.88
-80.62649488449097,33.782336711883545,5.06
-80.62645196914673,33.782336711883545,5.11
-80.62640905380249,33.782336711883545,5.11
-80.62636613845825,33.782336711883545,5.07
-80.62632322311401,33.782336711883545,5.02
-80.62628030776978,33.782336711883545,5.0
-80.62623739242554,33.782336711883545,4.99
-80.6261944770813,33.782336711883545,4.98
-80.62696695327759,33.78229379653931,3.62
-80.62692403793335,33.78229379653931,3.66
-80.62688112258911,33.78229379653931,3.7
-80.62683820724487,33.78229379653931,3.75
-80.62679529190063,33.78229379653931,3.79
-80.6267523765564,33.78229379653931,3.82
-80.62670946121216,33.78229379653931,3.89
-80.62666654586792,33.78229379653931,4.06
-80.62662363052368,33.78229379653931,4.28
-80.62658071517944,33.78229379653931,4.49
-80.6265377998352,33.78229379653931,4.74
-80.62649488449097,33.78229379653931,4.93
-80.62645196914673,33.78229379653931,4.97
-80.62640905380249,33.78229379653931,4.99
-80.62636613845825,33.78229379653931,4.98
-80.62632322311401,33.78229379653931,4.98
-80.62628030776978,33.78229379653931,4.97
-80.62623739242554,33.78229379653931,4.97
-80.6261944770813,33.78229379653931,4.97
-80.62692403793335,33.78225088119507,3.75
-80.62688112258911,33.78225088119507,3.78
-80.62683820724487,33.78225088119507,3.82
-80.62679529190063,33.78225088119507,3.86
-80.6267523765564,33.78225088119507,3.88
-80.62670946121216,33.78225088119507,3.93
-80.62666654586792,33.78225088119507,4.05
-80.62662363052368,33.78225088119507,4.22
-80.62658071517944,33.78225088119507,4.38
-80.6265377998352,33.78225088119507,4.58
-80.62649488449097,33.78225088119507,4.79
-80.62645196914673,33.78225088119507,4.86
-80.62640905380249,33.78225088119507,4.9
-80.62636613845825,33.78225088119507,4.93
-80.62632322311401,33.78225088119507,4.95
-80.62628030776978,33.78225088119507,4.93
-80.62623739242554,33.78225088119507,4.93
-80.6261944770813,33.78225088119507,4.9
-80.62615156173706,33.78225088119507,4.92
-80.62692403793335,33.78220796585083,3.82
-80.62688112258911,33.78220796585083,3.85
-80.62683820724487,33.78220796585083,3.88
-80.62679529190063,33.78220796585083,3.91
-80.6267523765564,33.78220796585083,3.94
-80.62670946121216,33.78220796585083,3.98
-80.62666654586792,33.78220796585083,4.05
-80.62662363052368,33.78220796585083,4.16
-80.62658071517944,33.78220796585083,4.26
-80.6265377998352,33.78220796585083,4.4
-80.62649488449097,33.78220796585083,4.61
-80.62645196914673,33.78220796585083,4.7
-80.62640905380249,33.78220796585083,4.81
-80.62636613845825,33.78220796585083,4.89
-80.62632322311401,33.78220796585083,4.94
-80.62628030776978,33.78220796585083,4.91
-80.62623739242554,33.78220796585083,4.92
-80.6261944770813,33.78220796585083,4.86
-80.62615156173706,33.78220796585083,4.84
-80.62610864639282,33.78220796585083,4.8
-80.62688112258911,33.78216505050659,3.92
-80.62683820724487,33.78216505050659,3.94
-80.62679529190063,33.78216505050659,3.97
-80.6267523765564,33.78216505050659,4.0
-80.62670946121216,33.78216505050659,4.03
-80.62666654586792,33.78216505050659,4.06
-80.62662363052368,33.78216505050659,4.13
-80.62658071517944,33.78216505050659,4.18
-80.6265377998352,33.78216505050659,4.26
-80.62649488449097,33.78216505050659,4.47
-80.62645196914673,33.78216505050659,4.6
-80.62640905380249,33.78216505050659,4.74
-80.62636613845825,33.78216505050659,4.88
-80.62632322311401,33.78216505050659,4.96
-80.62628030776978,33.78216505050659,4.91
-80.62623739242554,33.78216505050659,4.89
-80.6261944770813,33.78216505050659,4.82
-80.62615156173706,33.78216505050659,4.76
-80.62610864639282,33.78216505050659,4.72
-80.62688112258911,33.78212213516235,3.98
-80.62683820724487,33.78212213516235,4.0
-80.62679529190063,33.78212213516235,4.02
-80.6267523765564,33.78212213516235,4.05
-80.62670946121216,33.78212213516235,4.07
-80.62666654586792,33.78212213516235,4.09
-80.62662363052368,33.78212213516235,4.12
-80.62658071517944,33.78212213516235,4.14
-80.6265377998352,33.78212213516235,4.17
-80.62649488449097,33.78212213516235,4.35
-80.62645196914673,33.78212213516235,4.55
-80.62640905380249,33.78212213516235,4.71
-80.62636613845825,33.78212213516235,4.86
-80.62632322311401,33.78212213516235,4.97
-80.62628030776978,33.78212213516235,4.93
-80.62623739242554,33.78212213516235,4.84
-80.6261944770813,33.78212213516235,4.78
-80.62615156173706,33.78212213516235,4.71
-80.62610864639282,33.78212213516235,4.68
-80.62606573104858,33.78212213516235,4.64
-80.62683820724487,33.782079219818115,4.05
-80.62679529190063,33.782079219818115,4.07
-80.6267523765564,33.782079219818115,4.08
-80.62670946121216,33.782079219818115,4.1
-80.62666654586792,33.782079219818115,4.11
-80.62662363052368,33.782079219818115,4.11
-80.62658071517944,33.782079219818115,4.12
-80.6265377998352,33.782079219818115,4.13
-80.62649488449097,33.782079219818115,4.27
-80.62645196914673,33.782079219818115,4.48
-80.62640905380249,33.782079219818115,4.68
-80.62636613845825,33.782079219818115,4.83
-80.62632322311401,33.782079219818115,4.93
-80.62628030776978,33.782079219818115,4.92
-80.62623739242554,33.782079219818115,4.81
-80.6261944770813,33.782079219818115,4.73
-80.62615156173706,33.782079219818115,4.66
-80.62610864639282,33.782079219818115,4.64
-80.62606573104858,33.782079219818115,4.61
-80.62683820724487,33.78203630447388,4.08
-80.62679529190063,33.78203630447388,4.1
-80.6267523765564,33.78203630447388,4.1
-80.62670946121216,33.78203630447388,4.11
-80.62666654586792,33.78203630447388,4.11
-80.62662363052368,33.78203630447388,4.11
-80.62658071517944,33.78203630447388,4.11
-80.6265377998352,33.78203630447388,4.1
-80.62649488449097,33.78203630447388,4.18
-80.62645196914673,33.78203630447388,4.37
-80.62640905380249,33.78203630447388,4.57
-80.62636613845825,33.78203630447388,4.74
-80.62632322311401,33.78203630447388,4.86
-80.62628030776978,33.78203630447388,4.9
-80.62623739242554,33.78203630447388,4.82
-80.6261944770813,33.78203630447388,4.72
-80.62615156173706,33.78203630447388,4.65
-80.62610864639282,33.78203630447388,4.62
-80.62606573104858,33.78203630447388,4.59
-80.62602281570435,33.78203630447388,4.58
-80.62679529190063,33.78199338912964,4.11
-80.6267523765564,33.78199338912964,4.11
-80.62670946121216,33.78199338912964,4.11
-80.62666654586792,33.78199338912964,4.1
-80.62662363052368,33.78199338912964,4.09
-80.62658071517944,33.78199338912964,4.07
-80.6265377998352,33.78199338912964,4.05
-80.62649488449097,33.78199338912964,4.11
-80.62645196914673,33.78199338912964,4.27
-80.62640905380249,33.78199338912964,4.47
-80.62636613845825,33.78199338912964,4.67
-80.62632322311401,33.78199338912964,4.8
-80.62628030776978,33.78199338912964,4.86
-80.62623739242554,33.78199338912964,4.8
-80.6261944770813,33.78199338912964,4.73
-80.62615156173706,33.78199338912964,4.64
-80.62610864639282,33.78199338912964,4.6
-80.62606573104858,33.78199338912964,4.58
-80.62602281570435,33.78199338912964,4.57
-80.62679529190063,33.7819504737854,4.12
-80.6267523765564,33.7819504737854,4.11
-80.62670946121216,33.7819504737854,4.1
-80.62666654586792,33.7819504737854,4.08
-80.62662363052368,33.7819504737854,4.06
-80.62658071517944,33.7819504737854,4.05
-80.6265377998352,33.7819504737854,4.03
-80.62649488449097,33.7819504737854,4.05
-80.62645196914673,33.7819504737854,4.17
-80.62640905380249,33.7819504737854,4.33
-80.62636613845825,33.7819504737854,4.54
-80.62632322311401,33.7819504737854,4.7
-80.62628030776978,33.7819504737854,4.8
-80.62623739242554,33.7819504737854,4.8
-80.6261944770813,33.7819504737854,4.75
-80.62615156173706,33.7819504737854,4.65
-80.62610864639282,33.7819504737854,4.59
-80.62606573104858,33.7819504737854,4.55
-80.62602281570435,33.7819504737854,4.54
-80.6267523765564,33.78190755844116,4.08
-80.62670946121216,33.78190755844116,4.06
-80.62666654586792,33.78190755844116,4.03
-80.62662363052368,33.78190755844116,4.01
-80.62658071517944,33.78190755844116,4.01
-80.6265377998352,33.78190755844116,4.0
-80.62649488449097,33.78190755844116,4.03
-80.62645196914673,33.78190755844116,4.07
-80.62640905380249,33.78190755844116,4.21
-80.62636613845825,33.78190755844116,4.39
-80.62632322311401,33.78190755844116,4.58
-80.62628030776978,33.78190755844116,4.69
-80.62623739242554,33.78190755844116,4.77
-80.6261944770813,33.78190755844116,4.74
-80.62615156173706,33.78190755844116,4.67
-80.62610864639282,33.78190755844116,4.57
-80.62606573104858,33.78190755844116,4.52
-80.62602281570435,33.78190755844116,4.48
-80.62597990036011,33.78190755844116,4.46
-80.62670946121216,33.781864643096924,4.04
-80.62666654586792,33.781864643096924,4.02
-80.62662363052368,33.781864643096924,4.01
-80.62658071517944,33.781864643096924,4.01
-80.6265377998352,33.781864643096924,4.0
-80.62649488449097,33.781864643096924,4.02
-80.62645196914673,33.781864643096924,4.04
-80.62640905380249,33.781864643096924,4.1
-80.62636613845825,33.781864643096924,4.26
-80.62632322311401,33.781864643096924,4.5
-80.62628030776978,33.781864643096924,4.61
-80.62623739242554,33.781864643096924,4.71
-80.6261944770813,33.781864643096924,4.75
-80.62615156173706,33.781864643096924,4.68
-80.62610864639282,33.781864643096924,4.54
-80.62606573104858,33.781864643096924,4.48
-80.62602281570435,33.781864643096924,4.42
-80.62597990036011,33.781864643096924,4.4
-80.62670946121216,33.781821727752686,4.0
-80.62666654586792,33.781821727752686,3.99
-80.62662363052368,33.781821727752686,4.0
-80.62658071517944,33.781821727752686,4.0
-80.6265377998352,33.781821727752686,4.01
-80.62649488449097,33.781821727752686,4.02
-80.62645196914673,33.781821727752686,4.04
-80.62640905380249,33.781821727752686,4.05
-80.62636613845825,33.781821727752686,4.17
-80.62632322311401,33.781821727752686,4.43
-80.62628030776978,33.781821727752686,4.53
-80.62623739242554,33.781821727752686,4.62
-80.6261944770813,33.781821727752686,4.7
-80.62615156173706,33.781821727752686,4.66
-80.62610864639282,33.781821727752686,4.48
-80.62606573104858,33.781821727752686,4.43
-80.62602281570435,33.781821727752686,4.36
-80.62597990036011,33.781821727752686,4.32
-80.62593698501587,33.781821727752686,4.27
-80.62666654586792,33.78177881240845,3.98
-80.62662363052368,33.78177881240845,3.99
-80.62658071517944,33.78177881240845,3.99
-80.6265377998352,33.78177881240845,4.0
-80.62649488449097,33.78177881240845,4.0
-80.62645196914673,33.78177881240845,4.02
-80.62640905380249,33.78177881240845,4.03
-80.62636613845825,33.78177881240845,4.1
-80.62632322311401,33.78177881240845,4.37
-80.62628030776978,33.78177881240845,4.46
-80.62623739242554,33.78177881240845,4.53
-80.6261944770813,33.78177881240845,4.61
-80.62615156173706,33.78177881240845,4.61
-80.62610864639282,33.78177881240845,4.4
-80.62606573104858,33.78177881240845,4.36
-80.62602281570435,33.78177881240845,4.28
-80.62597990036011,33.78177881240845,4.23
-80.62593698501587,33.78177881240845,4.18
-80.62662363052368,33.78173589706421,3.97
-80.62658071517944,33.78173589706421,3.95
-80.6265377998352,33.78173589706421,3.96
-80.62649488449097,33.78173589706421,3.96
-80.62645196914673,33.78173589706421,4.0
-80.62640905380249,33.78173589706421,4.0
-80.62636613845825,33.78173589706421,4.05
-80.62632322311401,33.78173589706421,4.31
-80.62628030776978,33.78173589706421,4.4
-80.62623739242554,33.78173589706421,4.44
-80.6261944770813,33.78173589706421,4.5
-80.62615156173706,33.78173589706421,4.54
-80.62610864639282,33.78173589706421,4.33
-80.62606573104858,33.78173589706421,4.28
-80.62602281570435,33.78173589706421,4.2
-80.62597990036011,33.78173589706421,4.13
-80.62593698501587,33.78173589706421,4.07
-80.62658071517944,33.78169298171997,3.9
-80.6265377998352,33.78169298171997,3.9
-80.62649488449097,33.78169298171997,3.89
-80.62645196914673,33.78169298171997,3.94
-80.62640905380249,33.78169298171997,3.96
-80.62636613845825,33.78169298171997,4.03
-80.62632322311401,33.78169298171997,4.24
-80.62628030776978,33.78169298171997,4.35
-80.62623739242554,33.78169298171997,4.37
-80.6261944770813,33.78169298171997,4.41
-80.62615156173706,33.78169298171997,4.44
-80.62610864639282,33.78169298171997,4.27
-80.62606573104858,33.78169298171997,4.19
-80.62602281570435,33.78169298171997,4.12
-80.62597990036011,33.78169298171997,4.03
-80.62593698501587,33.78169298171997,3.96
-80.62589406967163,33.78169298171997,3.91
-80.62658071517944,33.78165006637573,3.78
-80.6265377998352,33.78165006637573,3.79
-80.62649488449097,33.78165006637573,3.79
-80.62645196914673,33.78165006637573,3.86
-80.62640905380249,33.78165006637573,3.91
-80.62636613845825,33.78165006637573,3.98
-80.62632322311401,33.78165006637573,4.13
-80.62628030776978,33.78165006637573,4.27
-80.62623739242554,33.78165006637573,4.27
-80.6261944770813,33.78165006637573,4.3
-80.62615156173706,33.78165006637573,4.32
-80.62610864639282,33.78165006637573,4.19
-80.62606573104858,33.78165006637573,4.08
-80.62602281570435,33.78165006637573,4.01
-80.62597990036011,33.78165006637573,3.91
-80.62593698501587,33.78165006637573,3.83
-80.62589406967163,33.78165006637573,3.79
-80.62658071517944,33.781607151031494,3.69
-80.6265377998352,33.781607151031494,3.69
-80.62649488449097,33.781607151031494,3.7
-80.62645196914673,33.781607151031494,3.76
-80.62640905380249,33.781607151031494,3.81
-80.62636613845825,33.781607151031494,3.89
-80.62632322311401,33.781607151031494,4.0
-80.62628030776978,33.781607151031494,4.17
-80.62623739242554,33.781607151031494,4.17
-80.6261944770813,33.781607151031494,4.18
-80.62615156173706,33.781607151031494,4.2
-80.62610864639282,33.781607151031494,4.11
-80.62606573104858,33.781607151031494,3.95
-80.62602281570435,33.781607151031494,3.89
-80.62597990036011,33.781607151031494,3.81
-80.62593698501587,33.781607151031494,3.71
-80.62589406967163,33.781607151031494,3.69
-80.62585115432739,33.781607151031494,3.61
-80.62658071517944,33.781564235687256,3.63
-80.6265377998352,33.781564235687256,3.61
-80.62649488449097,33.781564235687256,3.62
-80.62645196914673,33.781564235687256,3.66
-80.62640905380249,33.781564235687256,3.72
-80.62636613845825,33.781564235687256,3.77
-80.62632322311401,33.781564235687256,3.84
-80.62628030776978,33.781564235687256,4.05
-80.62623739242554,33.781564235687256,4.04
-80.6261944770813,33.781564235687256,4.04
-80.62615156173706,33.781564235687256,4.06
-80.62610864639282,33.781564235687256,4.02
-80.62606573104858,33.781564235687256,3.82
-80.62602281570435,33.781564235687256,3.78
-80.62597990036011,33.781564235687256,3.71
-80.62593698501587,33.781564235687256,3.63
-80.62589406967163,33.781564235687256,3.61
-80.62585115432739,33.781564235687256,3.57
-80.62658071517944,33.78152132034302,3.57
-80.6265377998352,33.78152132034302,3.56
-80.62649488449097,33.78152132034302,3.55
-80.62645196914673,33.78152132034302,3.56
-80.62640905380249,33.78152132034302,3.6
-80.62636613845825,33.78152132034302,3.65
-80.62632322311401,33.78152132034302,3.67
-80.62628030776978,33.78152132034302,3.89
-80.62623739242554,33.78152132034302,3.88
-80.6261944770813,33.78152132034302,3.89
-80.62615156173706,33.78152132034302,3.9
-80.62610864639282,33.78152132034302,3.89
-80.62606573104858,33.78152132034302,3.7
-80.62602281570435,33.78152132034302,3.68
-80.62597990036011,33.78152132034302,3.63
-80.62593698501587,33.78152132034302,3.57
-80.62589406967163,33.78152132034302,3.56
-80.62585115432739,33.78152132034302,3.53
-80.62658071517944,33.78147840499878,3.53
-80.6265377998352,33.78147840499878,3.52
-80.62649488449097,33.78147840499878,3.5
-80.62645196914673,33.78147840499878,3.47
-80.62640905380249,33.78147840499878,3.49
-80.62636613845825,33.78147840499878,3.52
-80.62632322311401,33.78147840499878,3.53
-80.62628030776978,33.78147840499878,3.72
-80.62623739242554,33.78147840499878,3.74
-80.6261944770813,33.78147840499878,3.75
-80.62615156173706,33.78147840499878,3.76
-80.62610864639282,33.78147840499878,3.76
-80.62606573104858,33.78147840499878,3.6
-80.62602281570435,33.78147840499878,3.59
-80.62597990036011,33.78147840499878,3.56
-80.62593698501587,33.78147840499878,3.53
-80.62589406967163,33.78147840499878,3.53
-80.62585115432739,33.78147840499878,3.53
-80.62658071517944,33.78143548965454,3.5
-80.6265377998352,33.78143548965454,3.48
-80.62649488449097,33.78143548965454,3.45
-80.62645196914673,33.78143548965454,3.4
-80.62640905380249,33.78143548965454,3.38
-80.62636613845825,33.78143548965454,3.38
-80.62632322311401,33.78143548965454,3.38
-80.62628030776978,33.78143548965454,3.51
-80.62623739242554,33.78143548965454,3.59
-80.6261944770813,33.78143548965454,3.6
-80.62615156173706,33.78143548965454,3.63
-80.62610864639282,33.78143548965454,3.64
-80.62606573104858,33.78143548965454,3.54
-80.62602281570435,33.78143548965454,3.52
-80.62597990036011,33.78143548965454,3.53
-80.62593698501587,33.78143548965454,3.52
-80.62589406967163,33.78143548965454,3.53
-80.62585115432739,33.78143548965454,3.53
-80.62658071517944,33.7813925743103,3.46
-80.6265377998352,33.7813925743103,3.43
-80.62649488449097,33.7813925743103,3.39
-80.62645196914673,33.7813925743103,3.33
-80.62640905380249,33.7813925743103,3.3
-80.62636613845825,33.7813925743103,3.29
-80.62632322311401,33.7813925743103,3.28
-80.62628030776978,33.7813925743103,3.36
-80.62623739242554,33.7813925743103,3.45
-80.6261944770813,33.7813925743103,3.48
-80.62615156173706,33.7813925743103,3.51
-80.62610864639282,33.7813925743103,3.54
-80.62606573104858,33.7813925743103,3.51
-80.62602281570435,33.7813925743103,3.49
-80.62597990036011,33.7813925743103,3.51
-80.62593698501587,33.7813925743103,3.52
-80.62589406967163,33.7813925743103,3.54
-80.62585115432739,33.7813925743103,3.54
-80.62580823898315,33.7813925743103,3.54
-80.6265377998352,33.781349658966064,3.36
-80.62649488449097,33.781349658966064,3.32
-80.62645196914673,33.781349658966064,3.27
-80.62640905380249,33.781349658966064,3.22
-80.62636613845825,33.781349658966064,3.2
-80.62632322311401,33.781349658966064,3.2
-80.62628030776978,33.781349658966064,3.25
-80.62623739242554,33.781349658966064,3.33
-80.6261944770813,33.781349658966064,3.39
-80.62615156173706,33.781349658966064,3.41
-80.62610864639282,33.781349658966064,3.45
-80.62606573104858,33.781349658966064,3.47
-80.62602281570435,33.781349658966064,3.46
-80.62597990036011,33.781349658966064,3.48
-80.62593698501587,33.781349658966064,3.51
-80.62589406967163,33.781349658966064,3.54
-80.62585115432739,33.781349658966064,3.53
-80.62580823898315,33.781349658966064,3.54
-80.6265377998352,33.781306743621826,3.29
-80.62649488449097,33.781306743621826,3.26
-80.62645196914673,33.781306743621826,3.22
-80.62640905380249,33.781306743621826,3.18
-80.62636613845825,33.781306743621826,3.16
-80.62632322311401,33.781306743621826,3.16
-80.62628030776978,33.781306743621826,3.18
-80.62623739242554,33.781306743621826,3.26
-80.6261944770813,33.781306743621826,3.34
-80.62615156173706,33.781306743621826,3.36
-80.62610864639282,33.781306743621826,3.4
-80.62606573104858,33.781306743621826,3.45
-80.62602281570435,33.781306743621826,3.46
-80.62597990036011,33.781306743621826,3.45
-80.62593698501587,33.781306743621826,3.5
-80.62589406967163,33.781306743621826,3.53
-80.62585115432739,33.781306743621826,3.53
-80.62580823898315,33.781306743621826,3.52
-80.6265377998352,33.78126382827759,3.24
-80.62649488449097,33.78126382827759,3.22
-80.62645196914673,33.78126382827759,3.19
-80.62640905380249,33.78126382827759,3.15
-80.62636613845825,33.78126382827759,3.13
-80.62632322311401,33.78126382827759,3.15
-80.62628030776978,33.78126382827759,3.15
-80.62623739242554,33.78126382827759,3.2
-80.6261944770813,33.78126382827759,3.28
-80.62615156173706,33.78126382827759,3.31
-80.62610864639282,33.78126382827759,3.34
-80.62606573104858,33.78126382827759,3.42
-80.62602281570435,33.78126382827759,3.45
-80.62597990036011,33.78126382827759,3.44
-80.62593698501587,33.78126382827759,3.47
-80.62589406967163,33.78126382827759,3.52
-80.62585115432739,33.78126382827759,3.51
-80.62580823898315,33.78126382827759,3.51
-80.62649488449097,33.78122091293335,3.18
-80.62645196914673,33.78122091293335,3.17
-80.62640905380249,33.78122091293335,3.15
-80.62636613845825,33.78122091293335,3.14
-80.62632322311401,33.78122091293335,3.16
-80.62628030776978,33.78122091293335,3.15
-80.62623739242554,33.78122091293335,3.16
-80.6261944770813,33.78122091293335,3.23
-80.62615156173706,33.78122091293335,3.27
-80.62610864639282,33.78122091293335,3.3
-80.62606573104858,33.78122091293335,3.37
-80.62602281570435,33.78122091293335,3.43
-80.62597990036011,33.78122091293335,3.43
-80.62593698501587,33.78122091293335,3.46
-80.62589406967163,33.78122091293335,3.5
-80.62585115432739,33.78122091293335,3.51
-80.62580823898315,33.78122091293335,3.51
-80.62640905380249,33.78117799758911,3.17
-80.62636613845825,33.78117799758911,3.16
-80.62632322311401,33.78117799758911,3.16
-80.62628030776978,33.78117799758911,3.15
-80.62623739242554,33.78117799758911,3.13
-80.6261944770813,33.78117799758911,3.17
-80.62615156173706,33.78117799758911,3.2
-80.62610864639282,33.78117799758911,3.27
-80.62606573104858,33.78117799758911,3.33
-80.62602281570435,33.78117799758911,3.41
-80.62597990036011,33.78117799758911,3.43
-80.62593698501587,33.78117799758911,3.46
-80.62589406967163,33.78117799758911,3.47
-80.62585115432739,33.78117799758911,3.49
-80.62580823898315,33.78117799758911,3.5
-80.62636613845825,33.78113508224487,3.16
-80.62632322311401,33.78113508224487,3.14
-80.62628030776978,33.78113508224487,3.12
-80.62623739242554,33.78113508224487,3.1
-80.6261944770813,33.78113508224487,3.13
-80.62615156173706,33.78113508224487,3.16
-80.62610864639282,33.78113508224487,3.28
-80.62606573104858,33.78113508224487,3.34
-80.62602281570435,33.78113508224487,3.42
-80.62597990036011,33.78113508224487,3.47
-80.62593698501587,33.78113508224487,3.5
-80.62589406967163,33.78113508224487,3.48
-80.62585115432739,33.78113508224487,3.52
-80.62580823898315,33.78113508224487,3.53
-80.62636613845825,33.781092166900635,3.13
-80.62632322311401,33.781092166900635,3.12
-80.62628030776978,33.781092166900635,3.1
-80.62623739242554,33.781092166900635,3.09
-80.6261944770813,33.781092166900635,3.09
-80.62615156173706,33.781092166900635,3.14
-80.62610864639282,33.781092166900635,3.26
-80.62606573104858,33.781092166900635,3.33
-80.62602281570435,33.781092166900635,3.4
-80.62597990036011,33.781092166900635,3.49
-80.62593698501587,33.781092166900635,3.52
-80.62589406967163,33.781092166900635,3.51
-80.62585115432739,33.781092166900635,3.56
-80.62580823898315,33.781092166900635,3.59
-80.62632322311401,33.7810492515564,3.07
-80.62628030776978,33.7810492515564,3.05
-80.62623739242554,33.7810492515564,3.05
-80.6261944770813,33.7810492515564,3.05
-80.62615156173706,33.7810492515564,3.1
-80.62610864639282,33.7810492515564,3.25
-80.62606573104858,33.7810492515564,3.33
-80.62602281570435,33.7810492515564,3.41
-80.62597990036011,33.7810492515564,3.53
-80.62593698501587,33.7810492515564,3.58
-80.62589406967163,33.7810492515564,3.57
-80.62585115432739,33.7810492515564,3.62
-80.62580823898315,33.7810492515564,3.67
-80.62632322311401,33.78100633621216,3.04
-80.62628030776978,33.78100633621216,3.02
-80.62623739242554,33.78100633621216,3.03
-80.6261944770813,33.78100633621216,3.02
-80.62615156173706,33.78100633621216,3.07
-80.62610864639282,33.78100633621216,3.25
-80.62606573104858,33.78100633621216,3.37
-80.62602281570435,33.78100633621216,3.46
-80.62597990036011,33.78100633621216,3.61
-80.62593698501587,33.78100633621216,3.67
-80.62589406967163,33.78100633621216,3.65
-80.62585115432739,33.78100633621216,3.69
-80.62580823898315,33.78100633621216,3.75
-80.62632322311401,33.78096342086792,3.0
-80.62628030776978,33.78096342086792,2.99
-80.62623739242554,33.78096342086792,3.01
-80.6261944770813,33.78096342086792,3.01
-80.62615156173706,33.78096342086792,3.08
-80.62610864639282,33.78096342086792,3.24
-80.62606573104858,33.78096342086792,3.38
-80.62602281570435,33.78096342086792,3.48
-80.62597990036011,33.78096342086792,3.66
-80.62593698501587,33.78096342086792,3.72
-80.62589406967163,33.78096342086792,3.72
-80.62585115432739,33.78096342086792,3.73
-80.62580823898315,33.78096342086792,3.8
-80.62632322311401,33.78092050552368,3.01
-80.62628030776978,33.78092050552368,3.02
-80.62623739242554,33.78092050552368,3.04
-80.6261944770813,33.78092050552368,3.06
-80.62615156173706,33.78092050552368,3.14
-80.62610864639282,33.78092050552368,3.25
-80.62606573104858,33.78092050552368,3.4
-80.62602281570435,33.78092050552368,3.5
-80.62597990036011,33.78092050552368,3.68
-80.62593698501587,33.78092050552368,3.72
-80.62589406967163,33.78092050552368,3.74
-80.62585115432739,33.78092050552368,3.72
-80.62580823898315,33.78092050552368,3.77
-80.62632322311401,33.78087759017944,3.04
-80.62628030776978,33.78087759017944,3.04
-80.62623739242554,33.78087759017944,3.04
-80.6261944770813,33.78087759017944,3.04
-80.62615156173706,33.78087759017944,3.11
-80.62610864639282,33.78087759017944,3.24
-80.62606573104858,33.78087759017944,3.39
-80.62602281570435,33.78087759017944,3.5
-80.62597990036011,33.78087759017944,3.68
-80.62593698501587,33.78087759017944,3.71
-80.62589406967163,33.78087759017944,3.69
-80.62585115432739,33.78087759017944,3.67
-80.62580823898315,33.78087759017944,3.69
-80.62632322311401,33.780834674835205,3.06
-80.62628030776978,33.780834674835205,3.05
-80.62623739242554,33.780834674835205,3.04
-80.6261944770813,33.780834674835205,3.02
-80.62615156173706,33.780834674835205,3.07
-80.62610864639282,33.780834674835205,3.21
-80.62606573104858,33.780834674835205,3.37
-80.62602281570435,33.780834674835205,3.47
-80.62597990036011,33.780834674835205,3.63
-80.62593698501587,33.780834674835205,3.67
-80.62589406967163,33.780834674835205,3.64
-80.62585115432739,33.780834674835205,3.61
-80.62580823898315,33.780834674835205,3.63
-80.62632322311401,33.78079175949097,3.03
-80.62628030776978,33.78079175949097,3.02
-80.62623739242554,33.78079175949097,3.02
-80.6261944770813,33.78079175949097,3.01
-80.62615156173706,33.78079175949097,3.05
-80.62610864639282,33.78079175949097,3.18
-80.62606573104858,33.78079175949097,3.33
-80.62602281570435,33.78079175949097,3.43
-80.62597990036011,33.78079175949097,3.57
-80.62593698501587,33.78079175949097,3.62
-80.62589406967163,33.78079175949097,3.6
-80.62585115432739,33.78079175949097,3.58
-80.62580823898315,33.78079175949097,3.61
-80.62632322311401,33.78074884414673,3.02
-80.62628030776978,33.78074884414673,3.03
-80.62623739242554,33.78074884414673,3.03
-80.6261944770813,33.78074884414673,3.04
-80.62615156173706,33.78074884414673,3.08
-80.62610864639282,33.78074884414673,3.2
-80.62606573104858,33.78074884414673,3.32
-80.62602281570435,33.78074884414673,3.41
-80.62597990036011,33.78074884414673,3.52
-80.62593698501587,33.78074884414673,3.6
-80.62589406967163,33.78074884414673,3.61
-80.62585115432739,33.78074884414673,3.63
-80.62580823898315,33.78074884414673,3.68
-80.62576532363892,33.78074884414673,3.71
-80.62632322311401,33.78070592880249,3.02
-80.62628030776978,33.78070592880249,3.01
-80.62623739242554,33.78070592880249,3.01
-80.6261944770813,33.78070592880249,3.0
-80.62615156173706,33.78070592880249,3.03
-80.62610864639282,33.78070592880249,3.16
-80.62606573104858,33.78070592880249,3.3
-80.62602281570435,33.78070592880249,3.4
-80.62597990036011,33.78070592880249,3.53
-80.62593698501587,33.78070592880249,3.64
-80.62589406967163,33.78070592880249,3.68
-80.62585115432739,33.78070592880249,3.74
-80.62580823898315,33.78070592880249,3.81
-80.62576532363892,33.78070592880249,3.88
-80.62632322311401,33.78066301345825,3.02
-80.62628030776978,33.78066301345825,3.01
-80.62623739242554,33.78066301345825,3.01
-80.6261944770813,33.78066301345825,3.0
-80.62615156173706,33.78066301345825,3.02
-80.62610864639282,33.78066301345825,3.19
-80.62606573104858,33.78066301345825,3.34
-80.62602281570435,33.78066301345825,3.46
-80.62597990036011,33.78066301345825,3.61
-80.62593698501587,33.78066301345825,3.77
-80.62589406967163,33.78066301345825,3.82
-80.62585115432739,33.78066301345825,3.9
-80.62580823898315,33.78066301345825,4.0
-80.62576532363892,33.78066301345825,4.09
-80.62632322311401,33.780620098114014,3.0
-80.62628030776978,33.780620098114014,3.0
-80.62623739242554,33.780620098114014,3.01
-80.6261944770813,33.780620098114014,3.02
-80.62615156173706,33.780620098114014,3.09
-80.62610864639282,33.780620098114014,3.26
-80.62606573104858,33.780620098114014,3.42
-80.62602281570435,33.780620098114014,3.57
-80.62597990036011,33.780620098114014,3.75
-80.62593698501587,33.780620098114014,3.9
-80.62589406967163,33.780620098114014,3.98
-80.62585115432739,33.780620098114014,4.08
-80.62580823898315,33.780620098114014,4.18
-80.62576532363892,33.780620098114014,4.23
-80.62572240829468,33.780620098114014,4.3
-80.62632322311401,33.780577182769775,3.02
-80.62628030776978,33.780577182769775,3.03
-80.62623739242554,33.780577182769775,3.06
-80.6261944770813,33.780577182769775,3.07
-80.62615156173706,33.780577182769775,3.18
-80.62610864639282,33.780577182769775,3.33
-80.62606573104858,33.780577182769775,3.49
-80.62602281570435,33.780577182769775,3.66
-80.62597990036011,33.780577182769775,3.88
-80.62593698501587,33.780577182769775,4.01
-80.62589406967163,33.780577182769775,4.13
-80.62585115432739,33.780577182769775,4.23
-80.62580823898315,33.780577182769775,4.31
-80.62576532363892,33.780577182769775,4.31
-80.62572240829468,33.780577182769775,4.34
-80.62632322311401,33.78053426742554,3.05
-80.62628030776978,33.78053426742554,3.07
-80.62623739242554,33.78053426742554,3.1
-80.6261944770813,33.78053426742554,3.13
-80.62615156173706,33.78053426742554,3.25
-80.62610864639282,33.78053426742554,3.41
-80.62606573104858,33.78053426742554,3.57
-80.62602281570435,33.78053426742554,3.75
-80.62597990036011,33.78053426742554,3.98
-80.62593698501587,33.78053426742554,4.11
-80.62589406967163,33.78053426742554,4.23
-80.62585115432739,33.78053426742554,4.32
-80.62580823898315,33.78053426742554,4.36
-80.62576532363892,33.78053426742554,4.3
-80.62572240829468,33.78053426742554,4.29
-80.62567949295044,33.78053426742554,4.22
-80.62632322311401,33.7804913520813,3.1
-80.62628030776978,33.7804913520813,3.13
-80.62623739242554,33.7804913520813,3.17
-80.6261944770813,33.7804913520813,3.25
-80.62615156173706,33.7804913520813,3.38
-80.62610864639282,33.7804913520813,3.51
-80.62606573104858,33.7804913520813,3.65
-80.62602281570435,33.7804913520813,3.85
-80.62597990036011,33.7804913520813,4.04
-80.62593698501587,33.7804913520813,4.17
-80.62589406967163,33.7804913520813,4.29
-80.62585115432739,33.7804913520813,4.35
-80.62580823898315,33.7804913520813,4.37
-80.62576532363892,33.7804913520813,4.26
-80.62572240829468,33.7804913520813,4.23
-80.62567949295044,33.7804913520813,4.15
-80.62632322311401,33.78044843673706,3.18
-80.62628030776978,33.78044843673706,3.21
-80.62623739242554,33.78044843673706,3.24
-80.6261944770813,33.78044843673706,3.37
-80.62615156173706,33.78044843673706,3.5
-80.62610864639282,33.78044843673706,3.58
-80.62606573104858,33.78044843673706,3.72
-80.62602281570435,33.78044843673706,3.91
-80.62597990036011,33.78044843673706,4.05
-80.62593698501587,33.78044843673706,4.16
-80.62589406967163,33.78044843673706,4.3
-80.62585115432739,33.78044843673706,4.33
-80.62580823898315,33.78044843673706,4.32
-80.62576532363892,33.78044843673706,4.2
-80.62572240829468,33.78044843673706,4.15
-80.62567949295044,33.78044843673706,4.07
-80.62632322311401,33.78040552139282,3.27
-80.62628030776978,33.78040552139282,3.29
-80.62623739242554,33.78040552139282,3.32
-80.6261944770813,33.78040552139282,3.44
-80.62615156173706,33.78040552139282,3.54
-80.62610864639282,33.78040552139282,3.62
-80.62606573104858,33.78040552139282,3.76
-80.62602281570435,33.78040552139282,3.93
-80.62597990036011,33.78040552139282,4.04
-80.62593698501587,33.78040552139282,4.15
-80.62589406967163,33.78040552139282,4.28
-80.62585115432739,33.78040552139282,4.27
-80.62580823898315,33.78040552139282,4.24
-80.62576532363892,33.78040552139282,4.12
-80.62572240829468,33.78040552139282,4.07
-80.62567949295044,33.78040552139282,3.98
-80.62632322311401,33.780362606048584,3.32
-80.62628030776978,33.780362606048584,3.35
-80.62623739242554,33.780362606048584,3.36
-80.6261944770813,33.780362606048584,3.49
-80.62615156173706,33.780362606048584,3.57
-80.62610864639282,33.780362606048584,3.66
-80.62606573104858,33.780362606048584,3.78
-80.62602281570435,33.780362606048584,3.94
-80.62597990036011,33.780362606048584,4.01
-80.62593698501587,33.780362606048584,4.13
-80.62589406967163,33.780362606048584,4.21
-80.62585115432739,33.780362606048584,4.19
-80.62580823898315,33.780362606048584,4.16
-80.62576532363892,33.780362606048584,4.05
-80.62572240829468,33.780362606048584,4.0
-80.62567949295044,33.780362606048584,3.92
-80.62632322311401,33.780319690704346,3.38
-80.62628030776978,33.780319690704346,3.42
-80.62623739242554,33.780319690704346,3.45
-80.6261944770813,33.780319690704346,3.56
-80.62615156173706,33.780319690704346,3.61
-80.62610864639282,33.780319690704346,3.72
-80.62606573104858,33.780319690704346,3.83
-80.62602281570435,33.780319690704346,3.96
-80.62597990036011,33.780319690704346,4.0
-80.62593698501587,33.780319690704346,4.1
-80.62589406967163,33.780319690704346,4.15
-80.62585115432739,33.780319690704346,4.12
-80.62580823898315,33.780319690704346,4.09
-80.62576532363892,33.780319690704346,4.0
-80.62572240829468,33.780319690704346,3.96
-80.62567949295044,33.780319690704346,3.91
-80.62632322311401,33.78027677536011,3.48
-80.62628030776978,33.78027677536011,3.51
-80.62623739242554,33.78027677536011,3.54
-80.6261944770813,33.78027677536011,3.59
-80.62615156173706,33.78027677536011,3.62
-80.62610864639282,33.78027677536011,3.71
-80.62606573104858,33.78027677536011,3.82
-80.62602281570435,33.78027677536011,3.91
-80.62597990036011,33.78027677536011,3.98
-80.62593698501587,33.78027677536011,4.07
-80.62589406967163,33.78027677536011,4.09
-80.62585115432739,33.78027677536011,4.05
-80.62580823898315,33.78027677536011,4.01
-80.62576532363892,33.78027677536011,3.95
-80.62572240829468,33.78027677536011,3.91
-80.62567949295044,33.78027677536011,3.86
-80.62632322311401,33.78023386001587,3.54
-80.62628030776978,33.78023386001587,3.55
-80.62623739242554,33.78023386001587,3.56
-80.6261944770813,33.78023386001587,3.6
-80.62615156173706,33.78023386001587,3.6
-80.62610864639282,33.78023386001587,3.65
-80.62606573104858,33.78023386001587,3.75
-80.62602281570435,33.78023386001587,3.84
-80.62597990036011,33.78023386001587,3.89
-80.62593698501587,33.78023386001587,3.98
-80.62589406967163,33.78023386001587,4.02
-80.62585115432739,33.78023386001587,3.97
-80.62580823898315,33.78023386001587,3.92
-80.62576532363892,33.78023386001587,3.88
-80.62572240829468,33.78023386001587,3.84
-80.62567949295044,33.78023386001587,3.8
-80.62628030776978,33.78019094467163,3.59
-80.62623739242554,33.78019094467163,3.57
-80.6261944770813,33.78019094467163,3.62
-80.62615156173706,33.78019094467163,3.57
-80.62610864639282,33.78019094467163,3.57
-80.62606573104858,33.78019094467163,3.67
-80.62602281570435,33.78019094467163,3.75
-80.62597990036011,33.78019094467163,3.78
-80.62593698501587,33.78019094467163,3.88
-80.62589406967163,33.78019094467163,3.94
-80.62585115432739,33.78019094467163,3.88
-80.62580823898315,33.78019094467163,3.83
-80.62576532363892,33.78019094467163,3.8
-80.62572240829468,33.78019094467163,3.76
-80.62567949295044,33.78019094467163,3.72
-80.62628030776978,33.78014802932739,3.56
-80.62623739242554,33.78014802932739,3.52
-80.6261944770813,33.78014802932739,3.57
-80.62615156173706,33.78014802932739,3.49
-80.62610864639282,33.78014802932739,3.45
-80.62606573104858,33.78014802932739,3.56
-80.62602281570435,33.78014802932739,3.64
-80.62597990036011,33.78014802932739,3.66
-80.62593698501587,33.78014802932739,3.78
-80.62589406967163,33.78014802932739,3.85
-80.62585115432739,33.78014802932739,3.79
-80.62580823898315,33.78014802932739,3.73
-80.62576532363892,33.78014802932739,3.69
-80.62572240829468,33.78014802932739,3.65
-80.62567949295044,33.78014802932739,3.6
-80.62628030776978,33.780105113983154,3.44
-80.62623739242554,33.780105113983154,3.37
-80.6261944770813,33.780105113983154,3.42
-80.62615156173706,33.780105113983154,3.31
-80.62610864639282,33.780105113983154,3.25
-80.62606573104858,33.780105113983154,3.37
-80.62602281570435,33.780105113983154,3.48
-80.62597990036011,33.780105113983154,3.5
-80.62593698501587,33.780105113983154,3.64
-80.62589406967163,33.780105113983154,3.74
-80.62585115432739,33.780105113983154,3.69
-80.62580823898315,33.780105113983154,3.63
-80.62576532363892,33.780105113983154,3.58
-80.62572240829468,33.780105113983154,3.52
-80.62567949295044,33.780105113983154,3.48
-80.62628030776978,33.780062198638916,3.27
-80.62623739242554,33.780062198638916,3.2
-80.6261944770813,33.780062198638916,3.25
-80.62615156173706,33.780062198638916,3.16
-80.62610864639282,33.780062198638916,3.09
-80.62606573104858,33.780062198638916,3.19
-80.62602281570435,33.780062198638916,3.33
-80.62597990036011,33.780062198638916,3.35
-80.62593698501587,33.780062198638916,3.49
-80.62589406967163,33.780062198638916,3.6
-80.62585115432739,33.780062198638916,3.58
-80.62580823898315,33.780062198638916,3.52
-80.62576532363892,33.780062198638916,3.48
-80.62572240829468,33.780062198638916,3.43
-80.62567949295044,33.780062198638916,3.4
-80.62628030776978,33.78001928329468,3.09
-80.62623739242554,33.78001928329468,3.04
-80.6261944770813,33.78001928329468,3.09
-80.62615156173706,33.78001928329468,3.03
-80.62610864639282,33.78001928329468,2.99
-80.62606573104858,33.78001928329468,3.08
-80.62602281570435,33.78001928329468,3.21
-80.62597990036011,33.78001928329468,3.25
-80.62593698501587,33.78001928329468,3.38
-80.62589406967163,33.78001928329468,3.48
-80.62585115432739,33.78001928329468,3.48
-80.62580823898315,33.78001928329468,3.43
-80.62576532363892,33.78001928329468,3.4
-80.62572240829468,33.78001928329468,3.36
-80.62567949295044,33.78001928329468,3.34
-80.62628030776978,33.77997636795044,2.94
-80.62623739242554,33.77997636795044,2.92
-80.6261944770813,33.77997636795044,2.95
-80.62615156173706,33.77997636795044,2.95
-80.62610864639282,33.77997636795044,2.93
-80.62606573104858,33.77997636795044,3.0
-80.62602281570435,33.77997636795044,3.11
-80.62597990036011,33.77997636795044,3.18
-80.62593698501587,33.77997636795044,3.28
-80.62589406967163,33.77997636795044,3.37
-80.62585115432739,33.77997636795044,3.4
-80.62580823898315,33.77997636795044,3.36
-80.62576532363892,33.77997636795044,3.34
-80.62572240829468,33.77997636795044,3.31
-80.62567949295044,33.77997636795044,3.3
-80.62628030776978,33.7799334526062,2.89
-80.62623739242554,33.7799334526062,2.89
-80.6261944770813,33.7799334526062,2.9
-80.62615156173706,33.7799334526062,2.92
-80.62610864639282,33.7799334526062,2.91
-80.62606573104858,33.7799334526062,2.95
-80.62602281570435,33.7799334526062,3.03
-80.62597990036011,33.7799334526062,3.1
-80.62593698501587,33.7799334526062,3.18
-80.62589406967163,33.7799334526062,3.27
-80.62585115432739,33.7799334526062,3.32
-80.62580823898315,33.7799334526062,3.31
-80.62576532363892,33.7799334526062,3.3
-80.62572240829468,33.7799334526062,3.27
-80.62567949295044,33.7799334526062,3.26
-80.62628030776978,33.77989053726196,2.9
-80.62623739242554,33.77989053726196,2.92
-80.6261944770813,33.77989053726196,2.94
-80.62615156173706,33.77989053726196,2.96
-80.62610864639282,33.77989053726196,2.97
-80.62606573104858,33.77989053726196,2.98
-80.62602281570435,33.77989053726196,3.03
-80.62597990036011,33.77989053726196,3.08
-80.62593698501587,33.77989053726196,3.14
-80.62589406967163,33.77989053726196,3.2
-80.62585115432739,33.77989053726196,3.26
-80.62580823898315,33.77989053726196,3.26
-80.62576532363892,33.77989053726196,3.25
-80.62572240829468,33.77989053726196,3.24
-80.62567949295044,33.77989053726196,3.23
-80.62628030776978,33.779847621917725,2.94
-80.62623739242554,33.779847621917725,2.97
-80.6261944770813,33.779847621917725,2.98
-80.62615156173706,33.779847621917725,3.0
-80.62610864639282,33.779847621917725,3.03
-80.62606573104858,33.779847621917725,3.01
-80.62602281570435,33.779847621917725,3.02
-80.62597990036011,33.779847621917725,3.06
-80.62593698501587,33.779847621917725,3.1
-80.62589406967163,33.779847621917725,3.15
-80.62585115432739,33.779847621917725,3.22
-80.62580823898315,33.779847621917725,3.23
-80.62576532363892,33.779847621917725,3.22
-80.62572240829468,33.779847621917725,3.21
-80.62567949295044,33.779847621917725,3.19
-80.62628030776978,33.779804706573486,3.07
-80.62623739242554,33.779804706573486,3.06
-80.6261944770813,33.779804706573486,3.09
-80.62615156173706,33.779804706573486,3.09
-80.62610864639282,33.779804706573486,3.1
-80.62606573104858,33.779804706573486,3.03
-80.62602281570435,33.779804706573486,3.03
-80.62597990036011,33.779804706573486,3.01
-80.62593698501587,33.779804706573486,3.05
-80.62589406967163,33.779804706573486,3.09
-80.62585115432739,33.779804706573486,3.16
-80.62580823898315,33.779804706573486,3.18
-80.62576532363892,33.779804706573486,3.18
-80.62572240829468,33.779804706573486,3.17
-80.62567949295044,33.779804706573486,3.14
-80.62628030776978,33.77976179122925,3.19
-80.62623739242554,33.77976179122925,3.15
-80.6261944770813,33.77976179122925,3.19
-80.62615156173706,33.77976179122925,3.14
-80.62610864639282,33.77976179122925,3.14
-80.62606573104858,33.77976179122925,3.03
-80.62602281570435,33.77976179122925,3.02
-80.62597990036011,33.77976179122925,2.96
-80.62593698501587,33.77976179122925,3.01
-80.62589406967163,33.77976179122925,3.04
-80.62585115432739,33.77976179122925,3.1
-80.62580823898315,33.77976179122925,3.13
-80.62576532363892,33.77976179122925,3.14
-80.62572240829468,33.77976179122925,3.14
-80.62567949295044,33.77976179122925,3.11
-80.62628030776978,33.77971887588501,3.32
-80.62623739242554,33.77971887588501,3.24
-80.6261944770813,33.77971887588501,3.27
-80.62615156173706,33.77971887588501,3.17
-80.62610864639282,33.77971887588501,3.16
-80.62606573104858,33.77971887588501,3.01
-80.62602281570435,33.77971887588501,3.0
-80.62597990036011,33.77971887588501,2.92
-80.62593698501587,33.77971887588501,2.96
-80.62589406967163,33.77971887588501,2.98
-80.62585115432739,33.77971887588501,3.04
-80.62580823898315,33.77971887588501,3.07
-80.62576532363892,33.77971887588501,3.1
-80.62572240829468,33.77971887588501,3.1
-80.62567949295044,33.77971887588501,3.09
-80.62628030776978,33.77967596054077,3.4
-80.62623739242554,33.77967596054077,3.25
-80.6261944770813,33.77967596054077,3.28
-80.62615156173706,33.77967596054077,3.12
-80.62610864639282,33.77967596054077,3.09
-80.62606573104858,33.77967596054077,2.92
-80.62602281570435,33.77967596054077,2.92
-80.62597990036011,33.77967596054077,2.82
-80.62593698501587,33.77967596054077,2.87
-80.62589406967163,33.77967596054077,2.91
-80.62585115432739,33.77967596054077,2.98
-80.62580823898315,33.77967596054077,3.0
-80.62576532363892,33.77967596054077,3.05
-80.62572240829468,33.77967596054077,3.06
-80.62567949295044,33.77967596054077,3.06
-80.62628030776978,33.77963304519653,3.43
-80.62623739242554,33.77963304519653,3.24
-80.6261944770813,33.77963304519653,3.28
-80.62615156173706,33.77963304519653,3.06
-80.62610864639282,33.77963304519653,3.02
-80.62606573104858,33.77963304519653,2.85
-80.62602281570435,33.77963304519653,2.85
-80.62597990036011,33.77963304519653,2.73
-80.62593698501587,33.77963304519653,2.81
-80.62589406967163,33.77963304519653,2.84
-80.62585115432739,33.77963304519653,2.91
-80.62580823898315,33.77963304519653,2.94
-80.62576532363892,33.77963304519653,3.01
-80.62572240829468,33.77963304519653,3.02
-80.62567949295044,33.77963304519653,3.05
-80.62628030776978,33.779590129852295,3.36
-80.62623739242554,33.779590129852295,3.17
-80.6261944770813,33.779590129852295,3.2
-80.62615156173706,33.779590129852295,2.93
-80.62610864639282,33.779590129852295,2.9
-80.62606573104858,33.779590129852295,2.73
-80.62602281570435,33.779590129852295,2.74
-80.62597990036011,33.779590129852295,2.63
-80.62593698501587,33.779590129852295,2.73
-80.62589406967163,33.779590129852295,2.77
-80.62585115432739,33.779590129852295,2.85
-80.62580823898315,33.779590129852295,2.88
-80.62576532363892,33.779590129852295,2.96
-80.62572240829468,33.779590129852295,2.98
-80.62567949295044,33.779590129852295,3.03
-80.62628030776978,33.77954721450806,3.34
-80.62623739242554,33.77954721450806,3.11
-80.6261944770813,33.77954721450806,3.14
-80.62615156173706,33.77954721450806,2.84
-80.62610864639282,33.77954721450806,2.79
-80.62606573104858,33.77954721450806,2.61
-80.62602281570435,33.77954721450806,2.64
-80.62597990036011,33.77954721450806,2.53
-80.62593698501587,33.77954721450806,2.65
-80.62589406967163,33.77954721450806,2.7
-80.62585115432739,33.77954721450806,2.79
-80.62580823898315,33.77954721450806,2.82
-80.62576532363892,33.77954721450806,2.9
-80.62572240829468,33.77954721450806,2.93
-80.62567949295044,33.77954721450806,2.98
-80.62628030776978,33.77950429916382,3.29
-80.62623739242554,33.77950429916382,3.04
-80.6261944770813,33.77950429916382,3.05
-80.62615156173706,33.77950429916382,2.74
-80.62610864639282,33.77950429916382,2.68
-80.62606573104858,33.77950429916382,2.48
-80.62602281570435,33.77950429916382,2.53
-80.62597990036011,33.77950429916382,2.45
-80.62593698501587,33.77950429916382,2.56
-80.62589406967163,33.77950429916382,2.64
-80.62585115432739,33.77950429916382,2.73
-80.62580823898315,33.77950429916382,2.76
-80.62576532363892,33.77950429916382,2.85
-80.62572240829468,33.77950429916382,2.88
-80.62567949295044,33.77950429916382,2.94
-80.62628030776978,33.77946138381958,3.27
-80.62623739242554,33.77946138381958,3.0
-80.6261944770813,33.77946138381958,2.99
-80.62615156173706,33.77946138381958,2.68
-80.62610864639282,33.77946138381958,2.62
-80.62606573104858,33.77946138381958,2.39
-80.62602281570435,33.77946138381958,2.47
-80.62597990036011,33.77946138381958,2.39
-80.62593698501587,33.77946138381958,2.5
-80.62589406967163,33.77946138381958,2.6
-80.62585115432739,33.77946138381958,2.69
-80.62580823898315,33.77946138381958,2.72
-80.62576532363892,33.77946138381958,2.8
-80.62572240829468,33.77946138381958,2.83
-80.62567949295044,33.77946138381958,2.88
-80.62632322311401,33.77941846847534,3.15
-80.62628030776978,33.77941846847534,3.29
-80.62623739242554,33.77941846847534,3.03
-80.6261944770813,33.77941846847534,3.0
-80.62615156173706,33.77941846847534,2.7
-80.62610864639282,33.77941846847534,2.62
-80.62606573104858,33.77941846847534,2.38
-80.62602281570435,33.77941846847534,2.45
-80.62597990036011,33.77941846847534,2.37
-80.62593698501587,33.77941846847534,2.44
-80.62589406967163,33.77941846847534,2.55
-80.62585115432739,33.77941846847534,2.61
-80.62580823898315,33.77941846847534,2.65
-80.62576532363892,33.77941846847534,2.73
-80.62572240829468,33.77941846847534,2.76
-80.62567949295044,33.77941846847534,2.82
-80.62632322311401,33.7793755531311,3.1
-80.62628030776978,33.7793755531311,3.27
-80.62623739242554,33.7793755531311,3.05
-80.6261944770813,33.7793755531311,2.98
-80.62615156173706,33.7793755531311,2.73
-80.62610864639282,33.7793755531311,2.66
-80.62606573104858,33.7793755531311,2.39
-80.62602281570435,33.7793755531311,2.42
-80.62597990036011,33.7793755531311,2.35
-80.62593698501587,33.7793755531311,2.39
-80.62589406967163,33.7793755531311,2.48
-80.62585115432739,33.7793755531311,2.53
-80.62580823898315,33.7793755531311,2.58
-80.62576532363892,33.7793755531311,2.64
-80.62572240829468,33.7793755531311,2.69
-80.62567949295044,33.7793755531311,2.75
-80.62632322311401,33.779332637786865,3.14
-80.62628030776978,33.779332637786865,3.23
-80.62623739242554,33.779332637786865,3.07
-80.6261944770813,33.779332637786865,2.95
-80.62615156173706,33.779332637786865,2.74
-80.62610864639282,33.779332637786865,2.64
-80.62606573104858,33.779332637786865,2.41
-80.62602281570435,33.779332637786865,2.38
-80.62597990036011,33.779332637786865,2.33
-80.62593698501587,33.779332637786865,2.34
-80.62589406967163,33.779332637786865,2.39
-80.62585115432739,33.779332637786865,2.44
-80.62580823898315,33.779332637786865,2.51
-80.62576532363892,33.779332637786865,2.56
-80.62572240829468,33.779332637786865,2.61
-80.62632322311401,33.77928972244263,3.23
-80.62628030776978,33.77928972244263,3.25
-80.62623739242554,33.77928972244263,3.12
-80.6261944770813,33.77928972244263,2.96
-80.62615156173706,33.77928972244263,2.74
-80.62610864639282,33.77928972244263,2.61
-80.62606573104858,33.77928972244263,2.41
-80.62602281570435,33.77928972244263,2.32
-80.62597990036011,33.77928972244263,2.28
-80.62593698501587,33.77928972244263,2.28
-80.62589406967163,33.77928972244263,2.32
-80.62585115432739,33.77928972244263,2.36
-80.62580823898315,33.77928972244263,2.44
-80.62576532363892,33.77928972244263,2.47
-80.62572240829468,33.77928972244263,2.54
-80.62636613845825,33.77924680709839,3.32
-80.62632322311401,33.77924680709839,3.25
-80.62628030776978,33.77924680709839,3.24
-80.62623739242554,33.77924680709839,3.13
-80.6261944770813,33.77924680709839,2.94
-80.62615156173706,33.77924680709839,2.73
-80.62610864639282,33.77924680709839,2.56
-80.62606573104858,33.77924680709839,2.39
-80.62602281570435,33.77924680709839,2.27
-80.62597990036011,33.77924680709839,2.26
-80.62593698501587,33.77924680709839,2.25
-80.62589406967163,33.77924680709839,2.28
-80.62585115432739,33.77924680709839,2.29
-80.62580823898315,33.77924680709839,2.36
-80.62576532363892,33.77924680709839,2.36
-80.62636613845825,33.77920389175415,3.29
-80.62632322311401,33.77920389175415,3.27
-80.62628030776978,33.77920389175415,3.22
-80.62623739242554,33.77920389175415,3.09
-80.6261944770813,33.77920389175415,2.85
-80.62615156173706,33.77920389175415,2.63
-80.62610864639282,33.77920389175415,2.43
-80.62606573104858,33.77920389175415,2.29
-80.62602281570435,33.77920389175415,2.2
-80.62597990036011,33.77920389175415,2.23
-80.62593698501587,33.77920389175415,2.23
-80.62589406967163,33.77920389175415,2.26
-80.62585115432739,33.77920389175415,2.26
-80.62580823898315,33.77920389175415,2.3
-80.62636613845825,33.77916097640991,3.29
-80.62632322311401,33.77916097640991,3.33
-80.62628030776978,33.77916097640991,3.22
-80.62623739242554,33.77916097640991,3.04
-80.6261944770813,33.77916097640991,2.82
-80.62615156173706,33.77916097640991,2.59
-80.62610864639282,33.77916097640991,2.32
-80.62606573104858,33.77916097640991,2.22
-80.62602281570435,33.77916097640991,2.19
-80.62597990036011,33.77916097640991,2.24
-80.62593698501587,33.77916097640991,2.23
-80.62589406967163,33.77916097640991,2.27
-80.62585115432739,33.77916097640991,2.25
-80.62580823898315,33.77916097640991,2.27
-80.62636613845825,33.779118061065674,3.25
-80.62632322311401,33.779118061065674,3.27
-80.62628030776978,33.779118061065674,3.17
-80.62623739242554,33.779118061065674,2.96
-80.6261944770813,33.779118061065674,2.75
-80.62615156173706,33.779118061065674,2.52
-80.62610864639282,33.779118061065674,2.26
-80.62606573104858,33.779118061065674,2.19
-80.62602281570435,33.779118061065674,2.2
-80.62597990036011,33.779118061065674,2.27
-80.62593698501587,33.779118061065674,2.25
-80.62589406967163,33.779118061065674,2.3
-80.62585115432739,33.779118061065674,2.27
-80.62580823898315,33.779118061065674,2.27
-80.62636613845825,33.779075145721436,3.14
-80.62632322311401,33.779075145721436,3.14
-80.62628030776978,33.779075145721436,3.06
-80.62623739242554,33.779075145721436,2.84
-80.6261944770813,33.779075145721436,2.67
-80.62615156173706,33.779075145721436,2.49
-80.62610864639282,33.779075145721436,2.28
-80.62606573104858,33.779075145721436,2.23
-80.62602281570435,33.779075145721436,2.25
-80.62597990036011,33.779075145721436,2.3
-80.62593698501587,33.779075145721436,2.28
-80.62589406967163,33.779075145721436,2.3
-80.62585115432739,33.779075145721436,2.26
-80.62636613845825,33.7790322303772,3.07
-80.62632322311401,33.7790322303772,3.05
-80.62628030776978,33.7790322303772,2.96
-80.62623739242554,33.7790322303772,2.74
-80.6261944770813,33.7790322303772,2.63
-80.62615156173706,33.7790322303772,2.46
-80.62610864639282,33.7790322303772,2.31
-80.62606573104858,33.7790322303772,2.27
-80.62602281570435,33.7790322303772,2.3
-80.62597990036011,33.7790322303772,2.34
-80.62593698501587,33.7790322303772,2.31
-80.62589406967163,33.7790322303772,2.32
-80.62585115432739,33.7790322303772,2.29
-80.62636613845825,33.77898931503296,2.97
-80.62632322311401,33.77898931503296,2.92
-80.62628030776978,33.77898931503296,2.85
-80.62623739242554,33.77898931503296,2.65
-80.6261944770813,33.77898931503296,2.58
-80.62615156173706,33.77898931503296,2.44
-80.62610864639282,33.77898931503296,2.35
-80.62606573104858,33.77898931503296,2.31
-80.62602281570435,33.77898931503296,2.34
-80.62597990036011,33.77898931503296,2.37
-80.62593698501587,33.77898931503296,2.33
-80.62589406967163,33.77898931503296,2.33
-80.62585115432739,33.77898931503296,2.32
-80.62636613845825,33.77894639968872,2.88
-80.62632322311401,33.77894639968872,2.79
-80.62628030776978,33.77894639968872,2.76
-80.62623739242554,33.77894639968872,2.59
-80.6261944770813,33.77894639968872,2.54
-80.62615156173706,33.77894639968872,2.41
-80.62610864639282,33.77894639968872,2.38
-80.62606573104858,33.77894639968872,2.33
-80.62602281570435,33.77894639968872,2.35
-80.62597990036011,33.77894639968872,2.37
-80.62593698501587,33.77894639968872,2.35
-80.62589406967163,33.77894639968872,2.35
-80.62585115432739,33.77894639968872,2.34
-80.62636613845825,33.77890348434448,2.79
-80.62632322311401,33.77890348434448,2.7
-80.62628030776978,33.77890348434448,2.7
-80.62623739242554,33.77890348434448,2.57
-80.6261944770813,33.77890348434448,2.56
-80.62615156173706,33.77890348434448,2.43
-80.62610864639282,33.77890348434448,2.43
-80.62606573104858,33.77890348434448,2.34
-80.62602281570435,33.77890348434448,2.36
-80.62597990036011,33.77890348434448,2.37
-80.62593698501587,33.77890348434448,2.36
-80.62589406967163,33.77890348434448,2.34
-80.62636613845825,33.778860569000244,2.72
-80.62632322311401,33.778860569000244,2.64
-80.62628030776978,33.778860569000244,2.68
-80.62623739242554,33.778860569000244,2.6
-80.6261944770813,33.778860569000244,2.57
-80.62615156173706,33.778860569000244,2.46
-80.62610864639282,33.778860569000244,2.46
-80.62606573104858,33.778860569000244,2.33
-80.62602281570435,33.778860569000244,2.37
-80.62597990036011,33.778860569000244,2.37
-80.62593698501587,33.778860569000244,2.38
-80.62589406967163,33.778860569000244,2.38
-80.62640905380249,33.778817653656006,2.45
-80.62636613845825,33.778817653656006,2.53
-80.62632322311401,33.778817653656006,2.53
-80.62628030776978,33.778817653656006,2.62
-80.62623739242554,33.778817653656006,2.61
-80.6261944770813,33.778817653656006,2.56
-80.62615156173706,33.778817653656006,2.49
-80.62610864639282,33.778817653656006,2.45
-80.62606573104858,33.778817653656006,2.33
-80.62602281570435,33.778817653656006,2.35
-80.62597990036011,33.778817653656006,2.36
-80.62593698501587,33.778817653656006,2.37
-80.62589406967163,33.778817653656006,2.37
-80.62640905380249,33.77877473831177,2.2
-80.62636613845825,33.77877473831177,2.27
-80.62632322311401,33.77877473831177,2.37
-80.62628030776978,33.77877473831177,2.5
-80.62623739242554,33.77877473831177,2.55
-80.6261944770813,33.77877473831177,2.51
-80.62615156173706,33.77877473831177,2.48
-80.62610864639282,33.77877473831177,2.42
-80.62606573104858,33.77877473831177,2.31
-80.62602281570435,33.77877473831177,2.33
-80.62597990036011,33.77877473831177,2.33
-80.62593698501587,33.77877473831177,2.34
-80.62640905380249,33.77873182296753,1.93
-80.62636613845825,33.77873182296753,2.01
-80.62632322311401,33.77873182296753,2.21
-80.62628030776978,33.77873182296753,2.36
-80.62623739242554,33.77873182296753,2.46
-80.6261944770813,33.77873182296753,2.47
-80.62615156173706,33.77873182296753,2.48
-80.62610864639282,33.77873182296753,2.39
-80.62606573104858,33.77873182296753,2.3
-80.62602281570435,33.77873182296753,2.32
-80.62597990036011,33.77873182296753,2.3
-80.62593698501587,33.77873182296753,2.31
-80.62645196914673,33.77868890762329,1.52
-80.62640905380249,33.77868890762329,1.69
-80.62636613845825,33.77868890762329,1.77
-80.62632322311401,33.77868890762329,1.98
-80.62628030776978,33.77868890762329,2.17
-80.62623739242554,33.77868890762329,2.32
-80.6261944770813,33.77868890762329,2.37
-80.62615156173706,33.77868890762329,2.45
-80.62610864639282,33.77868890762329,2.39
-80.62606573104858,33.77868890762329,2.32
-80.62602281570435,33.77868890762329,2.32
-80.62597990036011,33.77868890762329,2.29
-80.62593698501587,33.77868890762329,2.29
-80.62649488449097,33.77864599227905,1.34
-80.62645196914673,33.77864599227905,1.37
-80.62640905380249,33.77864599227905,1.48
-80.62636613845825,33.77864599227905,1.56
-80.62632322311401,33.77864599227905,1.77
-80.62628030776978,33.77864599227905,2.0
-80.62623739242554,33.77864599227905,2.18
-80.6261944770813,33.77864599227905,2.31
-80.62615156173706,33.77864599227905,2.43
-80.62610864639282,33.77864599227905,2.42
-80.62606573104858,33.77864599227905,2.37
-80.62602281570435,33.77864599227905,2.36
-80.62597990036011,33.77864599227905,2.32
-80.62593698501587,33.77864599227905,2.31
-80.62649488449097,33.778603076934814,1.44
-80.62645196914673,33.778603076934814,1.42
-80.62640905380249,33.778603076934814,1.44
-80.62636613845825,33.778603076934814,1.51
-80.62632322311401,33.778603076934814,1.64
-80.62628030776978,33.778603076934814,1.88
-80.62623739242554,33.778603076934814,2.07
-80.6261944770813,33.778603076934814,2.28
-80.62615156173706,33.778603076934814,2.4
-80.62610864639282,33.778603076934814,2.45
-80.62606573104858,33.778603076934814,2.42
-80.62602281570435,33.778603076934814,2.42
-80.62597990036011,33.778603076934814,2.37
-80.62593698501587,33.778603076934814,2.36
-80.62649488449097,33.778560161590576,1.5
-80.62645196914673,33.778560161590576,1.48
-80.62640905380249,33.778560161590576,1.45
-80.62636613845825,33.778560161590576,1.5
-80.62632322311401,33.778560161590576,1.57
-80.62628030776978,33.778560161590576,1.81
-80.62623739242554,33.778560161590576,2.01
-80.6261944770813,33.778560161590576,2.24
-80.62615156173706,33.778560161590576,2.38
-80.62610864639282,33.778560161590576,2.51
-80.62606573104858,33.778560161590576,2.48
-80.62602281570435,33.778560161590576,2.48
-80.62597990036011,33.778560161590576,2.45
-80.62593698501587,33.778560161590576,2.43
-80.6265377998352,33.77851724624634,1.61
-80.62649488449097,33.77851724624634,1.57
-80.62645196914673,33.77851724624634,1.54
-80.62640905380249,33.77851724624634,1.51
-80.62636613845825,33.77851724624634,1.57
-80.62632322311401,33.77851724624634,1.55
-80.62628030776978,33.77851724624634,1.77
-80.62623739242554,33.77851724624634,1.97
-80.6261944770813,33.77851724624634,2.18
-80.62615156173706,33.77851724624634,2.32
-80.62610864639282,33.77851724624634,2.54
-80.62606573104858,33.77851724624634,2.53
-80.62602281570435,33.77851724624634,2.52
-80.62597990036011,33.77851724624634,2.52
-80.62593698501587,33.77851724624634,2.51
-80.6265377998352,33.7784743309021,1.57
-80.62649488449097,33.7784743309021,1.56
-80.62645196914673,33.7784743309021,1.58
-80.62640905380249,33.7784743309021,1.59
-80.62636613845825,33.7784743309021,1.66
-80.62632322311401,33.7784743309021,1.62
-80.62628030776978,33.7784743309021,1.79
-80.62623739242554,33.7784743309021,1.96
-80.6261944770813,33.7784743309021,2.13
-80.62615156173706,33.7784743309021,2.25
-80.62610864639282,33.7784743309021,2.46
-80.62606573104858,33.7784743309021,2.5
-80.62602281570435,33.7784743309021,2.53
-80.62597990036011,33.7784743309021,2.56
-80.62593698501587,33.7784743309021,2.57
-80.62658071517944,33.77843141555786,1.43
-80.6265377998352,33.77843141555786,1.49
-80.62649488449097,33.77843141555786,1.51
-80.62645196914673,33.77843141555786,1.56
-80.62640905380249,33.77843141555786,1.64
-80.62636613845825,33.77843141555786,1.71
-80.62632322311401,33.77843141555786,1.68
-80.62628030776978,33.77843141555786,1.82
-80.62623739242554,33.77843141555786,1.95
-80.6261944770813,33.77843141555786,2.05
-80.62615156173706,33.77843141555786,2.15
-80.62610864639282,33.77843141555786,2.35
-80.62606573104858,33.77843141555786,2.41
-80.62602281570435,33.77843141555786,2.47
-80.62597990036011,33.77843141555786,2.51
-80.62593698501587,33.77843141555786,2.56
-80.62658071517944,33.77838850021362,1.29
-80.6265377998352,33.77838850021362,1.3
-80.62649488449097,33.77838850021362,1.36
-80.62645196914673,33.77838850021362,1.46
-80.62640905380249,33.77838850021362,1.62
-80.62636613845825,33.77838850021362,1.7
-80.62632322311401,33.77838850021362,1.71
-80.62628030776978,33.77838850021362,1.82
-80.62623739242554,33.77838850021362,1.91
-80.6261944770813,33.77838850021362,1.94
-80.62615156173706,33.77838850021362,2.05
-80.62610864639282,33.77838850021362,2.22
-80.62606573104858,33.77838850021362,2.29
-80.62602281570435,33.77838850021362,2.35
-80.62597990036011,33.77838850021362,2.4
-80.62666654586792,33.778345584869385,1.33
-80.62662363052368,33.778345584869385,1.26
-80.62658071517944,33.778345584869385,1.24
-80.6265377998352,33.778345584869385,1.22
-80.62649488449097,33.778345584869385,1.31
-80.62645196914673,33.778345584869385,1.41
-80.62640905380249,33.778345584869385,1.6
-80.62636613845825,33.778345584869385,1.71
-80.62632322311401,33.778345584869385,1.76
-80.62628030776978,33.778345584869385,1.84
-80.62623739242554,33.778345584869385,1.87
-80.6261944770813,33.778345584869385,1.87
-80.62615156173706,33.778345584869385,1.95
-80.62610864639282,33.778345584869385,2.08
-80.62606573104858,33.778345584869385,2.16
-80.62602281570435,33.778345584869385,2.21
-80.62597990036011,33.778345584869385,2.26
-80.62666654586792,33.77830266952515,1.25
-80.62662363052368,33.77830266952515,1.18
-80.62658071517944,33.77830266952515,1.19
-80.6265377998352,33.77830266952515,1.16
-80.62649488449097,33.77830266952515,1.27
-80.62645196914673,33.77830266952515,1.36
-80.62640905380249,33.77830266952515,1.57
-80.62636613845825,33.77830266952515,1.67
-80.62632322311401,33.77830266952515,1.76
-80.62628030776978,33.77830266952515,1.82
-80.62623739242554,33.77830266952515,1.82
-80.6261944770813,33.77830266952515,1.81
-80.62615156173706,33.77830266952515,1.86
-80.62610864639282,33.77830266952515,1.96
-80.62606573104858,33.77830266952515,2.03
-80.62602281570435,33.77830266952515,2.07
-80.62597990036011,33.77830266952515,2.11
-80.62666654586792,33.77825975418091,1.19
-80.62662363052368,33.77825975418091,1.15
-80.62658071517944,33.77825975418091,1.19
-80.6265377998352,33.77825975418091,1.16
-80.62649488449097,33.77825975418091,1.28
-80.62645196914673,33.77825975418091,1.37
-80.62640905380249,33.77825975418091,1.56
-80.62636613845825,33.77825975418091,1.63
-80.62632322311401,33.77825975418091,1.74
-80.62628030776978,33.77825975418091,1.77
-80.62623739242554,33.77825975418091,1.77
-80.6261944770813,33.77825975418091,1.74
-80.62615156173706,33.77825975418091,1.79
-80.62610864639282,33.77825975418091,1.85
-80.62606573104858,33.77825975418091,1.9
-80.62602281570435,33.77825975418091,1.94
-80.62597990036011,33.77825975418091,1.98
-80.62670946121216,33.77821683883667,1.11
-80.62666654586792,33.77821683883667,1.16
-80.62662363052368,33.77821683883667,1.12
-80.62658071517944,33.77821683883667,1.16
-80.6265377998352,33.77821683883667,1.17
-80.62649488449097,33.77821683883667,1.32
-80.62645196914673,33.77821683883667,1.41
-80.62640905380249,33.77821683883667,1.56
-80.62636613845825,33.77821683883667,1.63
-80.62632322311401,33.77821683883667,1.71
-80.62628030776978,33.77821683883667,1.71
-80.62623739242554,33.77821683883667,1.71
-80.6261944770813,33.77821683883667,1.7
-80.62615156173706,33.77821683883667,1.73
-80.62610864639282,33.77821683883667,1.78
-80.62606573104858,33.77821683883667,1.82
-80.62602281570435,33.77821683883667,1.85
-80.62597990036011,33.77821683883667,1.89
-80.62670946121216,33.77817392349243,1.16
-80.62666654586792,33.77817392349243,1.19
-80.62662363052368,33.77817392349243,1.13
-80.62658071517944,33.77817392349243,1.21
-80.6265377998352,33.77817392349243,1.25
-80.62649488449097,33.77817392349243,1.4
-80.62645196914673,33.77817392349243,1.47
-80.62640905380249,33.77817392349243,1.59
-80.62636613845825,33.77817392349243,1.59
-80.62632322311401,33.77817392349243,1.65
-80.62628030776978,33.77817392349243,1.64
-80.62623739242554,33.77817392349243,1.64
-80.6261944770813,33.77817392349243,1.66
-80.62615156173706,33.77817392349243,1.68
-80.62610864639282,33.77817392349243,1.71
-80.62606573104858,33.77817392349243,1.75
-80.62602281570435,33.77817392349243,1.77
-80.62597990036011,33.77817392349243,1.82
-80.6267523765564,33.77813100814819,1.31
-80.62670946121216,33.77813100814819,1.25
-80.62666654586792,33.77813100814819,1.22
-80.62662363052368,33.77813100814819,1.18
-80.62658071517944,33.77813100814819,1.26
-80.6265377998352,33.77813100814819,1.3
-80.62649488449097,33.77813100814819,1.41
-80.62645196914673,33.77813100814819,1.48
-80.62640905380249,33.77813100814819,1.55
-80.62636613845825,33.77813100814819,1.53
-80.62632322311401,33.77813100814819,1.57
-80.62628030776978,33.77813100814819,1.57
-80.62623739242554,33.77813100814819,1.6
-80.6261944770813,33.77813100814819,1.63
-80.62615156173706,33.77813100814819,1.66
-80.62610864639282,33.77813100814819,1.68
-80.62606573104858,33.77813100814819,1.7
-80.62602281570435,33.77813100814819,1.72
-80.62683820724487,33.778088092803955,1.47
-80.62679529190063,33.778088092803955,1.42
-80.6267523765564,33.778088092803955,1.39
-80.62670946121216,33.778088092803955,1.37
-80.62666654586792,33.778088092803955,1.32
-80.62662363052368,33.778088092803955,1.28
-80.62658071517944,33.778088092803955,1.33
-80.6265377998352,33.778088092803955,1.36
-80.62649488449097,33.778088092803955,1.4
-80.62645196914673,33.778088092803955,1.45
-80.62640905380249,33.778088092803955,1.48
-80.62636613845825,33.778088092803955,1.46
-80.62632322311401,33.778088092803955,1.49
-80.62628030776978,33.778088092803955,1.51
-80.62623739242554,33.778088092803955,1.56
-80.6261944770813,33.778088092803955,1.59
-80.62615156173706,33.778088092803955,1.62
-80.62610864639282,33.778088092803955,1.64
-80.62683820724487,33.77804517745972,1.39
-80.62679529190063,33.77804517745972,1.41
-80.6267523765564,33.77804517745972,1.44
-80.62670946121216,33.77804517745972,1.44
-80.62666654586792,33.77804517745972,1.41
-80.62662363052368,33.77804517745972,1.41
-80.62658071517944,33.77804517745972,1.48
-80.6265377998352,33.77804517745972,1.46
-80.62649488449097,33.77804517745972,1.46
-80.62645196914673,33.77804517745972,1.46
-80.62640905380249,33.77804517745972,1.44
-80.62636613845825,33.77804517745972,1.37
-80.62632322311401,33.77804517745972,1.4
-80.62628030776978,33.77804517745972,1.45
-80.62623739242554,33.77804517745972,1.5
-80.6261944770813,33.77804517745972,1.55
-80.62615156173706,33.77804517745972,1.6
-80.62692403793335,33.77800226211548,1.25
-80.62688112258911,33.77800226211548,1.27
-80.62683820724487,33.77800226211548,1.31
-80.62679529190063,33.77800226211548,1.37
-80.6267523765564,33.77800226211548,1.42
-80.62670946121216,33.77800226211548,1.45
-80.62666654586792,33.77800226211548,1.49
-80.62662363052368,33.77800226211548,1.53
-80.62658071517944,33.77800226211548,1.61
-80.6265377998352,33.77800226211548,1.58
-80.62649488449097,33.77800226211548,1.57
-80.62645196914673,33.77800226211548,1.51
-80.62640905380249,33.77800226211548,1.44
-80.62636613845825,33.77800226211548,1.34
-80.62632322311401,33.77800226211548,1.37
-80.62628030776978,33.77800226211548,1.38
-80.62623739242554,33.77800226211548,1.44
-80.6261944770813,33.77800226211548,1.5
-80.62692403793335,33.77795934677124,1.15
-80.62688112258911,33.77795934677124,1.16
-80.62683820724487,33.77795934677124,1.22
-80.62679529190063,33.77795934677124,1.3
-80.6267523765564,33.77795934677124,1.38
-80.62670946121216,33.77795934677124,1.46
-80.62666654586792,33.77795934677124,1.53
-80.62662363052368,33.77795934677124,1.6
-80.62658071517944,33.77795934677124,1.67
-80.6265377998352,33.77795934677124,1.68
-80.62649488449097,33.77795934677124,1.66
-80.62645196914673,33.77795934677124,1.57
-80.62640905380249,33.77795934677124,1.49
-80.62636613845825,33.77795934677124,1.4
-80.62632322311401,33.77795934677124,1.37
-80.62628030776978,33.77795934677124,1.35
-80.62623739242554,33.77795934677124,1.41
-80.62700986862183,33.777916431427,1.44
-80.62696695327759,33.777916431427,1.28
-80.62692403793335,33.777916431427,1.18
-80.62688112258911,33.777916431427,1.15
-80.62683820724487,33.777916431427,1.19
-80.62679529190063,33.777916431427,1.23
-80.6267523765564,33.777916431427,1.32
-80.62670946121216,33.777916431427,1.41
-80.62666654586792,33.777916431427,1.5
-80.62662363052368,33.777916431427,1.59
-80.62658071517944,33.777916431427,1.69
-80.6265377998352,33.777916431427,1.71
-80.62649488449097,33.777916431427,1.72
-80.62645196914673,33.777916431427,1.67
-80.62640905380249,33.777916431427,1.63
-80.62636613845825,33.777916431427,1.54
-80.62632322311401,33.777916431427,1.5
-80.62628030776978,33.777916431427,1.46
-80.6270956993103,33.777873516082764,1.85
-80.62705278396606,33.777873516082764,1.68
-80.62700986862183,33.777873516082764,1.51
-80.62696695327759,33.777873516082764,1.35
-80.62692403793335,33.777873516082764,1.23
-80.62688112258911,33.777873516082764,1.16
-80.62683820724487,33.777873516082764,1.14
-80.62679529190063,33.777873516082764,1.18
-80.6267523765564,33.777873516082764,1.28
-80.62670946121216,33.777873516082764,1.34
-80.62666654586792,33.777873516082764,1.43
-80.62662363052368,33.777873516082764,1.54
-80.62658071517944,33.777873516082764,1.66
-80.6265377998352,33.777873516082764,1.72
-80.62649488449097,33.777873516082764,1.79
-80.62645196914673,33.777873516082764,1.77
-80.62640905380249,33.777873516082764,1.75
-80.62636613845825,33.777873516082764,1.67
-80.62632322311401,33.777873516082764,1.63
-80.62713861465454,33.777830600738525,1.79
-80.6270956993103,33.777830600738525,1.78
-80.62705278396606,33.777830600738525,1.69
-80.62700986862183,33.777830600738525,1.6
-80.62696695327759,33.777830600738525,1.48
-80.62692403793335,33.777830600738525,1.35
-80.62688112258911,33.777830600738525,1.3
-80.62683820724487,33.777830600738525,1.25
-80.62679529190063,33.777830600738525,1.23
-80.6267523765564,33.777830600738525,1.26
-80.62670946121216,33.777830600738525,1.31
-80.62666654586792,33.777830600738525,1.35
-80.62662363052368,33.777830600738525,1.43
-80.62658071517944,33.777830600738525,1.53
-80.6265377998352,33.777830600738525,1.65
-80.62649488449097,33.777830600738525,1.76
-80.62645196914673,33.777830600738525,1.79
-80.62640905380249,33.777830600738525,1.83
-80.62636613845825,33.777830600738525,1.86
-80.62632322311401,33.777830600738525,1.83
-80.62718152999878,33.77778768539429,1.57
-80.62713861465454,33.77778768539429,1.68
-80.6270956993103,33.77778768539429,1.71
-80.62705278396606,33.77778768539429,1.7
-80.62700986862183,33.77778768539429,1.65
-80.62696695327759,33.77778768539429,1.56
-80.62692403793335,33.77778768539429,1.41
-80.62688112258911,33.77778768539429,1.47
-80.62683820724487,33.77778768539429,1.38
-80.62679529190063,33.77778768539429,1.32
-80.6267523765564,33.77778768539429,1.32
-80.62670946121216,33.77778768539429,1.36
-80.62666654586792,33.77778768539429,1.26
-80.62662363052368,33.77778768539429,1.32
-80.62658071517944,33.77778768539429,1.42
-80.6265377998352,33.77778768539429,1.54
-80.62649488449097,33.77778768539429,1.66
-80.62645196914673,33.77778768539429,1.78
-80.62640905380249,33.77778768539429,1.94
-80.62636613845825,33.77778768539429,2.02
-80.62726736068726,33.77774477005005,1.42
-80.62722444534302,33.77774477005005,1.41
-80.62718152999878,33.77774477005005,1.47
-80.62713861465454,33.77774477005005,1.58
-80.6270956993103,33.77774477005005,1.64
-80.62705278396606,33.77774477005005,1.66
-80.62700986862183,33.77774477005005,1.7
-80.62696695327759,33.77774477005005,1.72
-80.62692403793335,33.77774477005005,1.68
-80.62688112258911,33.77774477005005,1.77
-80.62683820724487,33.77774477005005,1.75
-80.62679529190063,33.77774477005005,1.76
-80.6267523765564,33.77774477005005,1.64
-80.62670946121216,33.77774477005005,1.58
-80.62666654586792,33.77774477005005,1.4
-80.62662363052368,33.77774477005005,1.36
-80.62658071517944,33.77774477005005,1.29
-80.6265377998352,33.77774477005005,1.4
-80.62649488449097,33.77774477005005,1.57
-80.62645196914673,33.77774477005005,1.76
-80.6276535987854,33.77770185470581,2.4
-80.62761068344116,33.77770185470581,2.38
-80.62756776809692,33.77770185470581,2.35
-80.62752485275269,33.77770185470581,2.32
-80.62748193740845,33.77770185470581,2.29
-80.62743902206421,33.77770185470581,2.2
-80.62739610671997,33.77770185470581,2.04
-80.62735319137573,33.77770185470581,1.79
-80.6273102760315,33.77770185470581,1.58
-80.62726736068726,33.77770185470581,1.45
-80.62722444534302,33.77770185470581,1.36
-80.62718152999878,33.77770185470581,1.39
-80.62713861465454,33.77770185470581,1.48
-80.6270956993103,33.77770185470581,1.56
-80.62705278396606,33.77770185470581,1.62
-80.62700986862183,33.77770185470581,1.7
-80.62696695327759,33.77770185470581,1.75
-80.62692403793335,33.77770185470581,1.74
-80.62688112258911,33.77770185470581,1.93
-80.62683820724487,33.77770185470581,2.0
-80.62679529190063,33.77770185470581,2.1
-80.6267523765564,33.77770185470581,1.98
-80.62670946121216,33.77770185470581,1.95
-80.62666654586792,33.77770185470581,1.71
-80.62662363052368,33.77770185470581,1.56
-80.62658071517944,33.77770185470581,1.36
-80.6265377998352,33.77770185470581,1.45
-80.62769651412964,33.77765893936157,2.42
-80.6276535987854,33.77765893936157,2.41
-80.62761068344116,33.77765893936157,2.39
-80.62756776809692,33.77765893936157,2.37
-80.62752485275269,33.77765893936157,2.34
-80.62748193740845,33.77765893936157,2.3
-80.62743902206421,33.77765893936157,2.22
-80.62739610671997,33.77765893936157,2.06
-80.62735319137573,33.77765893936157,1.79
-80.6273102760315,33.77765893936157,1.55
-80.62726736068726,33.77765893936157,1.37
-80.62722444534302,33.77765893936157,1.25
-80.62718152999878,33.77765893936157,1.24
-80.62713861465454,33.77765893936157,1.33
-80.6270956993103,33.77765893936157,1.41
-80.62705278396606,33.77765893936157,1.49
-80.62700986862183,33.77765893936157,1.58
-80.62696695327759,33.77765893936157,1.69
-80.62692403793335,33.77765893936157,1.75
-80.62688112258911,33.77765893936157,2.01
-80.62683820724487,33.77765893936157,2.13
-80.62679529190063,33.77765893936157,2.28
-80.6267523765564,33.77765893936157,2.26
-80.62670946121216,33.77765893936157,2.3
-80.62666654586792,33.77765893936157,2.07
-80.62662363052368,33.77765893936157,1.93
-80.62658071517944,33.77765893936157,1.71
-80.62769651412964,33.777616024017334,2.41
-80.6276535987854,33.777616024017334,2.4
-80.62761068344116,33.777616024017334,2.4
-80.62756776809692,33.777616024017334,2.37
-80.62752485275269,33.777616024017334,2.34
-80.62748193740845,33.777616024017334,2.26
-80.62743902206421,33.777616024017334,2.17
-80.62739610671997,33.777616024017334,2.0
-80.62735319137573,33.777616024017334,1.73
-80.6273102760315,33.777616024017334,1.53
-80.62726736068726,33.777616024017334,1.38
-80.62722444534302,33.777616024017334,1.22
-80.62718152999878,33.777616024017334,1.18
-80.62713861465454,33.777616024017334,1.25
-80.6270956993103,33.777616024017334,1.3
-80.62705278396606,33.777616024017334,1.37
-80.62700986862183,33.777616024017334,1.47
-80.62696695327759,33.777616024017334,1.59
-80.62692403793335,33.777616024017334,1.69
-80.62688112258911,33.777616024017334,1.92
-80.62683820724487,33.777616024017334,2.12
-80.62679529190063,33.777616024017334,2.38
-80.6267523765564,33.777616024017334,2.48
-80.62670946121216,33.777616024017334,2.59
-80.62666654586792,33.777616024017334,2.49
-80.62662363052368,33.777616024017334,2.39
-80.62773942947388,33.777573108673096,2.2
-80.62769651412964,33.777573108673096,2.26
-80.6276535987854,33.777573108673096,2.3
-80.62761068344116,33.777573108673096,2.34
-80.62756776809692,33.777573108673096,2.33
-80.62752485275269,33.777573108673096,2.24
-80.62748193740845,33.777573108673096,2.09
-80.62743902206421,33.777573108673096,1.98
-80.62739610671997,33.777573108673096,1.78
-80.62735319137573,33.777573108673096,1.58
-80.6273102760315,33.777573108673096,1.45
-80.62726736068726,33.777573108673096,1.35
-80.62722444534302,33.777573108673096,1.16
-80.62718152999878,33.777573108673096,1.1
-80.62713861465454,33.777573108673096,1.13
-80.6270956993103,33.777573108673096,1.16
-80.62705278396606,33.777573108673096,1.22
-80.62700986862183,33.777573108673096,1.35
-80.62696695327759,33.777573108673096,1.5
-80.62692403793335,33.777573108673096,1.64
-80.62688112258911,33.777573108673096,1.82
-80.62683820724487,33.777573108673096,2.11
-80.62679529190063,33.777573108673096,2.44
-80.6267523765564,33.777573108673096,2.62
-80.62670946121216,33.777573108673096,2.81
-80.62666654586792,33.777573108673096,2.91
-80.62662363052368,33.777573108673096,2.86
-80.62773942947388,33.77753019332886,1.9
-80.62769651412964,33.77753019332886,2.03
-80.6276535987854,33.77753019332886,2.14
-80.62761068344116,33.77753019332886,2.21
-80.62756776809692,33.77753019332886,2.19
-80.62752485275269,33.77753019332886,2.03
-80.62748193740845,33.77753019332886,1.82
-80.62743902206421,33.77753019332886,1.7
-80.62739610671997,33.77753019332886,1.55
-80.62735319137573,33.77753019332886,1.4
-80.6273102760315,33.77753019332886,1.31
-80.62726736068726,33.77753019332886,1.22
-80.62722444534302,33.77753019332886,1.06
-80.62718152999878,33.77753019332886,0.99
-80.62713861465454,33.77753019332886,1.0
-80.6270956993103,33.77753019332886,1.03
-80.62705278396606,33.77753019332886,1.11
-80.62700986862183,33.77753019332886,1.21
-80.62696695327759,33.77753019332886,1.3
-80.62692403793335,33.77753019332886,1.4
-80.62688112258911,33.77753019332886,1.58
-80.62683820724487,33.77753019332886,1.82
-80.62679529190063,33.77753019332886,2.14
-80.6267523765564,33.77753019332886,2.52
-80.62670946121216,33.77753019332886,2.91
-80.62666654586792,33.77753019332886,3.09
-80.62662363052368,33.77753019332886,3.2
-80.62778234481812,33.77748727798462,1.33
-80.62773942947388,33.77748727798462,1.54
-80.62769651412964,33.77748727798462,1.72
-80.6276535987854,33.77748727798462,1.88
-80.62761068344116,33.77748727798462,1.96
-80.62756776809692,33.77748727798462,1.9
-80.62752485275269,33.77748727798462,1.73
-80.62748193740845,33.77748727798462,1.51
-80.62743902206421,33.77748727798462,1.36
-80.62739610671997,33.77748727798462,1.23
-80.62735319137573,33.77748727798462,1.13
-80.6273102760315,33.77748727798462,1.1
-80.62726736068726,33.77748727798462,1.08
-80.62722444534302,33.77748727798462,0.98
-80.62718152999878,33.77748727798462,0.91
-80.62713861465454,33.77748727798462,0.91
-80.6270956993103,33.77748727798462,0.92
-80.62705278396606,33.77748727798462,0.97
-80.62700986862183,33.77748727798462,1.04
-80.62696695327759,33.77748727798462,1.16
-80.62692403793335,33.77748727798462,1.3
-80.62688112258911,33.77748727798462,1.43
-80.62683820724487,33.77748727798462,1.63
-80.62679529190063,33.77748727798462,1.91
-80.62782526016235,33.77744436264038,0.86
-80.62778234481812,33.77744436264038,1.03
-80.62773942947388,33.77744436264038,1.2
-80.62769651412964,33.77744436264038,1.42
-80.6276535987854,33.77744436264038,1.58
-80.62761068344116,33.77744436264038,1.64
-80.62756776809692,33.77744436264038,1.6
-80.62752485275269,33.77744436264038,1.46
-80.62748193740845,33.77744436264038,1.2
-80.62743902206421,33.77744436264038,1.05
-80.62739610671997,33.77744436264038,0.94
-80.62735319137573,33.77744436264038,0.88
-80.6273102760315,33.77744436264038,0.92
-80.62726736068726,33.77744436264038,0.95
-80.62722444534302,33.77744436264038,0.9
-80.62718152999878,33.77744436264038,0.88
-80.62713861465454,33.77744436264038,0.87
-80.6270956993103,33.77744436264038,0.85
-80.62705278396606,33.77744436264038,0.89
-80.62700986862183,33.77744436264038,0.98
-80.62696695327759,33.77744436264038,1.07
-80.62692403793335,33.77744436264038,1.18
-80.62688112258911,33.77744436264038,1.28
-80.62683820724487,33.77744436264038,1.5
-80.62791109085083,33.77740144729614,0.67
-80.62786817550659,33.77740144729614,0.67
-80.62782526016235,33.77740144729614,0.71
-80.62778234481812,33.77740144729614,0.79
-80.62773942947388,33.77740144729614,0.91
-80.62769651412964,33.77740144729614,1.09
-80.6276535987854,33.77740144729614,1.23
-80.62761068344116,33.77740144729614,1.31
-80.62756776809692,33.77740144729614,1.28
-80.62752485275269,33.77740144729614,1.16
-80.62748193740845,33.77740144729614,0.95
-80.62743902206421,33.77740144729614,0.82
-80.62739610671997,33.77740144729614,0.73
-80.62735319137573,33.77740144729614,0.7
-80.6273102760315,33.77740144729614,0.74
-80.62726736068726,33.77740144729614,0.77
-80.62722444534302,33.77740144729614,0.76
-80.62718152999878,33.77740144729614,0.75
-80.62713861465454,33.77740144729614,0.76
-80.6270956993103,33.77740144729614,0.78
-80.62705278396606,33.77740144729614,0.83
-80.62700986862183,33.77740144729614,0.9
-80.62696695327759,33.77740144729614,0.98
-80.62692403793335,33.77740144729614,1.09
-80.6279969215393,33.777358531951904,0.84
-80.62795400619507,33.777358531951904,0.77
-80.62791109085083,33.777358531951904,0.7
-80.62786817550659,33.777358531951904,0.65
-80.62782526016235,33.777358531951904,0.63
-80.62778234481812,33.777358531951904,0.67
-80.62773942947388,33.777358531951904,0.75
-80.62769651412964,33.777358531951904,0.88
-80.6276535987854,33.777358531951904,0.98
-80.62761068344116,33.777358531951904,1.03
-80.62756776809692,33.777358531951904,0.99
-80.62752485275269,33.777358531951904,0.92
-80.62748193740845,33.777358531951904,0.79
-80.62743902206421,33.777358531951904,0.69
-80.62739610671997,33.777358531951904,0.64
-80.62735319137573,33.777358531951904,0.62
-80.6273102760315,33.777358531951904,0.63
-80.62726736068726,33.777358531951904,0.65
-80.62722444534302,33.777358531951904,0.67
-80.62718152999878,33.777358531951904,0.7
-80.62713861465454,33.777358531951904,0.72
-80.6270956993103,33.777358531951904,0.74
-80.62705278396606,33.777358531951904,0.78
-80.62700986862183,33.777358531951904,0.82
-80.62808275222778,33.777315616607666,0.93
-80.62803983688354,33.777315616607666,0.87
-80.6279969215393,33.777315616607666,0.86
-80.62795400619507,33.777315616607666,0.81
-80.62791109085083,33.777315616607666,0.72
-80.62786817550659,33.777315616607666,0.66
-80.62782526016235,33.777315616607666,0.66
-80.62778234481812,33.777315616607666,0.7
-80.62773942947388,33.777315616607666,0.71
-80.62769651412964,33.777315616607666,0.77
-80.6276535987854,33.777315616607666,0.82
-80.62761068344116,33.777315616607666,0.82
-80.62756776809692,33.777315616607666,0.77
-80.62752485275269,33.777315616607666,0.78
-80.62748193740845,33.777315616607666,0.72
-80.62743902206421,33.777315616607666,0.68
-80.62739610671997,33.777315616607666,0.67
-80.62735319137573,33.777315616607666,0.66
-80.6273102760315,33.777315616607666,0.66
-80.62726736068726,33.777315616607666,0.67
-80.62722444534302,33.777315616607666,0.69
-80.62718152999878,33.777315616607666,0.71
-80.62713861465454,33.777315616607666,0.73
-80.6270956993103,33.777315616607666,0.73
-80.6282114982605,33.77727270126343,1.17
-80.62816858291626,33.77727270126343,1.06
-80.62812566757202,33.77727270126343,1.01
-80.62808275222778,33.77727270126343,0.97
-80.62803983688354,33.77727270126343,0.88
-80.6279969215393,33.77727270126343,0.85
-80.62795400619507,33.77727270126343,0.81
-80.62791109085083,33.77727270126343,0.74
-80.62786817550659,33.77727270126343,0.69
-80.62782526016235,33.77727270126343,0.75
-80.62778234481812,33.77727270126343,0.72
-80.62773942947388,33.77727270126343,0.71
-80.62769651412964,33.77727270126343,0.75
-80.6276535987854,33.77727270126343,0.77
-80.62761068344116,33.77727270126343,0.7
-80.62756776809692,33.77727270126343,0.69
-80.62752485275269,33.77727270126343,0.72
-80.62748193740845,33.77727270126343,0.67
-80.62743902206421,33.77727270126343,0.68
-80.62739610671997,33.77727270126343,0.67
-80.62735319137573,33.77727270126343,0.65
-80.6273102760315,33.77727270126343,0.63
-80.62726736068726,33.77727270126343,0.63
-80.62722444534302,33.77727270126343,0.63
-80.62718152999878,33.77727270126343,0.67
-80.62829732894897,33.77722978591919,1.44
-80.62825441360474,33.77722978591919,1.31
-80.6282114982605,33.77722978591919,1.21
-80.62816858291626,33.77722978591919,1.1
-80.62812566757202,33.77722978591919,1.04
-80.62808275222778,33.77722978591919,0.95
-80.62803983688354,33.77722978591919,0.9
-80.6279969215393,33.77722978591919,0.88
-80.62795400619507,33.77722978591919,0.85
-80.62791109085083,33.77722978591919,0.78
-80.62786817550659,33.77722978591919,0.75
-80.62782526016235,33.77722978591919,0.77
-80.62778234481812,33.77722978591919,0.77
-80.62773942947388,33.77722978591919,0.76
-80.62769651412964,33.77722978591919,0.75
-80.6276535987854,33.77722978591919,0.74
-80.62761068344116,33.77722978591919,0.68
-80.62756776809692,33.77722978591919,0.63
-80.62752485275269,33.77722978591919,0.62
-80.62748193740845,33.77722978591919,0.62
-80.62743902206421,33.77722978591919,0.63
-80.62739610671997,33.77722978591919,0.64
-80.62735319137573,33.77722978591919,0.65
-80.6273102760315,33.77722978591919,0.65
-80.62726736068726,33.77722978591919,0.64
-80.62722444534302,33.77722978591919,0.61
-80.62842607498169,33.77718687057495,2.19
-80.62838315963745,33.77718687057495,1.95
-80.62834024429321,33.77718687057495,1.71
-80.62829732894897,33.77718687057495,1.53
-80.62825441360474,33.77718687057495,1.37
-80.6282114982605,33.77718687057495,1.22
-80.62816858291626,33.77718687057495,1.11
-80.62812566757202,33.77718687057495,1.04
-80.62808275222778,33.77718687057495,0.97
-80.62803983688354,33.77718687057495,0.93
-80.6279969215393,33.77718687057495,0.89
-80.62795400619507,33.77718687057495,0.84
-80.62791109085083,33.77718687057495,0.83
-80.62786817550659,33.77718687057495,0.8
-80.62782526016235,33.77718687057495,0.84
-80.62778234481812,33.77718687057495,0.86
-80.62773942947388,33.77718687057495,0.86
-80.62769651412964,33.77718687057495,0.81
-80.6276535987854,33.77718687057495,0.78
-80.62761068344116,33.77718687057495,0.68
-80.62756776809692,33.77718687057495,0.61
-80.62752485275269,33.77718687057495,0.58
-80.62748193740845,33.77718687057495,0.58
-80.62743902206421,33.77718687057495,0.6
-80.62739610671997,33.77718687057495,0.62
-80.62735319137573,33.77718687057495,0.65
-80.6273102760315,33.77718687057495,0.66
-80.6285548210144,33.77714395523071,2.66
-80.62851190567017,33.77714395523071,2.55
-80.62846899032593,33.77714395523071,2.41
-80.62842607498169,33.77714395523071,2.22
-80.62838315963745,33.77714395523071,1.98
-80.62834024429321,33.77714395523071,1.76
-80.62829732894897,33.77714395523071,1.57
-80.62825441360474,33.77714395523071,1.38
-80.6282114982605,33.77714395523071,1.25
-80.62816858291626,33.77714395523071,1.16
-80.62812566757202,33.77714395523071,1.07
-80.62808275222778,33.77714395523071,0.97
-80.62803983688354,33.77714395523071,0.92
-80.6279969215393,33.77714395523071,0.89
-80.62795400619507,33.77714395523071,0.86
-80.62791109085083,33.77714395523071,0.85
-80.62786817550659,33.77714395523071,0.84
-80.62782526016235,33.77714395523071,0.91
-80.62778234481812,33.77714395523071,0.93
-80.62773942947388,33.77714395523071,0.92
-80.62769651412964,33.77714395523071,0.87
-80.6276535987854,33.77714395523071,0.84
-80.62761068344116,33.77714395523071,0.72
-80.62756776809692,33.77714395523071,0.63
-80.62752485275269,33.77714395523071,0.59
-80.62748193740845,33.77714395523071,0.57
-80.62743902206421,33.77714395523071,0.57
-80.62739610671997,33.77714395523071,0.61
-80.62859773635864,33.777101039886475,2.6
-80.6285548210144,33.777101039886475,2.6
-80.62851190567017,33.777101039886475,2.51
-80.62846899032593,33.777101039886475,2.39
-80.62842607498169,33.777101039886475,2.26
-80.62838315963745,33.777101039886475,2.02
-80.62834024429321,33.777101039886475,1.76
-80.62829732894897,33.777101039886475,1.56
-80.62825441360474,33.777101039886475,1.38
-80.6282114982605,33.777101039886475,1.21
-80.62816858291626,33.777101039886475,1.13
-80.62812566757202,33.777101039886475,1.03
-80.62808275222778,33.777101039886475,0.93
-80.62803983688354,33.777101039886475,0.89
-80.6279969215393,33.777101039886475,0.86
-80.62795400619507,33.777101039886475,0.82
-80.62791109085083,33.777101039886475,0.84
-80.62786817550659,33.777101039886475,0.86
-80.62782526016235,33.777101039886475,0.92
-80.62778234481812,33.777101039886475,0.92
-80.62773942947388,33.777101039886475,0.93
-80.62769651412964,33.777101039886475,0.89
-80.6276535987854,33.777101039886475,0.87
-80.62761068344116,33.777101039886475,0.75
-80.62756776809692,33.777101039886475,0.7
-80.62752485275269,33.777101039886475,0.63
-80.62748193740845,33.777101039886475,0.57
-80.62743902206421,33.777101039886475,0.55
-80.62868356704712,33.777058124542236,2.48
-80.62864065170288,33.777058124542236,2.5
-80.62859773635864,33.777058124542236,2.54
-80.6285548210144,33.777058124542236,2.54
-80.62851190567017,33.777058124542236,2.5
-80.62846899032593,33.777058124542236,2.37
-80.62842607498169,33.777058124542236,2.19
-80.62838315963745,33.777058124542236,1.93
-80.62834024429321,33.777058124542236,1.69
-80.62829732894897,33.777058124542236,1.47
-80.62825441360474,33.777058124542236,1.29
-80.6282114982605,33.777058124542236,1.14
-80.62816858291626,33.777058124542236,1.06
-80.62812566757202,33.777058124542236,0.98
-80.62808275222778,33.777058124542236,0.9
-80.62803983688354,33.777058124542236,0.88
-80.6279969215393,33.777058124542236,0.85
-80.62795400619507,33.777058124542236,0.83
-80.62791109085083,33.777058124542236,0.86
-80.62786817550659,33.777058124542236,0.86
-80.62782526016235,33.777058124542236,0.89
-80.62778234481812,33.777058124542236,0.93
-80.62773942947388,33.777058124542236,0.96
-80.62769651412964,33.777058124542236,0.93
-80.6276535987854,33.777058124542236,0.92
-80.62761068344116,33.777058124542236,0.85
-80.62756776809692,33.777058124542236,0.81
-80.62752485275269,33.777058124542236,0.67
-80.62872648239136,33.777015209198,2.26
-80.62868356704712,33.777015209198,2.33
-80.62864065170288,33.777015209198,2.36
-80.62859773635864,33.777015209198,2.41
-80.6285548210144,33.777015209198,2.45
-80.62851190567017,33.777015209198,2.38
-80.62846899032593,33.777015209198,2.23
-80.62842607498169,33.777015209198,2.07
-80.62838315963745,33.777015209198,1.85
-80.62834024429321,33.777015209198,1.59
-80.62829732894897,33.777015209198,1.38
-80.62825441360474,33.777015209198,1.2
-80.6282114982605,33.777015209198,1.07
-80.62816858291626,33.777015209198,1.02
-80.62812566757202,33.777015209198,0.97
-80.62808275222778,33.777015209198,0.92
-80.62803983688354,33.777015209198,0.89
-80.6279969215393,33.777015209198,0.85
-80.62795400619507,33.777015209198,0.81
-80.62791109085083,33.777015209198,0.83
-80.62786817550659,33.777015209198,0.83
-80.62782526016235,33.777015209198,0.91
-80.62778234481812,33.777015209198,0.95
-80.62773942947388,33.777015209198,0.98
-80.62769651412964,33.777015209198,0.98
-80.6276535987854,33.777015209198,1.01
-80.62761068344116,33.777015209198,0.94
-80.6287693977356,33.77697229385376,1.91
-80.62872648239136,33.77697229385376,2.06
-80.62868356704712,33.77697229385376,2.11
-80.62864065170288,33.77697229385376,2.2
-80.62859773635864,33.77697229385376,2.26
-80.6285548210144,33.77697229385376,2.26
-80.62851190567017,33.77697229385376,2.18
-80.62846899032593,33.77697229385376,2.07
-80.62842607498169,33.77697229385376,1.85
-80.62838315963745,33.77697229385376,1.61
-80.62834024429321,33.77697229385376,1.41
-80.62829732894897,33.77697229385376,1.22
-80.62825441360474,33.77697229385376,1.11
-80.6282114982605,33.77697229385376,1.03
-80.62816858291626,33.77697229385376,1.01
-80.62812566757202,33.77697229385376,0.95
-80.62808275222778,33.77697229385376,0.9
-80.62803983688354,33.77697229385376,0.85
-80.6279969215393,33.77697229385376,0.84
-80.62795400619507,33.77697229385376,0.83
-80.62791109085083,33.77697229385376,0.82
-80.62786817550659,33.77697229385376,0.83
-80.62782526016235,33.77697229385376,0.89
-80.62778234481812,33.77697229385376,0.92
-80.62773942947388,33.77697229385376,0.97
-80.62769651412964,33.77697229385376,1.04
-80.6276535987854,33.77697229385376,1.08
-80.62881231307983,33.77692937850952,1.56
-80.6287693977356,33.77692937850952,1.72
-80.62872648239136,33.77692937850952,1.83
-80.62868356704712,33.77692937850952,1.92
-80.62864065170288,33.77692937850952,2.01
-80.62859773635864,33.77692937850952,2.02
-80.6285548210144,33.77692937850952,2.0
-80.62851190567017,33.77692937850952,1.93
-80.62846899032593,33.77692937850952,1.78
-80.62842607498169,33.77692937850952,1.61
-80.62838315963745,33.77692937850952,1.45
-80.62834024429321,33.77692937850952,1.28
-80.62829732894897,33.77692937850952,1.11
-80.62825441360474,33.77692937850952,1.03
-80.6282114982605,33.77692937850952,0.94
-80.62816858291626,33.77692937850952,0.92
-80.62812566757202,33.77692937850952,0.92
-80.62808275222778,33.77692937850952,0.93
-80.62803983688354,33.77692937850952,0.94
-80.6279969215393,33.77692937850952,0.9
-80.62795400619507,33.77692937850952,0.86
-80.62791109085083,33.77692937850952,0.83
-80.62786817550659,33.77692937850952,0.83
-80.62782526016235,33.77692937850952,0.86
-80.62778234481812,33.77692937850952,0.93
-80.62773942947388,33.77692937850952,1.0
-80.62769651412964,33.77692937850952,1.07
-80.62885522842407,33.77688646316528,1.17
-80.62881231307983,33.77688646316528,1.31
-80.6287693977356,33.77688646316528,1.43
-80.62872648239136,33.77688646316528,1.58
-80.62868356704712,33.77688646316528,1.69
-80.62864065170288,33.77688646316528,1.76
-80.62859773635864,33.77688646316528,1.76
-80.6285548210144,33.77688646316528,1.74
-80.62851190567017,33.77688646316528,1.64
-80.62846899032593,33.77688646316528,1.5
-80.62842607498169,33.77688646316528,1.33
-80.62838315963745,33.77688646316528,1.22
-80.62834024429321,33.77688646316528,1.13
-80.62829732894897,33.77688646316528,1.03
-80.62825441360474,33.77688646316528,0.97
-80.6282114982605,33.77688646316528,0.98
-80.62816858291626,33.77688646316528,0.97
-80.62812566757202,33.77688646316528,0.97
-80.62808275222778,33.77688646316528,0.99
-80.62803983688354,33.77688646316528,1.0
-80.6279969215393,33.77688646316528,0.95
-80.62795400619507,33.77688646316528,0.93
-80.62791109085083,33.77688646316528,0.89
-80.62786817550659,33.77688646316528,0.88
-80.62782526016235,33.77688646316528,0.88
-80.62778234481812,33.77688646316528,0.94
-80.62894105911255,33.776843547821045,0.74
-80.62889814376831,33.776843547821045,0.86
-80.62885522842407,33.776843547821045,0.98
-80.62881231307983,33.776843547821045,1.07
-80.6287693977356,33.776843547821045,1.2
-80.62872648239136,33.776843547821045,1.36
-80.62868356704712,33.776843547821045,1.44
-80.62864065170288,33.776843547821045,1.5
-80.62859773635864,33.776843547821045,1.5
-80.6285548210144,33.776843547821045,1.46
-80.62851190567017,33.776843547821045,1.33
-80.62846899032593,33.776843547821045,1.2
-80.62842607498169,33.776843547821045,1.1
-80.62838315963745,33.776843547821045,1.08
-80.62834024429321,33.776843547821045,1.05
-80.62829732894897,33.776843547821045,1.03
-80.62825441360474,33.776843547821045,1.05
-80.6282114982605,33.776843547821045,1.05
-80.62816858291626,33.776843547821045,1.02
-80.62812566757202,33.776843547821045,1.03
-80.62808275222778,33.776843547821045,1.05
-80.62803983688354,33.776843547821045,1.06
-80.6279969215393,33.776843547821045,1.04
-80.62795400619507,33.776843547821045,1.02
-80.62791109085083,33.776843547821045,0.94
-80.62786817550659,33.776843547821045,0.92
-80.62782526016235,33.776843547821045,0.91
-80.62902688980103,33.77680063247681,0.75
-80.62898397445679,33.77680063247681,0.73
-80.62894105911255,33.77680063247681,0.73
-80.62889814376831,33.77680063247681,0.77
-80.62885522842407,33.77680063247681,0.82
-80.62881231307983,33.77680063247681,0.9
-80.6287693977356,33.77680063247681,1.02
-80.62872648239136,33.77680063247681,1.14
-80.62868356704712,33.77680063247681,1.21
-80.62864065170288,33.77680063247681,1.27
-80.62859773635864,33.77680063247681,1.26
-80.6285548210144,33.77680063247681,1.18
-80.62851190567017,33.77680063247681,1.07
-80.62846899032593,33.77680063247681,1.01
-80.62842607498169,33.77680063247681,0.97
-80.62838315963745,33.77680063247681,0.97
-80.62834024429321,33.77680063247681,1.02
-80.62829732894897,33.77680063247681,1.06
-80.62825441360474,33.77680063247681,1.1
-80.6282114982605,33.77680063247681,1.09
-80.62816858291626,33.77680063247681,1.05
-80.62812566757202,33.77680063247681,1.06
-80.62808275222778,33.77680063247681,1.08
-80.62803983688354,33.77680063247681,1.08
-80.6279969215393,33.77680063247681,1.07
-80.62795400619507,33.77680063247681,1.08
-80.62791109085083,33.77680063247681,1.0
-80.6291127204895,33.77675771713257,0.81
-80.62906980514526,33.77675771713257,0.79
-80.62902688980103,33.77675771713257,0.77
-80.62898397445679,33.77675771713257,0.74
-80.62894105911255,33.77675771713257,0.72
-80.62889814376831,33.77675771713257,0.72
-80.62885522842407,33.77675771713257,0.76
-80.62881231307983,33.77675771713257,0.84
-80.6287693977356,33.77675771713257,0.93
-80.62872648239136,33.77675771713257,1.01
-80.62868356704712,33.77675771713257,1.1
-80.62864065170288,33.77675771713257,1.1
-80.62859773635864,33.77675771713257,1.06
-80.6285548210144,33.77675771713257,1.02
-80.62851190567017,33.77675771713257,0.96
-80.62846899032593,33.77675771713257,0.9
-80.62842607498169,33.77675771713257,0.91
-80.62838315963745,33.77675771713257,0.95
-80.62834024429321,33.77675771713257,0.99
-80.62829732894897,33.77675771713257,1.03
-80.62825441360474,33.77675771713257,1.06
-80.6282114982605,33.77675771713257,1.08
-80.62816858291626,33.77675771713257,1.04
-80.62812566757202,33.77675771713257,1.06
-80.62808275222778,33.77675771713257,1.09
-80.62803983688354,33.77675771713257,1.12
-80.6279969215393,33.77675771713257,1.11
-80.62919855117798,33.77671480178833,0.8
-80.62915563583374,33.77671480178833,0.82
-80.6291127204895,33.77671480178833,0.81
-80.62906980514526,33.77671480178833,0.8
-80.62902688980103,33.77671480178833,0.78
-80.62898397445679,33.77671480178833,0.76
-80.62894105911255,33.77671480178833,0.73
-80.62889814376831,33.77671480178833,0.74
-80.62885522842407,33.77671480178833,0.8
-80.62881231307983,33.77671480178833,0.82
-80.6287693977356,33.77671480178833,0.88
-80.62872648239136,33.77671480178833,0.97
-80.62868356704712,33.77671480178833,0.97
-80.62864065170288,33.77671480178833,0.95
-80.62859773635864,33.77671480178833,0.96
-80.6285548210144,33.77671480178833,0.94
-80.62851190567017,33.77671480178833,0.87
-80.62846899032593,33.77671480178833,0.87
-80.62842607498169,33.77671480178833,0.88
-80.62838315963745,33.77671480178833,0.88
-80.62834024429321,33.77671480178833,0.92
-80.62829732894897,33.77671480178833,0.99
-80.62825441360474,33.77671480178833,1.07
-80.6282114982605,33.77671480178833,1.12
-80.62816858291626,33.77671480178833,1.08
-80.62812566757202,33.77671480178833,1.1
-80.6293272972107,33.77667188644409,0.73
-80.62928438186646,33.77667188644409,0.74
-80.62924146652222,33.77667188644409,0.77
-80.62919855117798,33.77667188644409,0.79
-80.62915563583374,33.77667188644409,0.81
-80.6291127204895,33.77667188644409,0.81
-80.62906980514526,33.77667188644409,0.81
-80.62902688980103,33.77667188644409,0.82
-80.62898397445679,33.77667188644409,0.84
-80.62894105911255,33.77667188644409,0.85
-80.62889814376831,33.77667188644409,0.85
-80.62885522842407,33.77667188644409,0.87
-80.62881231307983,33.77667188644409,0.87
-80.6287693977356,33.77667188644409,0.89
-80.62872648239136,33.77667188644409,0.93
-80.62868356704712,33.77667188644409,0.92
-80.62864065170288,33.77667188644409,0.92
-80.62859773635864,33.77667188644409,0.93
-80.6285548210144,33.77667188644409,0.9
-80.62851190567017,33.77667188644409,0.85
-80.62846899032593,33.77667188644409,0.85
-80.62842607498169,33.77667188644409,0.85
-80.62838315963745,33.77667188644409,0.85
-80.62834024429321,33.77667188644409,0.87
-80.62829732894897,33.77667188644409,0.95
-80.62825441360474,33.77667188644409,1.07
-80.62949895858765,33.77662897109985,0.95
-80.62945604324341,33.77662897109985,0.88
-80.62941312789917,33.77662897109985,0.81
-80.62937021255493,33.77662897109985,0.76
-80.6293272972107,33.77662897109985,0.74
-80.62928438186646,33.77662897109985,0.74
-80.62924146652222,33.77662897109985,0.76
-80.62919855117798,33.77662897109985,0.77
-80.62915563583374,33.77662897109985,0.79
-80.6291127204895,33.77662897109985,0.83
-80.62906980514526,33.77662897109985,0.88
-80.62902688980103,33.77662897109985,0.93
-80.62898397445679,33.77662897109985,0.96
-80.62894105911255,33.77662897109985,0.97
-80.62889814376831,33.77662897109985,0.96
-80.62885522842407,33.77662897109985,0.95
-80.62881231307983,33.77662897109985,0.94
-80.6287693977356,33.77662897109985,0.94
-80.62872648239136,33.77662897109985,0.95
-80.62868356704712,33.77662897109985,0.93
-80.62864065170288,33.77662897109985,0.91
-80.62859773635864,33.77662897109985,0.91
-80.6285548210144,33.77662897109985,0.9
-80.62851190567017,33.77662897109985,0.86
-80.62846899032593,33.77662897109985,0.87
-80.62842607498169,33.77662897109985,0.88
-80.62838315963745,33.77662897109985,0.84
-80.62834024429321,33.77662897109985,0.83
-80.62971353530884,33.776586055755615,1.28
-80.6296706199646,33.776586055755615,1.23
-80.62962770462036,33.776586055755615,1.19
-80.62958478927612,33.776586055755615,1.13
-80.62954187393188,33.776586055755615,1.06
-80.62949895858765,33.776586055755615,0.99
-80.62945604324341,33.776586055755615,0.91
-80.62941312789917,33.776586055755615,0.83
-80.62937021255493,33.776586055755615,0.78
-80.6293272972107,33.776586055755615,0.74
-80.62928438186646,33.776586055755615,0.73
-80.62924146652222,33.776586055755615,0.74
-80.62919855117798,33.776586055755615,0.76
-80.62915563583374,33.776586055755615,0.82
-80.6291127204895,33.776586055755615,0.91
-80.62906980514526,33.776586055755615,0.98
-80.62902688980103,33.776586055755615,1.03
-80.62898397445679,33.776586055755615,1.1
-80.62894105911255,33.776586055755615,1.11
-80.62889814376831,33.776586055755615,1.08
-80.62885522842407,33.776586055755615,1.07
-80.62881231307983,33.776586055755615,1.05
-80.6287693977356,33.776586055755615,1.02
-80.62872648239136,33.776586055755615,0.99
-80.62868356704712,33.776586055755615,0.96
-80.62864065170288,33.776586055755615,0.95
-80.62859773635864,33.776586055755615,0.96
-80.6285548210144,33.776586055755615,0.97
-80.62851190567017,33.776586055755615,0.95
-80.62846899032593,33.776586055755615,0.95
-80.62842607498169,33.776586055755615,0.93
-80.62984228134155,33.77654314041138,1.47
-80.62979936599731,33.77654314041138,1.42
-80.62975645065308,33.77654314041138,1.36
-80.62971353530884,33.77654314041138,1.31
-80.6296706199646,33.77654314041138,1.26
-80.62962770462036,33.77654314041138,1.22
-80.62958478927612,33.77654314041138,1.16
-80.62954187393188,33.77654314041138,1.09
-80.62949895858765,33.77654314041138,1.0
-80.62945604324341,33.77654314041138,0.92
-80.62941312789917,33.77654314041138,0.84
-80.62937021255493,33.77654314041138,0.77
-80.6293272972107,33.77654314041138,0.73
-80.62928438186646,33.77654314041138,0.72
-80.62924146652222,33.77654314041138,0.72
-80.62919855117798,33.77654314041138,0.77
-80.62915563583374,33.77654314041138,0.86
-80.6291127204895,33.77654314041138,0.99
-80.62906980514526,33.77654314041138,1.1
-80.62902688980103,33.77654314041138,1.2
-80.62898397445679,33.77654314041138,1.27
-80.62894105911255,33.77654314041138,1.27
-80.62889814376831,33.77654314041138,1.21
-80.62885522842407,33.77654314041138,1.18
-80.62881231307983,33.77654314041138,1.14
-80.6287693977356,33.77654314041138,1.08
-80.62872648239136,33.77654314041138,1.06
-80.62868356704712,33.77654314041138,1.04
-80.62864065170288,33.77654314041138,1.02
-80.62859773635864,33.77654314041138,0.99
-80.6285548210144,33.77654314041138,0.99
-80.62851190567017,33.77654314041138,0.96
-80.62992811203003,33.77650022506714,1.56
-80.62988519668579,33.77650022506714,1.53
-80.62984228134155,33.77650022506714,1.49
-80.62979936599731,33.77650022506714,1.44
-80.62975645065308,33.77650022506714,1.39
-80.62971353530884,33.77650022506714,1.34
-80.6296706199646,33.77650022506714,1.29
-80.62962770462036,33.77650022506714,1.23
-80.62958478927612,33.77650022506714,1.16
-80.62954187393188,33.77650022506714,1.07
-80.62949895858765,33.77650022506714,0.97
-80.62945604324341,33.77650022506714,0.88
-80.62941312789917,33.77650022506714,0.79
-80.62937021255493,33.77650022506714,0.73
-80.6293272972107,33.77650022506714,0.69
-80.62928438186646,33.77650022506714,0.7
-80.62924146652222,33.77650022506714,0.74
-80.62919855117798,33.77650022506714,0.79
-80.62915563583374,33.77650022506714,0.93
-80.6291127204895,33.77650022506714,1.12
-80.62906980514526,33.77650022506714,1.27
-80.62902688980103,33.77650022506714,1.38
-80.62898397445679,33.77650022506714,1.47
-80.62894105911255,33.77650022506714,1.45
-80.62889814376831,33.77650022506714,1.37
-80.62885522842407,33.77650022506714,1.29
-80.62881231307983,33.77650022506714,1.22
-80.6287693977356,33.77650022506714,1.16
-80.62872648239136,33.77650022506714,1.13
-80.62868356704712,33.77650022506714,1.1
-80.62864065170288,33.77650022506714,1.08
-80.62859773635864,33.77650022506714,1.06
-80.6285548210144,33.77650022506714,1.07
-80.63009977340698,33.7764573097229,1.65
-80.63005685806274,33.7764573097229,1.64
-80.6300139427185,33.7764573097229,1.63
-80.62997102737427,33.7764573097229,1.62
-80.62992811203003,33.7764573097229,1.6
-80.62988519668579,33.7764573097229,1.58
-80.62984228134155,33.7764573097229,1.53
-80.62979936599731,33.7764573097229,1.49
-80.62975645065308,33.7764573097229,1.44
-80.62971353530884,33.7764573097229,1.39
-80.6296706199646,33.7764573097229,1.31
-80.62962770462036,33.7764573097229,1.24
-80.62958478927612,33.7764573097229,1.15
-80.62954187393188,33.7764573097229,1.03
-80.62949895858765,33.7764573097229,0.91
-80.62945604324341,33.7764573097229,0.83
-80.62941312789917,33.7764573097229,0.75
-80.62937021255493,33.7764573097229,0.7
-80.6293272972107,33.7764573097229,0.73
-80.62928438186646,33.7764573097229,0.75
-80.62924146652222,33.7764573097229,0.8
-80.62919855117798,33.7764573097229,0.89
-80.62915563583374,33.7764573097229,1.07
-80.6291127204895,33.7764573097229,1.27
-80.62906980514526,33.7764573097229,1.46
-80.62902688980103,33.7764573097229,1.59
-80.62898397445679,33.7764573097229,1.64
-80.62894105911255,33.7764573097229,1.59
-80.62889814376831,33.7764573097229,1.49
-80.62885522842407,33.7764573097229,1.39
-80.62881231307983,33.7764573097229,1.33
-80.6287693977356,33.7764573097229,1.28
-80.62872648239136,33.7764573097229,1.22
-80.62868356704712,33.7764573097229,1.15
-80.6302285194397,33.77641439437866,1.86
-80.63018560409546,33.77641439437866,1.8
-80.63014268875122,33.77641439437866,1.72
-80.63009977340698,33.77641439437866,1.66
-80.63005685806274,33.77641439437866,1.61
-80.6300139427185,33.77641439437866,1.6
-80.62997102737427,33.77641439437866,1.6
-80.62992811203003,33.77641439437866,1.6
-80.62988519668579,33.77641439437866,1.58
-80.62984228134155,33.77641439437866,1.57
-80.62979936599731,33.77641439437866,1.54
-80.62975645065308,33.77641439437866,1.46
-80.62971353530884,33.77641439437866,1.37
-80.6296706199646,33.77641439437866,1.26
-80.62962770462036,33.77641439437866,1.15
-80.62958478927612,33.77641439437866,1.03
-80.62954187393188,33.77641439437866,0.94
-80.62949895858765,33.77641439437866,0.86
-80.62945604324341,33.77641439437866,0.84
-80.62941312789917,33.77641439437866,0.81
-80.62937021255493,33.77641439437866,0.81
-80.6293272972107,33.77641439437866,0.87
-80.62928438186646,33.77641439437866,0.93
-80.62924146652222,33.77641439437866,0.99
-80.62919855117798,33.77641439437866,1.1
-80.62915563583374,33.77641439437866,1.29
-80.6291127204895,33.77641439437866,1.47
-80.62906980514526,33.77641439437866,1.61
-80.62902688980103,33.77641439437866,1.73
-80.62898397445679,33.77641439437866,1.79
-80.62894105911255,33.77641439437866,1.75
-80.62889814376831,33.77641439437866,1.66
-80.62885522842407,33.77641439437866,1.56
-80.62881231307983,33.77641439437866,1.48
-80.6287693977356,33.77641439437866,1.36
-80.63027143478394,33.776371479034424,2.04
-80.6302285194397,33.776371479034424,1.94
-80.63018560409546,33.776371479034424,1.87
-80.63014268875122,33.776371479034424,1.79
-80.63009977340698,33.776371479034424,1.72
-80.63005685806274,33.776371479034424,1.67
-80.6300139427185,33.776371479034424,1.64
-80.62997102737427,33.776371479034424,1.62
-80.62992811203003,33.776371479034424,1.62
-80.62988519668579,33.776371479034424,1.59
-80.62984228134155,33.776371479034424,1.55
-80.62979936599731,33.776371479034424,1.5
-80.62975645065308,33.776371479034424,1.39
-80.62971353530884,33.776371479034424,1.29
-80.6296706199646,33.776371479034424,1.18
-80.62962770462036,33.776371479034424,1.08
-80.62958478927612,33.776371479034424,0.98
-80.62954187393188,33.776371479034424,0.93
-80.62949895858765,33.776371479034424,0.87
-80.62945604324341,33.776371479034424,0.85
-80.62941312789917,33.776371479034424,0.84
-80.62937021255493,33.776371479034424,0.88
-80.6293272972107,33.776371479034424,0.98
-80.62928438186646,33.776371479034424,1.07
-80.62924146652222,33.776371479034424,1.18
-80.62919855117798,33.776371479034424,1.31
-80.62915563583374,33.776371479034424,1.46
-80.6291127204895,33.776371479034424,1.58
-80.62906980514526,33.776371479034424,1.72
-80.62902688980103,33.776371479034424,1.84
-80.62898397445679,33.776371479034424,1.88
-80.62894105911255,33.776371479034424,1.83
-80.62889814376831,33.776371479034424,1.77
-80.62885522842407,33.776371479034424,1.68
-80.62881231307983,33.776371479034424,1.59
-80.63031435012817,33.776328563690186,2.17
-80.63027143478394,33.776328563690186,2.08
-80.6302285194397,33.776328563690186,2.0
-80.63018560409546,33.776328563690186,1.92
-80.63014268875122,33.776328563690186,1.84
-80.63009977340698,33.776328563690186,1.77
-80.63005685806274,33.776328563690186,1.7
-80.6300139427185,33.776328563690186,1.62
-80.62997102737427,33.776328563690186,1.56
-80.62992811203003,33.776328563690186,1.51
-80.62988519668579,33.776328563690186,1.44
-80.62984228134155,33.776328563690186,1.39
-80.62979936599731,33.776328563690186,1.36
-80.62975645065308,33.776328563690186,1.31
-80.62971353530884,33.776328563690186,1.25
-80.6296706199646,33.776328563690186,1.15
-80.62962770462036,33.776328563690186,1.05
-80.62958478927612,33.776328563690186,0.93
-80.62954187393188,33.776328563690186,0.85
-80.62949895858765,33.776328563690186,0.79
-80.62945604324341,33.776328563690186,0.82
-80.62941312789917,33.776328563690186,0.88
-80.62937021255493,33.776328563690186,0.97
-80.6293272972107,33.776328563690186,1.12
-80.62928438186646,33.776328563690186,1.25
-80.62924146652222,33.776328563690186,1.38
-80.62919855117798,33.776328563690186,1.48
-80.62915563583374,33.776328563690186,1.62
-80.6291127204895,33.776328563690186,1.71
-80.62906980514526,33.776328563690186,1.81
-80.62902688980103,33.776328563690186,1.88
-80.62898397445679,33.776328563690186,1.91
-80.62894105911255,33.776328563690186,1.9
-80.62889814376831,33.776328563690186,1.89
-80.62885522842407,33.776328563690186,1.85
-80.63040018081665,33.77628564834595,2.37
-80.63035726547241,33.77628564834595,2.3
-80.63031435012817,33.77628564834595,2.23
-80.63027143478394,33.77628564834595,2.15
-80.6302285194397,33.77628564834595,2.08
-80.63018560409546,33.77628564834595,2.0
-80.63014268875122,33.77628564834595,1.91
-80.63009977340698,33.77628564834595,1.8
-80.63005685806274,33.77628564834595,1.69
-80.6300139427185,33.77628564834595,1.56
-80.62997102737427,33.77628564834595,1.43
-80.62992811203003,33.77628564834595,1.37
-80.62988519668579,33.77628564834595,1.32
-80.62984228134155,33.77628564834595,1.28
-80.62979936599731,33.77628564834595,1.26
-80.62975645065308,33.77628564834595,1.21
-80.62971353530884,33.77628564834595,1.13
-80.6296706199646,33.77628564834595,1.01
-80.62962770462036,33.77628564834595,0.9
-80.62958478927612,33.77628564834595,0.8
-80.62954187393188,33.77628564834595,0.76
-80.62949895858765,33.77628564834595,0.77
-80.62945604324341,33.77628564834595,0.84
-80.62941312789917,33.77628564834595,0.92
-80.62937021255493,33.77628564834595,1.03
-80.6293272972107,33.77628564834595,1.21
-80.62928438186646,33.77628564834595,1.34
-80.62924146652222,33.77628564834595,1.48
-80.62919855117798,33.77628564834595,1.63
-80.62915563583374,33.77628564834595,1.76
-80.6291127204895,33.77628564834595,1.8
-80.62906980514526,33.77628564834595,1.85
-80.62902688980103,33.77628564834595,1.91
-80.62898397445679,33.77628564834595,1.94
-80.62894105911255,33.77628564834595,1.96
-80.62889814376831,33.77628564834595,1.99
-80.63052892684937,33.77624273300171,2.4
-80.63048601150513,33.77624273300171,2.4
-80.63044309616089,33.77624273300171,2.4
-80.63040018081665,33.77624273300171,2.38
-80.63035726547241,33.77624273300171,2.33
-80.63031435012817,33.77624273300171,2.29
-80.63027143478394,33.77624273300171,2.24
-80.6302285194397,33.77624273300171,2.16
-80.63018560409546,33.77624273300171,2.07
-80.63014268875122,33.77624273300171,1.94
-80.63009977340698,33.77624273300171,1.79
-80.63005685806274,33.77624273300171,1.63
-80.6300139427185,33.77624273300171,1.49
-80.62997102737427,33.77624273300171,1.32
-80.62992811203003,33.77624273300171,1.25
-80.62988519668579,33.77624273300171,1.21
-80.62984228134155,33.77624273300171,1.18
-80.62979936599731,33.77624273300171,1.13
-80.62975645065308,33.77624273300171,1.11
-80.62971353530884,33.77624273300171,1.04
-80.6296706199646,33.77624273300171,0.93
-80.62962770462036,33.77624273300171,0.84
-80.62958478927612,33.77624273300171,0.76
-80.62954187393188,33.77624273300171,0.74
-80.62949895858765,33.77624273300171,0.77
-80.62945604324341,33.77624273300171,0.84
-80.62941312789917,33.77624273300171,0.96
-80.62937021255493,33.77624273300171,1.1
-80.6293272972107,33.77624273300171,1.28
-80.62928438186646,33.77624273300171,1.43
-80.62924146652222,33.77624273300171,1.61
-80.62919855117798,33.77624273300171,1.73
-80.62915563583374,33.77624273300171,1.82
-80.6291127204895,33.77624273300171,1.85
-80.62906980514526,33.77624273300171,1.87
-80.62902688980103,33.77624273300171,1.89
-80.62898397445679,33.77624273300171,1.92
-80.62894105911255,33.77624273300171,1.95
-80.63070058822632,33.77619981765747,2.31
-80.63065767288208,33.77619981765747,2.33
-80.63061475753784,33.77619981765747,2.36
-80.6305718421936,33.77619981765747,2.37
-80.63052892684937,33.77619981765747,2.39
-80.63048601150513,33.77619981765747,2.4
-80.63044309616089,33.77619981765747,2.4
-80.63040018081665,33.77619981765747,2.39
-80.63035726547241,33.77619981765747,2.35
-80.63031435012817,33.77619981765747,2.32
-80.63027143478394,33.77619981765747,2.25
-80.6302285194397,33.77619981765747,2.16
-80.63018560409546,33.77619981765747,2.07
-80.63014268875122,33.77619981765747,1.95
-80.63009977340698,33.77619981765747,1.81
-80.63005685806274,33.77619981765747,1.66
-80.6300139427185,33.77619981765747,1.51
-80.62997102737427,33.77619981765747,1.34
-80.62992811203003,33.77619981765747,1.22
-80.62988519668579,33.77619981765747,1.13
-80.62984228134155,33.77619981765747,1.05
-80.62979936599731,33.77619981765747,0.99
-80.62975645065308,33.77619981765747,0.98
-80.62971353530884,33.77619981765747,0.94
-80.6296706199646,33.77619981765747,0.87
-80.62962770462036,33.77619981765747,0.81
-80.62958478927612,33.77619981765747,0.76
-80.62954187393188,33.77619981765747,0.73
-80.62949895858765,33.77619981765747,0.73
-80.62945604324341,33.77619981765747,0.75
-80.62941312789917,33.77619981765747,0.86
-80.62937021255493,33.77619981765747,1.01
-80.6293272972107,33.77619981765747,1.19
-80.62928438186646,33.77619981765747,1.37
-80.62924146652222,33.77619981765747,1.59
-80.62919855117798,33.77619981765747,1.73
-80.62915563583374,33.77619981765747,1.82
-80.6291127204895,33.77619981765747,1.85
-80.62906980514526,33.77619981765747,1.86
-80.62902688980103,33.77619981765747,1.85
-80.62898397445679,33.77619981765747,1.84
-80.6307864189148,33.77615690231323,2.28
-80.63074350357056,33.77615690231323,2.28
-80.63070058822632,33.77615690231323,2.29
-80.63065767288208,33.77615690231323,2.32
-80.63061475753784,33.77615690231323,2.34
-80.6305718421936,33.77615690231323,2.36
-80.63052892684937,33.77615690231323,2.38
-80.63048601150513,33.77615690231323,2.39
-80.63044309616089,33.77615690231323,2.39
-80.63040018081665,33.77615690231323,2.39
-80.63035726547241,33.77615690231323,2.38
-80.63031435012817,33.77615690231323,2.35
-80.63027143478394,33.77615690231323,2.3
-80.6302285194397,33.77615690231323,2.22
-80.63018560409546,33.77615690231323,2.12
-80.63014268875122,33.77615690231323,1.96
-80.63009977340698,33.77615690231323,1.78
-80.63005685806274,33.77615690231323,1.63
-80.6300139427185,33.77615690231323,1.5
-80.62997102737427,33.77615690231323,1.33
-80.62992811203003,33.77615690231323,1.26
-80.62988519668579,33.77615690231323,1.22
-80.62984228134155,33.77615690231323,1.18
-80.62979936599731,33.77615690231323,1.1
-80.62975645065308,33.77615690231323,1.08
-80.62971353530884,33.77615690231323,1.01
-80.6296706199646,33.77615690231323,0.9
-80.62962770462036,33.77615690231323,0.8
-80.62958478927612,33.77615690231323,0.74
-80.62954187393188,33.77615690231323,0.66
-80.62949895858765,33.77615690231323,0.65
-80.62945604324341,33.77615690231323,0.68
-80.62941312789917,33.77615690231323,0.8
-80.62937021255493,33.77615690231323,0.95
-80.6293272972107,33.77615690231323,1.16
-80.62928438186646,33.77615690231323,1.36
-80.62924146652222,33.77615690231323,1.58
-80.62919855117798,33.77615690231323,1.7
-80.63082933425903,33.776113986968994,2.3
-80.6307864189148,33.776113986968994,2.28
-80.63074350357056,33.776113986968994,2.28
-80.63070058822632,33.776113986968994,2.29
-80.63065767288208,33.776113986968994,2.31
-80.63061475753784,33.776113986968994,2.33
-80.6305718421936,33.776113986968994,2.35
-80.63052892684937,33.776113986968994,2.37
-80.63048601150513,33.776113986968994,2.38
-80.63044309616089,33.776113986968994,2.39
-80.63040018081665,33.776113986968994,2.4
-80.63035726547241,33.776113986968994,2.42
-80.63031435012817,33.776113986968994,2.44
-80.63027143478394,33.776113986968994,2.39
-80.6302285194397,33.776113986968994,2.3
-80.63018560409546,33.776113986968994,2.21
-80.63014268875122,33.776113986968994,2.05
-80.63009977340698,33.776113986968994,1.87
-80.63005685806274,33.776113986968994,1.75
-80.6300139427185,33.776113986968994,1.68
-80.62997102737427,33.776113986968994,1.58
-80.62992811203003,33.776113986968994,1.54
-80.62988519668579,33.776113986968994,1.52
-80.62984228134155,33.776113986968994,1.42
-80.62979936599731,33.776113986968994,1.28
-80.62975645065308,33.776113986968994,1.18
-80.62971353530884,33.776113986968994,1.03
-80.6296706199646,33.776113986968994,0.89
-80.62962770462036,33.776113986968994,0.8
-80.62958478927612,33.776113986968994,0.73
-80.62954187393188,33.776113986968994,0.66
-80.62949895858765,33.776113986968994,0.67
-80.62945604324341,33.776113986968994,0.65
-80.62941312789917,33.776113986968994,0.71
-80.63091516494751,33.776071071624756,2.4
-80.63087224960327,33.776071071624756,2.36
-80.63082933425903,33.776071071624756,2.33
-80.6307864189148,33.776071071624756,2.3
-80.63074350357056,33.776071071624756,2.29
-80.63070058822632,33.776071071624756,2.29
-80.63065767288208,33.776071071624756,2.3
-80.63061475753784,33.776071071624756,2.31
-80.6305718421936,33.776071071624756,2.34
-80.63052892684937,33.776071071624756,2.36
-80.63048601150513,33.776071071624756,2.38
-80.63044309616089,33.776071071624756,2.42
-80.63040018081665,33.776071071624756,2.47
-80.63035726547241,33.776071071624756,2.51
-80.63031435012817,33.776071071624756,2.55
-80.63027143478394,33.776071071624756,2.54
-80.6302285194397,33.776071071624756,2.46
-80.63018560409546,33.776071071624756,2.37
-80.63014268875122,33.776071071624756,2.25
-80.63009977340698,33.776071071624756,2.12
-80.63005685806274,33.776071071624756,2.03
-80.6300139427185,33.776071071624756,2.0
-80.62997102737427,33.776071071624756,1.94
-80.62992811203003,33.776071071624756,1.89
-80.62988519668579,33.776071071624756,1.83
-80.62984228134155,33.776071071624756,1.72
-80.62979936599731,33.776071071624756,1.56
-80.62975645065308,33.776071071624756,1.41
-80.62971353530884,33.776071071624756,1.25
-80.6296706199646,33.776071071624756,1.09
-80.62962770462036,33.776071071624756,0.94
-80.62958478927612,33.776071071624756,0.82
-80.62954187393188,33.776071071624756,0.71
-80.62949895858765,33.776071071624756,0.66
-80.62945604324341,33.776071071624756,0.6
-80.63100099563599,33.77602815628052,2.45
-80.63095808029175,33.77602815628052,2.44
-80.63091516494751,33.77602815628052,2.41
-80.63087224960327,33.77602815628052,2.38
-80.63082933425903,33.77602815628052,2.35
-80.6307864189148,33.77602815628052,2.32
-80.63074350357056,33.77602815628052,2.3
-80.63070058822632,33.77602815628052,2.29
-80.63065767288208,33.77602815628052,2.29
-80.63061475753784,33.77602815628052,2.31
-80.6305718421936,33.77602815628052,2.35
-80.63052892684937,33.77602815628052,2.37
-80.63048601150513,33.77602815628052,2.43
-80.63044309616089,33.77602815628052,2.48
-80.63040018081665,33.77602815628052,2.54
-80.63035726547241,33.77602815628052,2.6
-80.63031435012817,33.77602815628052,2.68
-80.63027143478394,33.77602815628052,2.68
-80.6302285194397,33.77602815628052,2.65
-80.63018560409546,33.77602815628052,2.59
-80.63014268875122,33.77602815628052,2.5
-80.63009977340698,33.77602815628052,2.39
-80.63005685806274,33.77602815628052,2.34
-80.6300139427185,33.77602815628052,2.31
-80.62997102737427,33.77602815628052,2.28
-80.62992811203003,33.77602815628052,2.22
-80.62988519668579,33.77602815628052,2.13
-80.62984228134155,33.77602815628052,2.0
-80.62979936599731,33.77602815628052,1.83
-80.62975645065308,33.77602815628052,1.63
-80.62971353530884,33.77602815628052,1.41
-80.6296706199646,33.77602815628052,1.2
-80.62962770462036,33.77602815628052,0.99
-80.62958478927612,33.77602815628052,0.84
-80.63104391098022,33.77598524093628,2.47
-80.63100099563599,33.77598524093628,2.46
-80.63095808029175,33.77598524093628,2.44
-80.63091516494751,33.77598524093628,2.43
-80.63087224960327,33.77598524093628,2.41
-80.63082933425903,33.77598524093628,2.38
-80.6307864189148,33.77598524093628,2.35
-80.63074350357056,33.77598524093628,2.34
-80.63070058822632,33.77598524093628,2.36
-80.63065767288208,33.77598524093628,2.39
-80.63061475753784,33.77598524093628,2.43
-80.6305718421936,33.77598524093628,2.48
-80.63052892684937,33.77598524093628,2.49
-80.63048601150513,33.77598524093628,2.51
-80.63044309616089,33.77598524093628,2.53
-80.63040018081665,33.77598524093628,2.62
-80.63035726547241,33.77598524093628,2.74
-80.63031435012817,33.77598524093628,2.87
-80.63027143478394,33.77598524093628,2.94
-80.6302285194397,33.77598524093628,2.96
-80.63018560409546,33.77598524093628,2.89
-80.63014268875122,33.77598524093628,2.79
-80.63009977340698,33.77598524093628,2.67
-80.63005685806274,33.77598524093628,2.6
-80.6300139427185,33.77598524093628,2.58
-80.62997102737427,33.77598524093628,2.53
-80.62992811203003,33.77598524093628,2.49
-80.62988519668579,33.77598524093628,2.43
-80.62984228134155,33.77598524093628,2.31
-80.62979936599731,33.77598524093628,2.12
-80.62975645065308,33.77598524093628,1.92
-80.62971353530884,33.77598524093628,1.67
-80.6296706199646,33.77598524093628,1.41
-80.6311297416687,33.77594232559204,2.51
-80.63108682632446,33.77594232559204,2.5
-80.63104391098022,33.77594232559204,2.48
-80.63100099563599,33.77594232559204,2.47
-80.63095808029175,33.77594232559204,2.45
-80.63091516494751,33.77594232559204,2.44
-80.63087224960327,33.77594232559204,2.42
-80.63082933425903,33.77594232559204,2.45
-80.6307864189148,33.77594232559204,2.48
-80.63074350357056,33.77594232559204,2.51
-80.63070058822632,33.77594232559204,2.54
-80.63065767288208,33.77594232559204,2.57
-80.63061475753784,33.77594232559204,2.57
-80.6305718421936,33.77594232559204,2.56
-80.63052892684937,33.77594232559204,2.53
-80.63048601150513,33.77594232559204,2.59
-80.63044309616089,33.77594232559204,2.67
-80.63040018081665,33.77594232559204,2.81
-80.63035726547241,33.77594232559204,2.98
-80.63031435012817,33.77594232559204,3.16
-80.63027143478394,33.77594232559204,3.23
-80.6302285194397,33.77594232559204,3.25
-80.63018560409546,33.77594232559204,3.18
-80.63014268875122,33.77594232559204,3.09
-80.63009977340698,33.77594232559204,2.99
-80.63005685806274,33.77594232559204,2.91
-80.6300139427185,33.77594232559204,2.85
-80.62997102737427,33.77594232559204,2.78
-80.62992811203003,33.77594232559204,2.68
-80.62988519668579,33.77594232559204,2.56
-80.62984228134155,33.77594232559204,2.4
-80.62979936599731,33.77594232559204,2.24
-80.62975645065308,33.77594232559204,2.06
-80.63117265701294,33.7758994102478,2.54
-80.6311297416687,33.7758994102478,2.52
-80.63108682632446,33.7758994102478,2.5
-80.63104391098022,33.7758994102478,2.49
-80.63100099563599,33.7758994102478,2.48
-80.63095808029175,33.7758994102478,2.46
-80.63091516494751,33.7758994102478,2.5
-80.63087224960327,33.7758994102478,2.53
-80.63082933425903,33.7758994102478,2.58
-80.6307864189148,33.7758994102478,2.62
-80.63074350357056,33.7758994102478,2.66
-80.63070058822632,33.7758994102478,2.64
-80.63065767288208,33.7758994102478,2.64
-80.63061475753784,33.7758994102478,2.62
-80.6305718421936,33.7758994102478,2.63
-80.63052892684937,33.7758994102478,2.65
-80.63048601150513,33.7758994102478,2.75
-80.63044309616089,33.7758994102478,2.88
-80.63040018081665,33.7758994102478,3.07
-80.63035726547241,33.7758994102478,3.25
-80.63031435012817,33.7758994102478,3.41
-80.63027143478394,33.7758994102478,3.49
-80.6302285194397,33.7758994102478,3.51
-80.63018560409546,33.7758994102478,3.44
-80.63014268875122,33.7758994102478,3.33
-80.63009977340698,33.7758994102478,3.22
-80.63005685806274,33.7758994102478,3.09
-80.6300139427185,33.7758994102478,2.96
-80.62997102737427,33.7758994102478,2.84
-80.62992811203003,33.7758994102478,2.74
-80.62988519668579,33.7758994102478,2.64
-80.62984228134155,33.7758994102478,2.55
-80.62979936599731,33.7758994102478,2.46
-80.63125848770142,33.775856494903564,2.54
-80.63121557235718,33.775856494903564,2.54
-80.63117265701294,33.775856494903564,2.54
-80.6311297416687,33.775856494903564,2.53
-80.63108682632446,33.775856494903564,2.52
-80.63104391098022,33.775856494903564,2.5
-80.63100099563599,33.775856494903564,2.51
-80.63095808029175,33.775856494903564,2.56
-80.63091516494751,33.775856494903564,2.62
-80.63087224960327,33.775856494903564,2.64
-80.63082933425903,33.775856494903564,2.69
-80.6307864189148,33.775856494903564,2.72
-80.63074350357056,33.775856494903564,2.7
-80.63070058822632,33.775856494903564,2.69
-80.63065767288208,33.775856494903564,2.72
-80.63061475753784,33.775856494903564,2.74
-80.6305718421936,33.775856494903564,2.79
-80.63052892684937,33.775856494903564,2.85
-80.63048601150513,33.775856494903564,2.98
-80.63044309616089,33.775856494903564,3.09
-80.63040018081665,33.775856494903564,3.27
-80.63035726547241,33.775856494903564,3.45
-80.63031435012817,33.775856494903564,3.6
-80.63027143478394,33.775856494903564,3.67
-80.6302285194397,33.775856494903564,3.69
-80.63018560409546,33.775856494903564,3.62
-80.63014268875122,33.775856494903564,3.49
-80.63009977340698,33.775856494903564,3.34
-80.63005685806274,33.775856494903564,3.17
-80.6300139427185,33.775856494903564,3.02
-80.62997102737427,33.775856494903564,2.89
-80.63130140304565,33.775813579559326,2.54
-80.63125848770142,33.775813579559326,2.54
-80.63121557235718,33.775813579559326,2.54
-80.63117265701294,33.775813579559326,2.54
-80.6311297416687,33.775813579559326,2.53
-80.63108682632446,33.775813579559326,2.53
-80.63104391098022,33.775813579559326,2.58
-80.63100099563599,33.775813579559326,2.63
-80.63095808029175,33.775813579559326,2.68
-80.63091516494751,33.775813579559326,2.73
-80.63087224960327,33.775813579559326,2.75
-80.63082933425903,33.775813579559326,2.76
-80.6307864189148,33.775813579559326,2.79
-80.63074350357056,33.775813579559326,2.8
-80.63070058822632,33.775813579559326,2.82
-80.63065767288208,33.775813579559326,2.88
-80.63061475753784,33.775813579559326,2.9
-80.6305718421936,33.775813579559326,2.93
-80.63052892684937,33.775813579559326,3.01
-80.63048601150513,33.775813579559326,3.13
-80.63044309616089,33.775813579559326,3.28
-80.63040018081665,33.775813579559326,3.46
-80.63035726547241,33.775813579559326,3.63
-80.63031435012817,33.775813579559326,3.75
-80.63027143478394,33.775813579559326,3.82
-80.6302285194397,33.775813579559326,3.82
-80.63018560409546,33.775813579559326,3.74
-80.63014268875122,33.775813579559326,3.62
-80.63009977340698,33.775813579559326,3.45
-80.63005685806274,33.775813579559326,3.27
-80.63138723373413,33.77577066421509,2.59
-80.63134431838989,33.77577066421509,2.53
-80.63130140304565,33.77577066421509,2.54
-80.63125848770142,33.77577066421509,2.54
-80.63121557235718,33.77577066421509,2.55
-80.63117265701294,33.77577066421509,2.54
-80.6311297416687,33.77577066421509,2.56
-80.63108682632446,33.77577066421509,2.61
-80.63104391098022,33.77577066421509,2.68
-80.63100099563599,33.77577066421509,2.77
-80.63095808029175,33.77577066421509,2.81
-80.63091516494751,33.77577066421509,2.83
-80.63087224960327,33.77577066421509,2.79
-80.63082933425903,33.77577066421509,2.79
-80.6307864189148,33.77577066421509,2.78
-80.63074350357056,33.77577066421509,2.78
-80.63070058822632,33.77577066421509,2.82
-80.63065767288208,33.77577066421509,2.88
-80.63061475753784,33.77577066421509,2.93
-80.6305718421936,33.77577066421509,2.98
-80.63052892684937,33.77577066421509,3.09
-80.63048601150513,33.77577066421509,3.25
-80.63044309616089,33.77577066421509,3.42
-80.63040018081665,33.77577066421509,3.58
-80.63035726547241,33.77577066421509,3.72
-80.63031435012817,33.77577066421509,3.83
-80.63027143478394,33.77577066421509,3.87
-80.6302285194397,33.77577066421509,3.87
-80.63018560409546,33.77577066421509,3.83
-80.63014268875122,33.77577066421509,3.73
-80.63147306442261,33.77572774887085,2.75
-80.63143014907837,33.77572774887085,2.73
-80.63138723373413,33.77572774887085,2.66
-80.63134431838989,33.77572774887085,2.58
-80.63130140304565,33.77572774887085,2.56
-80.63125848770142,33.77572774887085,2.54
-80.63121557235718,33.77572774887085,2.56
-80.63117265701294,33.77572774887085,2.6
-80.6311297416687,33.77572774887085,2.69
-80.63108682632446,33.77572774887085,2.76
-80.63104391098022,33.77572774887085,2.86
-80.63100099563599,33.77572774887085,2.92
-80.63095808029175,33.77572774887085,2.92
-80.63091516494751,33.77572774887085,2.85
-80.63087224960327,33.77572774887085,2.79
-80.63082933425903,33.77572774887085,2.7
-80.6307864189148,33.77572774887085,2.65
-80.63074350357056,33.77572774887085,2.64
-80.63070058822632,33.77572774887085,2.7
-80.63065767288208,33.77572774887085,2.77
-80.63061475753784,33.77572774887085,2.87
-80.6305718421936,33.77572774887085,3.01
-80.63052892684937,33.77572774887085,3.2
-80.63048601150513,33.77572774887085,3.33
-80.63044309616089,33.77572774887085,3.49
-80.63040018081665,33.77572774887085,3.63
-80.63035726547241,33.77572774887085,3.74
-80.63031435012817,33.77572774887085,3.81
-80.63027143478394,33.77572774887085,3.87
-80.6302285194397,33.77572774887085,3.89
-80.63018560409546,33.77572774887085,3.88
-80.63173055648804,33.77568483352661,2.45
-80.6316876411438,33.77568483352661,2.37
-80.63164472579956,33.77568483352661,2.39
-80.63160181045532,33.77568483352661,2.49
-80.63155889511108,33.77568483352661,2.61
-80.63151597976685,33.77568483352661,2.68
-80.63147306442261,33.77568483352661,2.71
-80.63143014907837,33.77568483352661,2.69
-80.63138723373413,33.77568483352661,2.65
-80.63134431838989,33.77568483352661,2.58
-80.63130140304565,33.77568483352661,2.59
-80.63125848770142,33.77568483352661,2.64
-80.63121557235718,33.77568483352661,2.71
-80.63117265701294,33.77568483352661,2.75
-80.6311297416687,33.77568483352661,2.84
-80.63108682632446,33.77568483352661,2.87
-80.63104391098022,33.77568483352661,2.88
-80.63100099563599,33.77568483352661,2.88
-80.63095808029175,33.77568483352661,2.85
-80.63091516494751,33.77568483352661,2.74
-80.63087224960327,33.77568483352661,2.64
-80.63082933425903,33.77568483352661,2.54
-80.6307864189148,33.77568483352661,2.5
-80.63074350357056,33.77568483352661,2.49
-80.63070058822632,33.77568483352661,2.6
-80.63065767288208,33.77568483352661,2.73
-80.63061475753784,33.77568483352661,2.91
-80.6305718421936,33.77568483352661,3.06
-80.63052892684937,33.77568483352661,3.24
-80.63048601150513,33.77568483352661,3.38
-80.63044309616089,33.77568483352661,3.52
-80.63040018081665,33.77568483352661,3.61
-80.63035726547241,33.77568483352661,3.7
-80.63031435012817,33.77568483352661,3.79
-80.63027143478394,33.77568483352661,3.85
-80.63181638717651,33.77564191818237,2.48
-80.63177347183228,33.77564191818237,2.47
-80.63173055648804,33.77564191818237,2.42
-80.6316876411438,33.77564191818237,2.35
-80.63164472579956,33.77564191818237,2.36
-80.63160181045532,33.77564191818237,2.42
-80.63155889511108,33.77564191818237,2.53
-80.63151597976685,33.77564191818237,2.64
-80.63147306442261,33.77564191818237,2.73
-80.63143014907837,33.77564191818237,2.76
-80.63138723373413,33.77564191818237,2.74
-80.63134431838989,33.77564191818237,2.69
-80.63130140304565,33.77564191818237,2.71
-80.63125848770142,33.77564191818237,2.74
-80.63121557235718,33.77564191818237,2.77
-80.63117265701294,33.77564191818237,2.79
-80.6311297416687,33.77564191818237,2.83
-80.63108682632446,33.77564191818237,2.81
-80.63104391098022,33.77564191818237,2.8
-80.63100099563599,33.77564191818237,2.78
-80.63095808029175,33.77564191818237,2.69
-80.63091516494751,33.77564191818237,2.57
-80.63087224960327,33.77564191818237,2.48
-80.63082933425903,33.77564191818237,2.39
-80.6307864189148,33.77564191818237,2.37
-80.63074350357056,33.77564191818237,2.43
-80.63070058822632,33.77564191818237,2.57
-80.63065767288208,33.77564191818237,2.68
-80.63061475753784,33.77564191818237,2.87
-80.6305718421936,33.77564191818237,3.02
-80.63052892684937,33.77564191818237,3.21
-80.63048601150513,33.77564191818237,3.35
-80.63044309616089,33.77564191818237,3.5
-80.63040018081665,33.77564191818237,3.57
-80.63035726547241,33.77564191818237,3.66
-80.63031435012817,33.77564191818237,3.75
-80.63181638717651,33.775599002838135,2.42
-80.63177347183228,33.775599002838135,2.4
-80.63173055648804,33.775599002838135,2.38
-80.6316876411438,33.775599002838135,2.36
-80.63164472579956,33.775599002838135,2.36
-80.63160181045532,33.775599002838135,2.41
-80.63155889511108,33.775599002838135,2.48
-80.63151597976685,33.775599002838135,2.57
-80.63147306442261,33.775599002838135,2.63
-80.63143014907837,33.775599002838135,2.69
-80.63138723373413,33.775599002838135,2.69
-80.63134431838989,33.775599002838135,2.68
-80.63130140304565,33.775599002838135,2.7
-80.63125848770142,33.775599002838135,2.74
-80.63121557235718,33.775599002838135,2.74
-80.63117265701294,33.775599002838135,2.75
-80.6311297416687,33.775599002838135,2.78
-80.63108682632446,33.775599002838135,2.75
-80.63104391098022,33.775599002838135,2.66
-80.63100099563599,33.775599002838135,2.6
-80.63095808029175,33.775599002838135,2.5
-80.63091516494751,33.775599002838135,2.39
-80.63087224960327,33.775599002838135,2.32
-80.63082933425903,33.775599002838135,2.27
-80.6307864189148,33.775599002838135,2.26
-80.63074350357056,33.775599002838135,2.31
-80.63070058822632,33.775599002838135,2.44
-80.63065767288208,33.775599002838135,2.56
-80.63061475753784,33.775599002838135,2.78
-80.6305718421936,33.775599002838135,2.97
-80.63052892684937,33.775599002838135,3.18
-80.63048601150513,33.775599002838135,3.3
-80.63044309616089,33.775599002838135,3.43
-80.63185930252075,33.7755560874939,2.38
-80.63181638717651,33.7755560874939,2.36
-80.63177347183228,33.7755560874939,2.35
-80.63173055648804,33.7755560874939,2.33
-80.6316876411438,33.7755560874939,2.3
-80.63164472579956,33.7755560874939,2.28
-80.63160181045532,33.7755560874939,2.32
-80.63155889511108,33.7755560874939,2.38
-80.63151597976685,33.7755560874939,2.48
-80.63147306442261,33.7755560874939,2.61
-80.63143014907837,33.7755560874939,2.71
-80.63138723373413,33.7755560874939,2.73
-80.63134431838989,33.7755560874939,2.73
-80.63130140304565,33.7755560874939,2.75
-80.63125848770142,33.7755560874939,2.73
-80.63121557235718,33.7755560874939,2.71
-80.63117265701294,33.7755560874939,2.72
-80.6311297416687,33.7755560874939,2.71
-80.63108682632446,33.7755560874939,2.62
-80.63104391098022,33.7755560874939,2.5
-80.63100099563599,33.7755560874939,2.4
-80.63095808029175,33.7755560874939,2.31
-80.63091516494751,33.7755560874939,2.23
-80.63087224960327,33.7755560874939,2.2
-80.63082933425903,33.7755560874939,2.18
-80.6307864189148,33.7755560874939,2.23
-80.63074350357056,33.7755560874939,2.28
-80.63070058822632,33.7755560874939,2.38
-80.63065767288208,33.7755560874939,2.46
-80.63061475753784,33.7755560874939,2.66
-80.63190221786499,33.77551317214966,2.35
-80.63185930252075,33.77551317214966,2.32
-80.63181638717651,33.77551317214966,2.32
-80.63177347183228,33.77551317214966,2.32
-80.63173055648804,33.77551317214966,2.31
-80.6316876411438,33.77551317214966,2.3
-80.63164472579956,33.77551317214966,2.32
-80.63160181045532,33.77551317214966,2.34
-80.63155889511108,33.77551317214966,2.38
-80.63151597976685,33.77551317214966,2.48
-80.63147306442261,33.77551317214966,2.57
-80.63143014907837,33.77551317214966,2.66
-80.63138723373413,33.77551317214966,2.71
-80.63134431838989,33.77551317214966,2.75
-80.63130140304565,33.77551317214966,2.77
-80.63125848770142,33.77551317214966,2.78
-80.63121557235718,33.77551317214966,2.74
-80.63117265701294,33.77551317214966,2.69
-80.6311297416687,33.77551317214966,2.57
-80.63108682632446,33.77551317214966,2.43
-80.63104391098022,33.77551317214966,2.28
-80.63100099563599,33.77551317214966,2.19
-80.63095808029175,33.77551317214966,2.14
-80.63091516494751,33.77551317214966,2.13
-80.63087224960327,33.77551317214966,2.15
-80.63082933425903,33.77551317214966,2.17
-80.6307864189148,33.77551317214966,2.19
-80.63074350357056,33.77551317214966,2.22
-80.63070058822632,33.77551317214966,2.28
-80.63194513320923,33.77547025680542,2.32
-80.63190221786499,33.77547025680542,2.3
-80.63185930252075,33.77547025680542,2.3
-80.63181638717651,33.77547025680542,2.31
-80.63177347183228,33.77547025680542,2.33
-80.63173055648804,33.77547025680542,2.32
-80.6316876411438,33.77547025680542,2.32
-80.63164472579956,33.77547025680542,2.31
-80.63160181045532,33.77547025680542,2.3
-80.63155889511108,33.77547025680542,2.36
-80.63151597976685,33.77547025680542,2.45
-80.63147306442261,33.77547025680542,2.55
-80.63143014907837,33.77547025680542,2.68
-80.63138723373413,33.77547025680542,2.74
-80.63134431838989,33.77547025680542,2.76
-80.63130140304565,33.77547025680542,2.75
-80.63125848770142,33.77547025680542,2.71
-80.63121557235718,33.77547025680542,2.61
-80.63117265701294,33.77547025680542,2.53
-80.6311297416687,33.77547025680542,2.42
-80.63108682632446,33.77547025680542,2.3
-80.63104391098022,33.77547025680542,2.21
-80.63100099563599,33.77547025680542,2.16
-80.63095808029175,33.77547025680542,2.13
-80.63091516494751,33.77547025680542,2.13
-80.63087224960327,33.77547025680542,2.14
-80.63082933425903,33.77547025680542,2.15
-80.6307864189148,33.77547025680542,2.18
-80.63198804855347,33.77542734146118,2.35
-80.63194513320923,33.77542734146118,2.34
-80.63190221786499,33.77542734146118,2.33
-80.63185930252075,33.77542734146118,2.32
-80.63181638717651,33.77542734146118,2.3
-80.63177347183228,33.77542734146118,2.33
-80.63173055648804,33.77542734146118,2.36
-80.6316876411438,33.77542734146118,2.36
-80.63164472579956,33.77542734146118,2.38
-80.63160181045532,33.77542734146118,2.44
-80.63155889511108,33.77542734146118,2.46
-80.63151597976685,33.77542734146118,2.48
-80.63147306442261,33.77542734146118,2.57
-80.63143014907837,33.77542734146118,2.64
-80.63138723373413,33.77542734146118,2.66
-80.63134431838989,33.77542734146118,2.66
-80.63130140304565,33.77542734146118,2.69
-80.63125848770142,33.77542734146118,2.65
-80.63121557235718,33.77542734146118,2.57
-80.63117265701294,33.77542734146118,2.53
-80.6311297416687,33.77542734146118,2.46
-80.63108682632446,33.77542734146118,2.34
-80.63104391098022,33.77542734146118,2.23
-80.63100099563599,33.77542734146118,2.18
-80.63095808029175,33.77542734146118,2.14
-80.63091516494751,33.77542734146118,2.12
-80.63087224960327,33.77542734146118,2.12
-80.6320309638977,33.77538442611694,2.37
-80.63198804855347,33.77538442611694,2.36
-80.63194513320923,33.77538442611694,2.35
-80.63190221786499,33.77538442611694,2.34
-80.63185930252075,33.77538442611694,2.33
-80.63181638717651,33.77538442611694,2.31
-80.63177347183228,33.77538442611694,2.34
-80.63173055648804,33.77538442611694,2.36
-80.6316876411438,33.77538442611694,2.34
-80.63164472579956,33.77538442611694,2.36
-80.63160181045532,33.77538442611694,2.41
-80.63155889511108,33.77538442611694,2.44
-80.63151597976685,33.77538442611694,2.52
-80.63147306442261,33.77538442611694,2.66
-80.63143014907837,33.77538442611694,2.71
-80.63138723373413,33.77538442611694,2.73
-80.63134431838989,33.77538442611694,2.76
-80.63130140304565,33.77538442611694,2.74
-80.63125848770142,33.77538442611694,2.7
-80.63121557235718,33.77538442611694,2.67
-80.63117265701294,33.77538442611694,2.64
-80.6311297416687,33.77538442611694,2.51
-80.63108682632446,33.77538442611694,2.39
-80.63104391098022,33.77538442611694,2.26
-80.63207387924194,33.775341510772705,2.38
-80.6320309638977,33.775341510772705,2.37
-80.63198804855347,33.775341510772705,2.37
-80.63194513320923,33.775341510772705,2.36
-80.63190221786499,33.775341510772705,2.35
-80.63185930252075,33.775341510772705,2.34
-80.63181638717651,33.775341510772705,2.32
-80.63177347183228,33.775341510772705,2.34
-80.63173055648804,33.775341510772705,2.35
-80.6316876411438,33.775341510772705,2.33
-80.63164472579956,33.775341510772705,2.35
-80.63160181045532,33.775341510772705,2.4
-80.63155889511108,33.775341510772705,2.46
-80.63151597976685,33.775341510772705,2.56
-80.63147306442261,33.775341510772705,2.63
-80.63143014907837,33.775341510772705,2.7
-80.63138723373413,33.775341510772705,2.78
-80.63134431838989,33.775341510772705,2.8
-80.63130140304565,33.775341510772705,2.78
-80.63125848770142,33.775341510772705,2.84
-80.63121557235718,33.775341510772705,2.82
-80.63117265701294,33.775341510772705,2.75
-80.63211679458618,33.77529859542847,2.39
-80.63207387924194,33.77529859542847,2.38
-80.6320309638977,33.77529859542847,2.38
-80.63198804855347,33.77529859542847,2.37
-80.63194513320923,33.77529859542847,2.36
-80.63190221786499,33.77529859542847,2.35
-80.63185930252075,33.77529859542847,2.34
-80.63181638717651,33.77529859542847,2.32
-80.63177347183228,33.77529859542847,2.35
-80.63173055648804,33.77529859542847,2.36
-80.6316876411438,33.77529859542847,2.34
-80.63164472579956,33.77529859542847,2.36
-80.63160181045532,33.77529859542847,2.4
-80.63155889511108,33.77529859542847,2.44
-80.63151597976685,33.77529859542847,2.49
-80.63147306442261,33.77529859542847,2.6
-80.63143014907837,33.77529859542847,2.72
-80.63138723373413,33.77529859542847,2.8
-80.63134431838989,33.77529859542847,2.82
-80.63130140304565,33.77529859542847,2.88
-80.63125848770142,33.77529859542847,2.92
-80.63215970993042,33.77525568008423,2.4
-80.63211679458618,33.77525568008423,2.39
-80.63207387924194,33.77525568008423,2.39
-80.6320309638977,33.77525568008423,2.38
-80.63198804855347,33.77525568008423,2.38
-80.63194513320923,33.77525568008423,2.37
-80.63190221786499,33.77525568008423,2.36
-80.63185930252075,33.77525568008423,2.34
-80.63181638717651,33.77525568008423,2.33
-80.63177347183228,33.77525568008423,2.32
-80.63173055648804,33.77525568008423,2.34
-80.6316876411438,33.77525568008423,2.32
-80.63164472579956,33.77525568008423,2.34
-80.63160181045532,33.77525568008423,2.37
-80.63155889511108,33.77525568008423,2.4
-80.63151597976685,33.77525568008423,2.48
-80.63147306442261,33.77525568008423,2.62
-80.63143014907837,33.77525568008423,2.74
-80.63138723373413,33.77525568008423,2.82
-80.63134431838989,33.77525568008423,2.94
-80.63130140304565,33.77525568008423,2.99
-80.63220262527466,33.77521276473999,2.42
-80.63215970993042,33.77521276473999,2.41
-80.63211679458618,33.77521276473999,2.39
-80.63207387924194,33.77521276473999,2.39
-80.6320309638977,33.77521276473999,2.38
-80.63198804855347,33.77521276473999,2.38
-80.63194513320923,33.77521276473999,2.37
-80.63190221786499,33.77521276473999,2.36
-80.63185930252075,33.77521276473999,2.34
-80.63181638717651,33.77521276473999,2.33
-80.63177347183228,33.77521276473999,2.31
-80.63173055648804,33.77521276473999,2.29
-80.6316876411438,33.77521276473999,2.28
-80.63164472579956,33.77521276473999,2.26
-80.63160181045532,33.77521276473999,2.25
-80.63155889511108,33.77521276473999,2.29
-80.63151597976685,33.77521276473999,2.42
-80.63147306442261,33.77521276473999,2.54
-80.63143014907837,33.77521276473999,2.71
-80.63138723373413,33.77521276473999,2.9
-80.63134431838989,33.77521276473999,3.07
-80.63233137130737,33.77516984939575,2.49
-80.63228845596313,33.77516984939575,2.48
-80.6322455406189,33.77516984939575,2.46
-80.63220262527466,33.77516984939575,2.44
-80.63215970993042,33.77516984939575,2.42
-80.63211679458618,33.77516984939575,2.4
-80.63207387924194,33.77516984939575,2.4
-80.6320309638977,33.77516984939575,2.39
-80.63198804855347,33.77516984939575,2.38
-80.63194513320923,33.77516984939575,2.37
-80.63190221786499,33.77516984939575,2.36
-80.63185930252075,33.77516984939575,2.34
-80.63181638717651,33.77516984939575,2.33
-80.63177347183228,33.77516984939575,2.32
-80.63173055648804,33.77516984939575,2.3
-80.6316876411438,33.77516984939575,2.29
-80.63164472579956,33.77516984939575,2.28
-80.63160181045532,33.77516984939575,2.26
-80.63155889511108,33.77516984939575,2.29
-80.63151597976685,33.77516984939575,2.36
-80.63147306442261,33.77516984939575,2.48
-80.63143014907837,33.77516984939575,2.71
-80.63138723373413,33.77516984939575,2.95
-80.63241720199585,33.775126934051514,2.47
-80.63237428665161,33.775126934051514,2.48
-80.63233137130737,33.775126934051514,2.48
-80.63228845596313,33.775126934051514,2.48
-80.6322455406189,33.775126934051514,2.47
-80.63220262527466,33.775126934051514,2.45
-80.63215970993042,33.775126934051514,2.43
-80.63211679458618,33.775126934051514,2.42
-80.63207387924194,33.775126934051514,2.41
-80.6320309638977,33.775126934051514,2.39
-80.63198804855347,33.775126934051514,2.39
-80.63194513320923,33.775126934051514,2.38
-80.63190221786499,33.775126934051514,2.36
-80.63185930252075,33.775126934051514,2.35
-80.63181638717651,33.775126934051514,2.34
-80.63177347183228,33.775126934051514,2.33
-80.63173055648804,33.775126934051514,2.32
-80.6316876411438,33.775126934051514,2.3
-80.63164472579956,33.775126934051514,2.29
-80.63160181045532,33.775126934051514,2.28
-80.63155889511108,33.775126934051514,2.26
-80.63151597976685,33.775126934051514,2.32
-80.63250303268433,33.775084018707275,2.49
-80.63246011734009,33.775084018707275,2.49
-80.63241720199585,33.775084018707275,2.48
-80.63237428665161,33.775084018707275,2.48
-80.63233137130737,33.775084018707275,2.48
-80.63228845596313,33.775084018707275,2.48
-80.6322455406189,33.775084018707275,2.48
-80.63220262527466,33.775084018707275,2.46
-80.63215970993042,33.775084018707275,2.44
-80.63211679458618,33.775084018707275,2.43
-80.63207387924194,33.775084018707275,2.41
-80.6320309638977,33.775084018707275,2.4
-80.63198804855347,33.775084018707275,2.4
-80.63194513320923,33.775084018707275,2.38
-80.63190221786499,33.775084018707275,2.37
-80.63185930252075,33.775084018707275,2.36
-80.63181638717651,33.775084018707275,2.35
-80.63177347183228,33.775084018707275,2.34
-80.63173055648804,33.775084018707275,2.33
-80.6316876411438,33.775084018707275,2.32
-80.63164472579956,33.775084018707275,2.3
-80.63160181045532,33.775084018707275,2.29
-80.63155889511108,33.775084018707275,2.28
-80.63254594802856,33.77504110336304,2.52
-80.63250303268433,33.77504110336304,2.5
-80.63246011734009,33.77504110336304,2.49
-80.63241720199585,33.77504110336304,2.48
-80.63237428665161,33.77504110336304,2.48
-80.63233137130737,33.77504110336304,2.48
-80.63228845596313,33.77504110336304,2.48
-80.6322455406189,33.77504110336304,2.48
-80.63220262527466,33.77504110336304,2.47
-80.63215970993042,33.77504110336304,2.46
-80.63211679458618,33.77504110336304,2.44
-80.63207387924194,33.77504110336304,2.43
-80.6320309638977,33.77504110336304,2.41
-80.63198804855347,33.77504110336304,2.4
-80.63194513320923,33.77504110336304,2.39
-80.63190221786499,33.77504110336304,2.38
-80.63185930252075,33.77504110336304,2.37
-80.63181638717651,33.77504110336304,2.36
-80.63177347183228,33.77504110336304,2.35
-80.63173055648804,33.77504110336304,2.34
-80.6316876411438,33.77504110336304,2.33
-80.63164472579956,33.77504110336304,2.32
-80.63254594802856,33.7749981880188,2.52
-80.63250303268433,33.7749981880188,2.51
-80.63246011734009,33.7749981880188,2.5
-80.63241720199585,33.7749981880188,2.49
-80.63237428665161,33.7749981880188,2.48
-80.63233137130737,33.7749981880188,2.48
-80.63228845596313,33.7749981880188,2.48
-80.6322455406189,33.7749981880188,2.48
-80.63220262527466,33.7749981880188,2.47
-80.63215970993042,33.7749981880188,2.46
-80.63211679458618,33.7749981880188,2.45
-80.63207387924194,33.7749981880188,2.43
-80.6320309638977,33.7749981880188,2.42
-80.63198804855347,33.7749981880188,2.41
-80.63194513320923,33.7749981880188,2.4
-80.63190221786499,33.7749981880188,2.39
-80.63185930252075,33.7749981880188,2.38
-80.63181638717651,33.7749981880188,2.37
-80.63177347183228,33.7749981880188,2.36
-80.63173055648804,33.7749981880188,2.35
-80.6316876411438,33.7749981880188,2.34
-80.6325888633728,33.77495527267456,2.5
-80.63254594802856,33.77495527267456,2.51
-80.63250303268433,33.77495527267456,2.51
-80.63246011734009,33.77495527267456,2.51
-80.63241720199585,33.77495527267456,2.5
-80.63237428665161,33.77495527267456,2.49
-80.63233137130737,33.77495527267456,2.48
-80.63228845596313,33.77495527267456,2.48
-80.6322455406189,33.77495527267456,2.47
-80.63220262527466,33.77495527267456,2.47
-80.63215970993042,33.77495527267456,2.45
-80.63211679458618,33.77495527267456,2.45
-80.63207387924194,33.77495527267456,2.43
-80.6320309638977,33.77495527267456,2.43
-80.63198804855347,33.77495527267456,2.42
-80.63194513320923,33.77495527267456,2.41
-80.63190221786499,33.77495527267456,2.4
-80.63185930252075,33.77495527267456,2.39
-80.63181638717651,33.77495527267456,2.38
-80.63177347183228,33.77495527267456,2.37
-80.63263177871704,33.77491235733032,2.45
-80.6325888633728,33.77491235733032,2.47
-80.63254594802856,33.77491235733032,2.5
-80.63250303268433,33.77491235733032,2.51
-80.63246011734009,33.77491235733032,2.51
-80.63241720199585,33.77491235733032,2.51
-80.63237428665161,33.77491235733032,2.5
-80.63233137130737,33.77491235733032,2.49
-80.63228845596313,33.77491235733032,2.48
-80.6322455406189,33.77491235733032,2.47
-80.63220262527466,33.77491235733032,2.46
-80.63215970993042,33.77491235733032,2.45
-80.63211679458618,33.77491235733032,2.44
-80.63207387924194,33.77491235733032,2.43
-80.6320309638977,33.77491235733032,2.42
-80.63198804855347,33.77491235733032,2.42
-80.63194513320923,33.77491235733032,2.42
-80.63190221786499,33.77491235733032,2.4
-80.63185930252075,33.77491235733032,2.4
-80.63267469406128,33.774869441986084,2.4
-80.63263177871704,33.774869441986084,2.42
-80.6325888633728,33.774869441986084,2.45
-80.63254594802856,33.774869441986084,2.48
-80.63250303268433,33.774869441986084,2.49
-80.63246011734009,33.774869441986084,2.5
-80.63241720199585,33.774869441986084,2.51
-80.63237428665161,33.774869441986084,2.5
-80.63233137130737,33.774869441986084,2.49
-80.63228845596313,33.774869441986084,2.49
-80.6322455406189,33.774869441986084,2.47
-80.63220262527466,33.774869441986084,2.46
-80.63215970993042,33.774869441986084,2.45
-80.63211679458618,33.774869441986084,2.44
-80.63207387924194,33.774869441986084,2.43
-80.6320309638977,33.774869441986084,2.43
-80.63198804855347,33.774869441986084,2.42
-80.63194513320923,33.774869441986084,2.42
-80.63190221786499,33.774869441986084,2.41
-80.63276052474976,33.774826526641846,2.36
-80.63271760940552,33.774826526641846,2.37
-80.63267469406128,33.774826526641846,2.38
-80.63263177871704,33.774826526641846,2.4
-80.6325888633728,33.774826526641846,2.42
-80.63254594802856,33.774826526641846,2.45
-80.63250303268433,33.774826526641846,2.47
-80.63246011734009,33.774826526641846,2.48
-80.63241720199585,33.774826526641846,2.49
-80.63237428665161,33.774826526641846,2.49
-80.63233137130737,33.774826526641846,2.49
-80.63228845596313,33.774826526641846,2.49
-80.6322455406189,33.774826526641846,2.48
-80.63220262527466,33.774826526641846,2.47
-80.63215970993042,33.774826526641846,2.45
-80.63211679458618,33.774826526641846,2.44
-80.63207387924194,33.774826526641846,2.43
-80.6320309638977,33.774826526641846,2.42
-80.63198804855347,33.774826526641846,2.42
-80.63194513320923,33.774826526641846,2.42
-80.63284635543823,33.77478361129761,2.36
-80.632803440094,33.77478361129761,2.37
-80.63276052474976,33.77478361129761,2.36
-80.63271760940552,33.77478361129761,2.37
-80.63267469406128,33.77478361129761,2.37
-80.63263177871704,33.77478361129761,2.38
-80.6325888633728,33.77478361129761,2.4
-80.63254594802856,33.77478361129761,2.42
-80.63250303268433,33.77478361129761,2.44
-80.63246011734009,33.77478361129761,2.46
-80.63241720199585,33.77478361129761,2.47
-80.63237428665161,33.77478361129761,2.48
-80.63233137130737,33.77478361129761,2.49
-80.63228845596313,33.77478361129761,2.49
-80.6322455406189,33.77478361129761,2.48
-80.63220262527466,33.77478361129761,2.47
-80.63215970993042,33.77478361129761,2.46
-80.63211679458618,33.77478361129761,2.45
-80.63207387924194,33.77478361129761,2.43
-80.6320309638977,33.77478361129761,2.43
-80.63198804855347,33.77478361129761,2.42
-80.63297510147095,33.77474069595337,2.4
-80.63293218612671,33.77474069595337,2.39
-80.63288927078247,33.77474069595337,2.38
-80.63284635543823,33.77474069595337,2.38
-80.632803440094,33.77474069595337,2.37
-80.63276052474976,33.77474069595337,2.36
-80.63271760940552,33.77474069595337,2.37
-80.63267469406128,33.77474069595337,2.36
-80.63263177871704,33.77474069595337,2.37
-80.6325888633728,33.77474069595337,2.37
-80.63254594802856,33.77474069595337,2.39
-80.63250303268433,33.77474069595337,2.4
-80.63246011734009,33.77474069595337,2.42
-80.63241720199585,33.77474069595337,2.44
-80.63237428665161,33.77474069595337,2.46
-80.63233137130737,33.77474069595337,2.47
-80.63228845596313,33.77474069595337,2.48
-80.6322455406189,33.77474069595337,2.48
-80.63220262527466,33.77474069595337,2.48
-80.63215970993042,33.77474069595337,2.46
-80.63211679458618,33.77474069595337,2.45
-80.63207387924194,33.77474069595337,2.43
-80.6320309638977,33.77474069595337,2.42
-80.63301801681519,33.77469778060913,2.39
-80.63297510147095,33.77469778060913,2.39
-80.63293218612671,33.77469778060913,2.38
-80.63288927078247,33.77469778060913,2.37
-80.63284635543823,33.77469778060913,2.37
-80.632803440094,33.77469778060913,2.37
-80.63276052474976,33.77469778060913,2.36
-80.63271760940552,33.77469778060913,2.36
-80.63267469406128,33.77469778060913,2.36
-80.63263177871704,33.77469778060913,2.36
-80.6325888633728,33.77469778060913,2.36
-80.63254594802856,33.77469778060913,2.37
-80.63250303268433,33.77469778060913,2.37
-80.63246011734009,33.77469778060913,2.4
-80.63241720199585,33.77469778060913,2.41
-80.63237428665161,33.77469778060913,2.43
-80.63233137130737,33.77469778060913,2.45
-80.63228845596313,33.77469778060913,2.46
-80.6322455406189,33.77469778060913,2.47
-80.63220262527466,33.77469778060913,2.47
-80.63215970993042,33.77469778060913,2.47
-80.63211679458618,33.77469778060913,2.46
-80.63310384750366,33.77465486526489,2.38
-80.63306093215942,33.77465486526489,2.38
-80.63301801681519,33.77465486526489,2.38
-80.63297510147095,33.77465486526489,2.38
-80.63293218612671,33.77465486526489,2.38
-80.63288927078247,33.77465486526489,2.38
-80.63284635543823,33.77465486526489,2.37
-80.632803440094,33.77465486526489,2.36
-80.63276052474976,33.77465486526489,2.35
-80.63271760940552,33.77465486526489,2.35
-80.63267469406128,33.77465486526489,2.35
-80.63263177871704,33.77465486526489,2.35
-80.6325888633728,33.77465486526489,2.35
-80.63254594802856,33.77465486526489,2.36
-80.63250303268433,33.77465486526489,2.36
-80.63246011734009,33.77465486526489,2.37
-80.63241720199585,33.77465486526489,2.38
-80.63237428665161,33.77465486526489,2.4
-80.63233137130737,33.77465486526489,2.42
-80.63228845596313,33.77465486526489,2.44
-80.6322455406189,33.77465486526489,2.46
-80.63220262527466,33.77465486526489,2.48
-80.6331467628479,33.774611949920654,2.37
-80.63310384750366,33.774611949920654,2.38
-80.63306093215942,33.774611949920654,2.38
-80.63301801681519,33.774611949920654,2.38
-80.63297510147095,33.774611949920654,2.38
-80.63293218612671,33.774611949920654,2.38
-80.63288927078247,33.774611949920654,2.37
-80.63284635543823,33.774611949920654,2.37
-80.632803440094,33.774611949920654,2.35
-80.63276052474976,33.774611949920654,2.34
-80.63271760940552,33.774611949920654,2.33
-80.63267469406128,33.774611949920654,2.32
-80.63263177871704,33.774611949920654,2.33
-80.6325888633728,33.774611949920654,2.34
-80.63254594802856,33.774611949920654,2.35
-80.63250303268433,33.774611949920654,2.35
-80.63246011734009,33.774611949920654,2.36
-80.63241720199585,33.774611949920654,2.37
-80.63237428665161,33.774611949920654,2.39
-80.63233137130737,33.774611949920654,2.4
-80.63228845596313,33.774611949920654,2.42
-80.63318967819214,33.774569034576416,2.37
-80.6331467628479,33.774569034576416,2.37
-80.63310384750366,33.774569034576416,2.36
-80.63306093215942,33.774569034576416,2.37
-80.63301801681519,33.774569034576416,2.37
-80.63297510147095,33.774569034576416,2.37
-80.63293218612671,33.774569034576416,2.37
-80.63288927078247,33.774569034576416,2.37
-80.63284635543823,33.774569034576416,2.37
-80.632803440094,33.774569034576416,2.35
-80.63276052474976,33.774569034576416,2.32
-80.63271760940552,33.774569034576416,2.31
-80.63267469406128,33.774569034576416,2.29
-80.63263177871704,33.774569034576416,2.29
-80.6325888633728,33.774569034576416,2.31
-80.63254594802856,33.774569034576416,2.32
-80.63250303268433,33.774569034576416,2.33
-80.63246011734009,33.774569034576416,2.35
-80.63241720199585,33.774569034576416,2.36
-80.63237428665161,33.774569034576416,2.37
-80.63233137130737,33.774569034576416,2.38
-80.63323259353638,33.77452611923218,2.42
-80.63318967819214,33.77452611923218,2.37
-80.6331467628479,33.77452611923218,2.35
-80.63310384750366,33.77452611923218,2.35
-80.63306093215942,33.77452611923218,2.36
-80.63301801681519,33.77452611923218,2.36
-80.63297510147095,33.77452611923218,2.36
-80.63293218612671,33.77452611923218,2.36
-80.63288927078247,33.77452611923218,2.36
-80.63284635543823,33.77452611923218,2.36
-80.632803440094,33.77452611923218,2.34
-80.63276052474976,33.77452611923218,2.32
-80.63271760940552,33.77452611923218,2.3
-80.63267469406128,33.77452611923218,2.29
-80.63263177871704,33.77452611923218,2.29
-80.6325888633728,33.77452611923218,2.3
-80.63254594802856,33.77452611923218,2.32
-80.63250303268433,33.77452611923218,2.33
-80.63246011734009,33.77452611923218,2.34
-80.63241720199585,33.77452611923218,2.35
-80.63237428665161,33.77452611923218,2.35
-80.63331842422485,33.77448320388794,2.62
-80.63327550888062,33.77448320388794,2.54
-80.63323259353638,33.77448320388794,2.49
-80.63318967819214,33.77448320388794,2.42
-80.6331467628479,33.77448320388794,2.39
-80.63310384750366,33.77448320388794,2.37
-80.63306093215942,33.77448320388794,2.36
-80.63301801681519,33.77448320388794,2.36
-80.63297510147095,33.77448320388794,2.36
-80.63293218612671,33.77448320388794,2.37
-80.63288927078247,33.77448320388794,2.36
-80.63284635543823,33.77448320388794,2.36
-80.632803440094,33.77448320388794,2.34
-80.63276052474976,33.77448320388794,2.32
-80.63271760940552,33.77448320388794,2.3
-80.63267469406128,33.77448320388794,2.27
-80.63263177871704,33.77448320388794,2.26
-80.6325888633728,33.77448320388794,2.27
-80.63254594802856,33.77448320388794,2.29
-80.63250303268433,33.77448320388794,2.29
-80.63246011734009,33.77448320388794,2.32
-80.63344717025757,33.7744402885437,2.68
-80.63340425491333,33.7744402885437,2.68
-80.63336133956909,33.7744402885437,2.67
-80.63331842422485,33.7744402885437,2.63
-80.63327550888062,33.7744402885437,2.57
-80.63323259353638,33.7744402885437,2.53
-80.63318967819214,33.7744402885437,2.47
-80.6331467628479,33.7744402885437,2.42
-80.63310384750366,33.7744402885437,2.38
-80.63306093215942,33.7744402885437,2.37
-80.63301801681519,33.7744402885437,2.35
-80.63297510147095,33.7744402885437,2.36
-80.63293218612671,33.7744402885437,2.36
-80.63288927078247,33.7744402885437,2.36
-80.63284635543823,33.7744402885437,2.35
-80.632803440094,33.7744402885437,2.34
-80.63276052474976,33.7744402885437,2.32
-80.63271760940552,33.7744402885437,2.31
-80.63267469406128,33.7744402885437,2.27
-80.63263177871704,33.7744402885437,2.26
-80.6325888633728,33.7744402885437,2.25
-80.63254594802856,33.7744402885437,2.26
-80.63250303268433,33.7744402885437,2.27
-80.63357591629028,33.77439737319946,2.62
-80.63353300094604,33.77439737319946,2.65
-80.6334900856018,33.77439737319946,2.67
-80.63344717025757,33.77439737319946,2.69
-80.63340425491333,33.77439737319946,2.69
-80.63336133956909,33.77439737319946,2.68
-80.63331842422485,33.77439737319946,2.66
-80.63327550888062,33.77439737319946,2.62
-80.63323259353638,33.77439737319946,2.57
-80.63318967819214,33.77439737319946,2.49
-80.6331467628479,33.77439737319946,2.43
-80.63310384750366,33.77439737319946,2.38
-80.63306093215942,33.77439737319946,2.35
-80.63301801681519,33.77439737319946,2.33
-80.63297510147095,33.77439737319946,2.34
-80.63293218612671,33.77439737319946,2.35
-80.63288927078247,33.77439737319946,2.35
-80.63284635543823,33.77439737319946,2.35
-80.632803440094,33.77439737319946,2.35
-80.63276052474976,33.77439737319946,2.33
-80.63271760940552,33.77439737319946,2.31
-80.63267469406128,33.77439737319946,2.28
-80.63263177871704,33.77439737319946,2.26
-80.6325888633728,33.77439737319946,2.24
-80.63254594802856,33.77439737319946,2.23
-80.63250303268433,33.77439737319946,2.23
-80.63366174697876,33.774354457855225,2.47
-80.63361883163452,33.774354457855225,2.52
-80.63357591629028,33.774354457855225,2.58
-80.63353300094604,33.774354457855225,2.62
-80.6334900856018,33.774354457855225,2.65
-80.63344717025757,33.774354457855225,2.68
-80.63340425491333,33.774354457855225,2.69
-80.63336133956909,33.774354457855225,2.68
-80.63331842422485,33.774354457855225,2.65
-80.63327550888062,33.774354457855225,2.61
-80.63323259353638,33.774354457855225,2.56
-80.63318967819214,33.774354457855225,2.48
-80.6331467628479,33.774354457855225,2.41
-80.63310384750366,33.774354457855225,2.36
-80.63306093215942,33.774354457855225,2.33
-80.63301801681519,33.774354457855225,2.31
-80.63297510147095,33.774354457855225,2.32
-80.63293218612671,33.774354457855225,2.32
-80.63288927078247,33.774354457855225,2.34
-80.63284635543823,33.774354457855225,2.34
-80.632803440094,33.774354457855225,2.35
-80.63276052474976,33.774354457855225,2.35
-80.63271760940552,33.774354457855225,2.35
-80.63374757766724,33.774311542510986,2.36
-80.633704662323,33.774311542510986,2.39
-80.63366174697876,33.774311542510986,2.44
-80.63361883163452,33.774311542510986,2.49
-80.63357591629028,33.774311542510986,2.54
-80.63353300094604,33.774311542510986,2.59
-80.6334900856018,33.774311542510986,2.63
-80.63344717025757,33.774311542510986,2.64
-80.63340425491333,33.774311542510986,2.65
-80.63336133956909,33.774311542510986,2.63
-80.63331842422485,33.774311542510986,2.59
-80.63327550888062,33.774311542510986,2.55
-80.63323259353638,33.774311542510986,2.5
-80.63318967819214,33.774311542510986,2.44
-80.6331467628479,33.774311542510986,2.39
-80.63310384750366,33.774311542510986,2.35
-80.63306093215942,33.774311542510986,2.31
-80.63301801681519,33.774311542510986,2.28
-80.63297510147095,33.774311542510986,2.29
-80.63293218612671,33.774311542510986,2.3
-80.63288927078247,33.774311542510986,2.32
-80.63284635543823,33.774311542510986,2.33
-80.632803440094,33.774311542510986,2.34
-80.63379049301147,33.77426862716675,2.34
-80.63374757766724,33.77426862716675,2.36
-80.633704662323,33.77426862716675,2.38
-80.63366174697876,33.77426862716675,2.41
-80.63361883163452,33.77426862716675,2.45
-80.63357591629028,33.77426862716675,2.5
-80.63353300094604,33.77426862716675,2.55
-80.6334900856018,33.77426862716675,2.58
-80.63344717025757,33.77426862716675,2.6
-80.63340425491333,33.77426862716675,2.59
-80.63336133956909,33.77426862716675,2.56
-80.63331842422485,33.77426862716675,2.5
-80.63327550888062,33.77426862716675,2.46
-80.63323259353638,33.77426862716675,2.41
-80.63318967819214,33.77426862716675,2.36
-80.6331467628479,33.77426862716675,2.33
-80.63310384750366,33.77426862716675,2.3
-80.63306093215942,33.77426862716675,2.28
-80.63301801681519,33.77426862716675,2.27
-80.63297510147095,33.77426862716675,2.27
-80.63293218612671,33.77426862716675,2.28
-80.63288927078247,33.77426862716675,2.29
-80.63284635543823,33.77426862716675,2.31
-80.63383340835571,33.77422571182251,2.36
-80.63379049301147,33.77422571182251,2.36
-80.63374757766724,33.77422571182251,2.36
-80.633704662323,33.77422571182251,2.36
-80.63366174697876,33.77422571182251,2.38
-80.63361883163452,33.77422571182251,2.42
-80.63357591629028,33.77422571182251,2.47
-80.63353300094604,33.77422571182251,2.52
-80.6334900856018,33.77422571182251,2.56
-80.63344717025757,33.77422571182251,2.57
-80.63340425491333,33.77422571182251,2.56
-80.63336133956909,33.77422571182251,2.51
-80.63331842422485,33.77422571182251,2.44
-80.63327550888062,33.77422571182251,2.39
-80.63323259353638,33.77422571182251,2.33
-80.63318967819214,33.77422571182251,2.28
-80.6331467628479,33.77422571182251,2.25
-80.63310384750366,33.77422571182251,2.25
-80.63306093215942,33.77422571182251,2.24
-80.63301801681519,33.77422571182251,2.24
-80.63297510147095,33.77422571182251,2.25
-80.63293218612671,33.77422571182251,2.26
-80.63288927078247,33.77422571182251,2.27
-80.63284635543823,33.77422571182251,2.28
-80.63387632369995,33.77418279647827,2.38
-80.63383340835571,33.77418279647827,2.37
-80.63379049301147,33.77418279647827,2.36
-80.63374757766724,33.77418279647827,2.35
-80.633704662323,33.77418279647827,2.35
-80.63366174697876,33.77418279647827,2.38
-80.63361883163452,33.77418279647827,2.42
-80.63357591629028,33.77418279647827,2.47
-80.63353300094604,33.77418279647827,2.52
-80.6334900856018,33.77418279647827,2.55
-80.63344717025757,33.77418279647827,2.55
-80.63340425491333,33.77418279647827,2.51
-80.63336133956909,33.77418279647827,2.45
-80.63331842422485,33.77418279647827,2.37
-80.63327550888062,33.77418279647827,2.3
-80.63323259353638,33.77418279647827,2.25
-80.63318967819214,33.77418279647827,2.23
-80.6331467628479,33.77418279647827,2.22
-80.63310384750366,33.77418279647827,2.23
-80.63306093215942,33.77418279647827,2.23
-80.63301801681519,33.77418279647827,2.24
-80.63297510147095,33.77418279647827,2.24
-80.63293218612671,33.77418279647827,2.24
-80.63288927078247,33.77418279647827,2.24
-80.63284635543823,33.77418279647827,2.25
-80.63391923904419,33.77413988113403,2.42
-80.63387632369995,33.77413988113403,2.41
-80.63383340835571,33.77413988113403,2.4
-80.63379049301147,33.77413988113403,2.38
-80.63374757766724,33.77413988113403,2.38
-80.633704662323,33.77413988113403,2.39
-80.63366174697876,33.77413988113403,2.42
-80.63361883163452,33.77413988113403,2.45
-80.63357591629028,33.77413988113403,2.5
-80.63353300094604,33.77413988113403,2.55
-80.6334900856018,33.77413988113403,2.56
-80.63344717025757,33.77413988113403,2.54
-80.63340425491333,33.77413988113403,2.49
-80.63336133956909,33.77413988113403,2.43
-80.63331842422485,33.77413988113403,2.35
-80.63327550888062,33.77413988113403,2.29
-80.63323259353638,33.77413988113403,2.24
-80.63318967819214,33.77413988113403,2.22
-80.6331467628479,33.77413988113403,2.21
-80.63310384750366,33.77413988113403,2.22
-80.63306093215942,33.77413988113403,2.22
-80.63301801681519,33.77413988113403,2.23
-80.63297510147095,33.77413988113403,2.23
-80.63293218612671,33.77413988113403,2.24
-80.63288927078247,33.77413988113403,2.24
-80.63396215438843,33.774096965789795,2.45
-80.63391923904419,33.774096965789795,2.44
-80.63387632369995,33.774096965789795,2.43
-80.63383340835571,33.774096965789795,2.41
-80.63379049301147,33.774096965789795,2.4
-80.63374757766724,33.774096965789795,2.4
-80.633704662323,33.774096965789795,2.42
-80.63366174697876,33.774096965789795,2.46
-80.63361883163452,33.774096965789795,2.51
-80.63357591629028,33.774096965789795,2.56
-80.63353300094604,33.774096965789795,2.59
-80.6334900856018,33.774096965789795,2.59
-80.63344717025757,33.774096965789795,2.57
-80.63340425491333,33.774096965789795,2.52
-80.63336133956909,33.774096965789795,2.45
-80.63331842422485,33.774096965789795,2.38
-80.63327550888062,33.774096965789795,2.32
-80.63323259353638,33.774096965789795,2.28
-80.63318967819214,33.774096965789795,2.25
-80.6331467628479,33.774096965789795,2.23
-80.63310384750366,33.774096965789795,2.23
-80.63306093215942,33.774096965789795,2.23
-80.63301801681519,33.774096965789795,2.23
-80.63297510147095,33.774096965789795,2.23
-80.63293218612671,33.774096965789795,2.23
-80.63396215438843,33.77405405044556,2.46
-80.63391923904419,33.77405405044556,2.46
-80.63387632369995,33.77405405044556,2.45
-80.63383340835571,33.77405405044556,2.43
-80.63379049301147,33.77405405044556,2.43
-80.63374757766724,33.77405405044556,2.44
-80.633704662323,33.77405405044556,2.47
-80.63366174697876,33.77405405044556,2.51
-80.63361883163452,33.77405405044556,2.56
-80.63357591629028,33.77405405044556,2.6
-80.63353300094604,33.77405405044556,2.63
-80.6334900856018,33.77405405044556,2.63
-80.63344717025757,33.77405405044556,2.6
-80.63340425491333,33.77405405044556,2.56
-80.63336133956909,33.77405405044556,2.51
-80.63331842422485,33.77405405044556,2.45
-80.63327550888062,33.77405405044556,2.38
-80.63323259353638,33.77405405044556,2.33
-80.63318967819214,33.77405405044556,2.29
-80.6331467628479,33.77405405044556,2.25
-80.63310384750366,33.77405405044556,2.23
-80.63306093215942,33.77405405044556,2.23
-80.63301801681519,33.77405405044556,2.23
-80.63297510147095,33.77405405044556,2.23
-80.63400506973267,33.77401113510132,2.46
-80.63396215438843,33.77401113510132,2.47
-80.63391923904419,33.77401113510132,2.46
-80.63387632369995,33.77401113510132,2.45
-80.63383340835571,33.77401113510132,2.45
-80.63379049301147,33.77401113510132,2.45
-80.63374757766724,33.77401113510132,2.47
-80.633704662323,33.77401113510132,2.51
-80.63366174697876,33.77401113510132,2.56
-80.63361883163452,33.77401113510132,2.61
-80.63357591629028,33.77401113510132,2.64
-80.63353300094604,33.77401113510132,2.66
-80.6334900856018,33.77401113510132,2.66
-80.63344717025757,33.77401113510132,2.63
-80.63340425491333,33.77401113510132,2.6
-80.63336133956909,33.77401113510132,2.55
-80.63331842422485,33.77401113510132,2.5
-80.63327550888062,33.77401113510132,2.44
-80.63323259353638,33.77401113510132,2.38
-80.63318967819214,33.77401113510132,2.32
-80.6331467628479,33.77401113510132,2.28
-80.63310384750366,33.77401113510132,2.25
-80.63400506973267,33.77396821975708,2.47
-80.63396215438843,33.77396821975708,2.47
-80.63391923904419,33.77396821975708,2.46
-80.63387632369995,33.77396821975708,2.46
-80.63383340835571,33.77396821975708,2.46
-80.63379049301147,33.77396821975708,2.47
-80.63374757766724,33.77396821975708,2.49
-80.633704662323,33.77396821975708,2.53
-80.63366174697876,33.77396821975708,2.57
-80.63361883163452,33.77396821975708,2.62
-80.63357591629028,33.77396821975708,2.65
-80.63353300094604,33.77396821975708,2.67
-80.6334900856018,33.77396821975708,2.67
-80.63344717025757,33.77396821975708,2.66
-80.63340425491333,33.77396821975708,2.64
-80.63336133956909,33.77396821975708,2.61
-80.63331842422485,33.77396821975708,2.56
-80.63327550888062,33.77396821975708,2.51
-80.63323259353638,33.77396821975708,2.44
-80.6340479850769,33.77392530441284,2.46
-80.63400506973267,33.77392530441284,2.46
-80.63396215438843,33.77392530441284,2.46
-80.63391923904419,33.77392530441284,2.46
-80.63387632369995,33.77392530441284,2.45
-80.63383340835571,33.77392530441284,2.45
-80.63379049301147,33.77392530441284,2.47
-80.63374757766724,33.77392530441284,2.49
-80.633704662323,33.77392530441284,2.52
-80.63366174697876,33.77392530441284,2.56
-80.63361883163452,33.77392530441284,2.6
-80.63357591629028,33.77392530441284,2.63
-80.63353300094604,33.77392530441284,2.65
-80.6334900856018,33.77392530441284,2.66
-80.63344717025757,33.77392530441284,2.67
-80.63340425491333,33.77392530441284,2.66
-80.63336133956909,33.77392530441284,2.63
-80.63331842422485,33.77392530441284,2.6
-80.63327550888062,33.77392530441284,2.56
-80.63409090042114,33.7738823890686,2.45
-80.6340479850769,33.7738823890686,2.45
-80.63400506973267,33.7738823890686,2.45
-80.63396215438843,33.7738823890686,2.45
-80.63391923904419,33.7738823890686,2.45
-80.63387632369995,33.7738823890686,2.45
-80.63383340835571,33.7738823890686,2.45
-80.63379049301147,33.7738823890686,2.47
-80.63374757766724,33.7738823890686,2.48
-80.633704662323,33.7738823890686,2.5
-80.63366174697876,33.7738823890686,2.53
-80.63361883163452,33.7738823890686,2.56
-80.63357591629028,33.7738823890686,2.59
-80.63353300094604,33.7738823890686,2.62
-80.6334900856018,33.7738823890686,2.64
-80.63344717025757,33.7738823890686,2.66
-80.63340425491333,33.7738823890686,2.66
-80.63336133956909,33.7738823890686,2.66
-80.63331842422485,33.7738823890686,2.66
-80.63413381576538,33.773839473724365,2.43
-80.63409090042114,33.773839473724365,2.44
-80.6340479850769,33.773839473724365,2.44
-80.63400506973267,33.773839473724365,2.45
-80.63396215438843,33.773839473724365,2.45
-80.63391923904419,33.773839473724365,2.44
-80.63387632369995,33.773839473724365,2.44
-80.63383340835571,33.773839473724365,2.44
-80.63379049301147,33.773839473724365,2.44
-80.63374757766724,33.773839473724365,2.45
-80.633704662323,33.773839473724365,2.48
-80.63366174697876,33.773839473724365,2.5
-80.63361883163452,33.773839473724365,2.53
-80.63357591629028,33.773839473724365,2.56
-80.63353300094604,33.773839473724365,2.59
-80.6334900856018,33.773839473724365,2.62
-80.63344717025757,33.773839473724365,2.64
-80.63340425491333,33.773839473724365,2.67
-80.63417673110962,33.77379655838013,2.41
-80.63413381576538,33.77379655838013,2.42
-80.63409090042114,33.77379655838013,2.42
-80.6340479850769,33.77379655838013,2.44
-80.63400506973267,33.77379655838013,2.44
-80.63396215438843,33.77379655838013,2.44
-80.63391923904419,33.77379655838013,2.44
-80.63387632369995,33.77379655838013,2.44
-80.63383340835571,33.77379655838013,2.43
-80.63379049301147,33.77379655838013,2.43
-80.63374757766724,33.77379655838013,2.43
-80.633704662323,33.77379655838013,2.45
-80.63366174697876,33.77379655838013,2.46
-80.63361883163452,33.77379655838013,2.49
-80.63357591629028,33.77379655838013,2.52
-80.63353300094604,33.77379655838013,2.55
-80.6334900856018,33.77379655838013,2.59
-80.63344717025757,33.77379655838013,2.63
-80.63421964645386,33.77375364303589,2.4
-80.63417673110962,33.77375364303589,2.4
-80.63413381576538,33.77375364303589,2.41
-80.63409090042114,33.77375364303589,2.42
-80.6340479850769,33.77375364303589,2.43
-80.63400506973267,33.77375364303589,2.43
-80.63396215438843,33.77375364303589,2.44
-80.63391923904419,33.77375364303589,2.44
-80.63387632369995,33.77375364303589,2.43
-80.63383340835571,33.77375364303589,2.42
-80.63379049301147,33.77375364303589,2.42
-80.63374757766724,33.77375364303589,2.41
-80.633704662323,33.77375364303589,2.42
-80.63366174697876,33.77375364303589,2.43
-80.63361883163452,33.77375364303589,2.46
-80.63357591629028,33.77375364303589,2.48
-80.63353300094604,33.77375364303589,2.52
-80.6342625617981,33.77371072769165,2.41
-80.63421964645386,33.77371072769165,2.4
-80.63417673110962,33.77371072769165,2.4
-80.63413381576538,33.77371072769165,2.4
-80.63409090042114,33.77371072769165,2.41
-80.6340479850769,33.77371072769165,2.42
-80.63400506973267,33.77371072769165,2.43
-80.63396215438843,33.77371072769165,2.43
-80.63391923904419,33.77371072769165,2.43
-80.63387632369995,33.77371072769165,2.43
-80.63383340835571,33.77371072769165,2.42
-80.63379049301147,33.77371072769165,2.42
-80.63374757766724,33.77371072769165,2.41
-80.633704662323,33.77371072769165,2.41
-80.63366174697876,33.77371072769165,2.42
-80.63361883163452,33.77371072769165,2.44
-80.63357591629028,33.77371072769165,2.46
-80.63430547714233,33.77366781234741,2.42
-80.6342625617981,33.77366781234741,2.41
-80.63421964645386,33.77366781234741,2.4
-80.63417673110962,33.77366781234741,2.4
-80.63413381576538,33.77366781234741,2.4
-80.63409090042114,33.77366781234741,2.4
-80.6340479850769,33.77366781234741,2.41
-80.63400506973267,33.77366781234741,2.41
-80.63396215438843,33.77366781234741,2.42
-80.63391923904419,33.77366781234741,2.42
-80.63387632369995,33.77366781234741,2.43
-80.63383340835571,33.77366781234741,2.42
-80.63379049301147,33.77366781234741,2.42
-80.63374757766724,33.77366781234741,2.41
-80.633704662323,33.77366781234741,2.41
-80.63366174697876,33.77366781234741,2.41
-80.63361883163452,33.77366781234741,2.43
-80.63434839248657,33.773624897003174,2.43
-80.63430547714233,33.773624897003174,2.42
-80.6342625617981,33.773624897003174,2.41
-80.63421964645386,33.773624897003174,2.41
-80.63417673110962,33.773624897003174,2.4
-80.63413381576538,33.773624897003174,2.4
-80.63409090042114,33.773624897003174,2.39
-80.6340479850769,33.773624897003174,2.4
-80.63400506973267,33.773624897003174,2.4
-80.63396215438843,33.773624897003174,2.41
-80.63391923904419,33.773624897003174,2.42
-80.63387632369995,33.773624897003174,2.42
-80.63383340835571,33.773624897003174,2.42
-80.63379049301147,33.773624897003174,2.42
-80.63374757766724,33.773624897003174,2.42
-80.633704662323,33.773624897003174,2.41
-80.63366174697876,33.773624897003174,2.4
-80.63434839248657,33.773581981658936,2.44
-80.63430547714233,33.773581981658936,2.43
-80.6342625617981,33.773581981658936,2.42
-80.63421964645386,33.773581981658936,2.41
-80.63417673110962,33.773581981658936,2.4
-80.63413381576538,33.773581981658936,2.4
-80.63409090042114,33.773581981658936,2.39
-80.6340479850769,33.773581981658936,2.39
-80.63400506973267,33.773581981658936,2.39
-80.63396215438843,33.773581981658936,2.4
-80.63391923904419,33.773581981658936,2.4
-80.63387632369995,33.773581981658936,2.41
-80.63383340835571,33.773581981658936,2.42
-80.63379049301147,33.773581981658936,2.42
-80.63374757766724,33.773581981658936,2.42
-80.63443422317505,33.7735390663147,2.47
-80.63439130783081,33.7735390663147,2.47
-80.63434839248657,33.7735390663147,2.45
-80.63430547714233,33.7735390663147,2.44
-80.6342625617981,33.7735390663147,2.43
-80.63421964645386,33.7735390663147,2.42
-80.63417673110962,33.7735390663147,2.41
-80.63413381576538,33.7735390663147,2.4
-80.63409090042114,33.7735390663147,2.39
-80.6340479850769,33.7735390663147,2.39
-80.63400506973267,33.7735390663147,2.38
-80.63396215438843,33.7735390663147,2.39
-80.63391923904419,33.7735390663147,2.39
-80.63387632369995,33.7735390663147,2.4
-80.63383340835571,33.7735390663147,2.41
-80.63379049301147,33.7735390663147,2.42
-80.63452005386353,33.77349615097046,2.47
-80.63447713851929,33.77349615097046,2.47
-80.63443422317505,33.77349615097046,2.48
-80.63439130783081,33.77349615097046,2.48
-80.63434839248657,33.77349615097046,2.46
-80.63430547714233,33.77349615097046,2.45
-80.6342625617981,33.77349615097046,2.43
-80.63421964645386,33.77349615097046,2.42
-80.63417673110962,33.77349615097046,2.4
-80.63413381576538,33.77349615097046,2.38
-80.63409090042114,33.77349615097046,2.37
-80.6340479850769,33.77349615097046,2.37
-80.63400506973267,33.77349615097046,2.37
-80.63396215438843,33.77349615097046,2.37
-80.63391923904419,33.77349615097046,2.38
-80.63387632369995,33.77349615097046,2.39
-80.63383340835571,33.77349615097046,2.4
-80.63456296920776,33.77345323562622,2.44
-80.63452005386353,33.77345323562622,2.45
-80.63447713851929,33.77345323562622,2.47
-80.63443422317505,33.77345323562622,2.48
-80.63439130783081,33.77345323562622,2.48
-80.63434839248657,33.77345323562622,2.48
-80.63430547714233,33.77345323562622,2.47
-80.6342625617981,33.77345323562622,2.44
-80.63421964645386,33.77345323562622,2.42
-80.63417673110962,33.77345323562622,2.39
-80.63413381576538,33.77345323562622,2.36
-80.63409090042114,33.77345323562622,2.35
-80.6340479850769,33.77345323562622,2.35
-80.63400506973267,33.77345323562622,2.35
-80.63396215438843,33.77345323562622,2.35
-80.63391923904419,33.77345323562622,2.37
-80.63387632369995,33.77345323562622,2.37
-80.634605884552,33.77341032028198,2.42
-80.63456296920776,33.77341032028198,2.43
-80.63452005386353,33.77341032028198,2.45
-80.63447713851929,33.77341032028198,2.46
-80.63443422317505,33.77341032028198,2.48
-80.63439130783081,33.77341032028198,2.48
-80.63434839248657,33.77341032028198,2.49
-80.63430547714233,33.77341032028198,2.48
-80.6342625617981,33.77341032028198,2.46
-80.63421964645386,33.77341032028198,2.43
-80.63417673110962,33.77341032028198,2.4
-80.63413381576538,33.77341032028198,2.35
-80.63409090042114,33.77341032028198,2.33
-80.6340479850769,33.77341032028198,2.32
-80.63400506973267,33.77341032028198,2.31
-80.63396215438843,33.77341032028198,2.32
-80.63391923904419,33.77341032028198,2.34
-80.63387632369995,33.77341032028198,2.34
-80.634605884552,33.773367404937744,2.43
-80.63456296920776,33.773367404937744,2.43
-80.63452005386353,33.773367404937744,2.45
-80.63447713851929,33.773367404937744,2.46
-80.63443422317505,33.773367404937744,2.47
-80.63439130783081,33.773367404937744,2.48
-80.63434839248657,33.773367404937744,2.5
-80.63430547714233,33.773367404937744,2.49
-80.6342625617981,33.773367404937744,2.47
-80.63421964645386,33.773367404937744,2.45
-80.63417673110962,33.773367404937744,2.41
-80.63413381576538,33.773367404937744,2.37
-80.63409090042114,33.773367404937744,2.34
-80.6340479850769,33.773367404937744,2.3
-80.63400506973267,33.773367404937744,2.29
-80.63396215438843,33.773367404937744,2.29
-80.63391923904419,33.773367404937744,2.3
-80.634605884552,33.773324489593506,2.44
-80.63456296920776,33.773324489593506,2.44
-80.63452005386353,33.773324489593506,2.45
-80.63447713851929,33.773324489593506,2.46
-80.63443422317505,33.773324489593506,2.48
-80.63439130783081,33.773324489593506,2.49
-80.63434839248657,33.773324489593506,2.51
-80.63430547714233,33.773324489593506,2.51
-80.6342625617981,33.773324489593506,2.49
-80.63421964645386,33.773324489593506,2.47
-80.63417673110962,33.773324489593506,2.43
-80.63413381576538,33.773324489593506,2.38
-80.63409090042114,33.773324489593506,2.34
-80.6340479850769,33.773324489593506,2.29
-80.63400506973267,33.773324489593506,2.27
-80.63396215438843,33.773324489593506,2.25
-80.634605884552,33.77328157424927,2.46
-80.63456296920776,33.77328157424927,2.45
-80.63452005386353,33.77328157424927,2.46
-80.63447713851929,33.77328157424927,2.47
-80.63443422317505,33.77328157424927,2.48
-80.63439130783081,33.77328157424927,2.5
-80.63434839248657,33.77328157424927,2.52
-80.63430547714233,33.77328157424927,2.53
-80.6342625617981,33.77328157424927,2.52
-80.63421964645386,33.77328157424927,2.5
-80.63417673110962,33.77328157424927,2.46
-80.63413381576538,33.77328157424927,2.42
-80.63409090042114,33.77328157424927,2.37
-80.6340479850769,33.77328157424927,2.3
-80.63400506973267,33.77328157424927,2.26
-80.63396215438843,33.77328157424927,2.22
-80.634605884552,33.77323865890503,2.47
-80.63456296920776,33.77323865890503,2.46
-80.63452005386353,33.77323865890503,2.47
-80.63447713851929,33.77323865890503,2.48
-80.63443422317505,33.77323865890503,2.49
-80.63439130783081,33.77323865890503,2.51
-80.63434839248657,33.77323865890503,2.52
-80.63430547714233,33.77323865890503,2.53
-80.6342625617981,33.77323865890503,2.53
-80.63421964645386,33.77323865890503,2.53
-80.63417673110962,33.77323865890503,2.5
-80.63413381576538,33.77323865890503,2.47
-80.63409090042114,33.77323865890503,2.41
-80.6340479850769,33.77323865890503,2.33
-80.63400506973267,33.77323865890503,2.25
-80.63396215438843,33.77323865890503,2.18
-80.63464879989624,33.77319574356079,2.47
-80.634605884552,33.77319574356079,2.47
-80.63456296920776,33.77319574356079,2.47
-80.63452005386353,33.77319574356079,2.47
-80.63447713851929,33.77319574356079,2.48
-80.63443422317505,33.77319574356079,2.49
-80.63439130783081,33.77319574356079,2.51
-80.63434839248657,33.77319574356079,2.52
-80.63430547714233,33.77319574356079,2.54
-80.6342625617981,33.77319574356079,2.54
-80.63421964645386,33.77319574356079,2.54
-80.63417673110962,33.77319574356079,2.53
-80.63413381576538,33.77319574356079,2.51
-80.63409090042114,33.77319574356079,2.47
-80.63464879989624,33.77315282821655,2.47
-80.634605884552,33.77315282821655,2.47
-80.63456296920776,33.77315282821655,2.48
-80.63452005386353,33.77315282821655,2.48
-80.63447713851929,33.77315282821655,2.48
-80.63443422317505,33.77315282821655,2.5
-80.63439130783081,33.77315282821655,2.51
-80.63434839248657,33.77315282821655,2.52
-80.63430547714233,33.77315282821655,2.54
-80.6342625617981,33.77315282821655,2.54
-80.63421964645386,33.77315282821655,2.54
-80.63417673110962,33.77315282821655,2.54
-80.63413381576538,33.77315282821655,2.53
-80.63469171524048,33.773109912872314,2.45
-80.63464879989624,33.773109912872314,2.46
-80.634605884552,33.773109912872314,2.46
-80.63456296920776,33.773109912872314,2.47
-80.63452005386353,33.773109912872314,2.48
-80.63447713851929,33.773109912872314,2.48
-80.63443422317505,33.773109912872314,2.49
-80.63439130783081,33.773109912872314,2.5
-80.63434839248657,33.773109912872314,2.51
-80.63430547714233,33.773109912872314,2.52
-80.6342625617981,33.773109912872314,2.53
-80.63421964645386,33.773109912872314,2.54
-80.63417673110962,33.773109912872314,2.54
-80.63413381576538,33.773109912872314,2.55
-80.63473463058472,33.773066997528076,2.42
-80.63469171524048,33.773066997528076,2.44
-80.63464879989624,33.773066997528076,2.45
-80.634605884552,33.773066997528076,2.46
-80.63456296920776,33.773066997528076,2.47
-80.63452005386353,33.773066997528076,2.47
-80.63447713851929,33.773066997528076,2.48
-80.63443422317505,33.773066997528076,2.48
-80.63439130783081,33.773066997528076,2.49
-80.63434839248657,33.773066997528076,2.5
-80.63430547714233,33.773066997528076,2.51
-80.6342625617981,33.773066997528076,2.52
-80.63421964645386,33.773066997528076,2.52
-80.63417673110962,33.773066997528076,2.53
-80.63477754592896,33.77302408218384,2.37
-80.63473463058472,33.77302408218384,2.4
-80.63469171524048,33.77302408218384,2.42
-80.63464879989624,33.77302408218384,2.44
-80.634605884552,33.77302408218384,2.45
-80.63456296920776,33.77302408218384,2.46
-80.63452005386353,33.77302408218384,2.47
-80.63447713851929,33.77302408218384,2.47
-80.63443422317505,33.77302408218384,2.47
-80.63439130783081,33.77302408218384,2.48
-80.63434839248657,33.77302408218384,2.49
-80.63430547714233,33.77302408218384,2.5
-80.6342625617981,33.77302408218384,2.51
-80.63421964645386,33.77302408218384,2.51
-80.63417673110962,33.77302408218384,2.52
-80.6348204612732,33.7729811668396,2.32
-80.63477754592896,33.7729811668396,2.35
-80.63473463058472,33.7729811668396,2.38
-80.63469171524048,33.7729811668396,2.4
-80.63464879989624,33.7729811668396,2.42
-80.634605884552,33.7729811668396,2.43
-80.63456296920776,33.7729811668396,2.45
-80.63452005386353,33.7729811668396,2.45
-80.63447713851929,33.7729811668396,2.46
-80.63443422317505,33.7729811668396,2.47
-80.63439130783081,33.7729811668396,2.48
-80.63434839248657,33.7729811668396,2.48
-80.63430547714233,33.7729811668396,2.49
-80.6342625617981,33.7729811668396,2.49
-80.63421964645386,33.7729811668396,2.5
-80.63486337661743,33.77293825149536,2.25
-80.6348204612732,33.77293825149536,2.29
-80.63477754592896,33.77293825149536,2.33
-80.63473463058472,33.77293825149536,2.36
-80.63469171524048,33.77293825149536,2.38
-80.63464879989624,33.77293825149536,2.4
-80.634605884552,33.77293825149536,2.41
-80.63456296920776,33.77293825149536,2.42
-80.63452005386353,33.77293825149536,2.43
-80.63447713851929,33.77293825149536,2.45
-80.63443422317505,33.77293825149536,2.46
-80.63439130783081,33.77293825149536,2.47
-80.63434839248657,33.77293825149536,2.47
-80.63430547714233,33.77293825149536,2.48
-80.6342625617981,33.77293825149536,2.48
-80.63490629196167,33.77289533615112,2.18
-80.63486337661743,33.77289533615112,2.22
-80.6348204612732,33.77289533615112,2.26
-80.63477754592896,33.77289533615112,2.3
-80.63473463058472,33.77289533615112,2.33
-80.63469171524048,33.77289533615112,2.35
-80.63464879989624,33.77289533615112,2.37
-80.634605884552,33.77289533615112,2.39
-80.63456296920776,33.77289533615112,2.4
-80.63452005386353,33.77289533615112,2.42
-80.63447713851929,33.77289533615112,2.43
-80.63443422317505,33.77289533615112,2.44
-80.63439130783081,33.77289533615112,2.46
-80.63434839248657,33.77289533615112,2.47
-80.63430547714233,33.77289533615112,2.47
-80.63499212265015,33.772852420806885,2.06
-80.63494920730591,33.772852420806885,2.1
-80.63490629196167,33.772852420806885,2.14
-80.63486337661743,33.772852420806885,2.19
-80.6348204612732,33.772852420806885,2.22
-80.63477754592896,33.772852420806885,2.26
-80.63473463058472,33.772852420806885,2.29
-80.63469171524048,33.772852420806885,2.32
-80.63464879989624,33.772852420806885,2.34
-80.634605884552,33.772852420806885,2.36
-80.63456296920776,33.772852420806885,2.37
-80.63452005386353,33.772852420806885,2.39
-80.63447713851929,33.772852420806885,2.4
-80.63443422317505,33.772852420806885,2.42
-80.63439130783081,33.772852420806885,2.44
-80.63434839248657,33.772852420806885,2.45
-80.63430547714233,33.772852420806885,2.46
-80.63503503799438,33.77280950546265,2.01
-80.63499212265015,33.77280950546265,2.04
-80.63494920730591,33.77280950546265,2.08
-80.63490629196167,33.77280950546265,2.11
-80.63486337661743,33.77280950546265,2.15
-80.6348204612732,33.77280950546265,2.19
-80.63477754592896,33.77280950546265,2.23
-80.63473463058472,33.77280950546265,2.26
-80.63469171524048,33.77280950546265,2.28
-80.63464879989624,33.77280950546265,2.3
-80.634605884552,33.77280950546265,2.32
-80.63456296920776,33.77280950546265,2.34
-80.63452005386353,33.77280950546265,2.36
-80.63447713851929,33.77280950546265,2.38
-80.63443422317505,33.77280950546265,2.4
-80.63439130783081,33.77280950546265,2.41
-80.63434839248657,33.77280950546265,2.42
-80.63503503799438,33.77276659011841,1.99
-80.63499212265015,33.77276659011841,2.02
-80.63494920730591,33.77276659011841,2.05
-80.63490629196167,33.77276659011841,2.08
-80.63486337661743,33.77276659011841,2.11
-80.6348204612732,33.77276659011841,2.15
-80.63477754592896,33.77276659011841,2.18
-80.63473463058472,33.77276659011841,2.21
-80.63469171524048,33.77276659011841,2.24
-80.63464879989624,33.77276659011841,2.27
-80.634605884552,33.77276659011841,2.29
-80.63456296920776,33.77276659011841,2.31
-80.63452005386353,33.77276659011841,2.33
-80.63447713851929,33.77276659011841,2.35
-80.63443422317505,33.77276659011841,2.37
-80.63439130783081,33.77276659011841,2.38
-80.63507795333862,33.77272367477417,1.95
-80.63503503799438,33.77272367477417,1.97
-80.63499212265015,33.77272367477417,1.99
-80.63494920730591,33.77272367477417,2.02
-80.63490629196167,33.77272367477417,2.04
-80.63486337661743,33.77272367477417,2.07
-80.6348204612732,33.77272367477417,2.1
-80.63477754592896,33.77272367477417,2.13
-80.63473463058472,33.77272367477417,2.16
-80.63469171524048,33.77272367477417,2.2
-80.63464879989624,33.77272367477417,2.22
-80.634605884552,33.77272367477417,2.25
-80.63456296920776,33.77272367477417,2.28
-80.63452005386353,33.77272367477417,2.3
-80.63447713851929,33.77272367477417,2.32
-80.63443422317505,33.77272367477417,2.34
-80.63512086868286,33.77268075942993,1.92
-80.63507795333862,33.77268075942993,1.93
-80.63503503799438,33.77268075942993,1.95
-80.63499212265015,33.77268075942993,1.97
-80.63494920730591,33.77268075942993,1.99
-80.63490629196167,33.77268075942993,2.01
-80.63486337661743,33.77268075942993,2.04
-80.6348204612732,33.77268075942993,2.06
-80.63477754592896,33.77268075942993,2.09
-80.63473463058472,33.77268075942993,2.12
-80.63469171524048,33.77268075942993,2.15
-80.63464879989624,33.77268075942993,2.18
-80.634605884552,33.77268075942993,2.21
-80.63456296920776,33.77268075942993,2.24
-80.63452005386353,33.77268075942993,2.27
-80.63447713851929,33.77268075942993,2.29
-80.6351637840271,33.77263784408569,1.88
-80.63512086868286,33.77263784408569,1.9
-80.63507795333862,33.77263784408569,1.91
-80.63503503799438,33.77263784408569,1.93
-80.63499212265015,33.77263784408569,1.95
-80.63494920730591,33.77263784408569,1.97
-80.63490629196167,33.77263784408569,1.98
-80.63486337661743,33.77263784408569,2.0
-80.6348204612732,33.77263784408569,2.02
-80.63477754592896,33.77263784408569,2.05
-80.63473463058472,33.77263784408569,2.07
-80.63469171524048,33.77263784408569,2.1
-80.63464879989624,33.77263784408569,2.14
-80.634605884552,33.77263784408569,2.17
-80.63456296920776,33.77263784408569,2.2
-80.63452005386353,33.77263784408569,2.24
-80.6351637840271,33.772594928741455,1.87
-80.63512086868286,33.772594928741455,1.89
-80.63507795333862,33.772594928741455,1.9
-80.63503503799438,33.772594928741455,1.91
-80.63499212265015,33.772594928741455,1.93
-80.63494920730591,33.772594928741455,1.94
-80.63490629196167,33.772594928741455,1.95
-80.63486337661743,33.772594928741455,1.97
-80.6348204612732,33.772594928741455,1.99
-80.63477754592896,33.772594928741455,2.01
-80.63473463058472,33.772594928741455,2.03
-80.63469171524048,33.772594928741455,2.06
-80.63464879989624,33.772594928741455,2.09
-80.634605884552,33.772594928741455,2.13
-80.63456296920776,33.772594928741455,2.16
-80.63520669937134,33.77255201339722,1.85
-80.6351637840271,33.77255201339722,1.86
-80.63512086868286,33.77255201339722,1.87
-80.63507795333862,33.77255201339722,1.88
-80.63503503799438,33.77255201339722,1.9
-80.63499212265015,33.77255201339722,1.91
-80.63494920730591,33.77255201339722,1.92
-80.63490629196167,33.77255201339722,1.93
-80.63486337661743,33.77255201339722,1.95
-80.6348204612732,33.77255201339722,1.96
-80.63477754592896,33.77255201339722,1.98
-80.63473463058472,33.77255201339722,2.0
-80.63469171524048,33.77255201339722,2.03
-80.63464879989624,33.77255201339722,2.05
-80.634605884552,33.77255201339722,2.08
-80.63524961471558,33.77250909805298,1.8
-80.63520669937134,33.77250909805298,1.83
-80.6351637840271,33.77250909805298,1.85
-80.63512086868286,33.77250909805298,1.86
-80.63507795333862,33.77250909805298,1.87
-80.63503503799438,33.77250909805298,1.88
-80.63499212265015,33.77250909805298,1.89
-80.63494920730591,33.77250909805298,1.9
-80.63490629196167,33.77250909805298,1.91
-80.63486337661743,33.77250909805298,1.93
-80.6348204612732,33.77250909805298,1.94
-80.63477754592896,33.77250909805298,1.95
-80.63473463058472,33.77250909805298,1.97
-80.63469171524048,33.77250909805298,1.99
-80.63464879989624,33.77250909805298,2.01
-80.63529253005981,33.77246618270874,1.72
-80.63524961471558,33.77246618270874,1.76
-80.63520669937134,33.77246618270874,1.8
-80.6351637840271,33.77246618270874,1.83
-80.63512086868286,33.77246618270874,1.84
-80.63507795333862,33.77246618270874,1.86
-80.63503503799438,33.77246618270874,1.87
-80.63499212265015,33.77246618270874,1.88
-80.63494920730591,33.77246618270874,1.89
-80.63490629196167,33.77246618270874,1.9
-80.63486337661743,33.77246618270874,1.91
-80.6348204612732,33.77246618270874,1.92
-80.63477754592896,33.77246618270874,1.93
-80.63473463058472,33.77246618270874,1.95
-80.63469171524048,33.77246618270874,1.96
-80.63533544540405,33.7724232673645,1.62
-80.63529253005981,33.7724232673645,1.67
-80.63524961471558,33.7724232673645,1.73
-80.63520669937134,33.7724232673645,1.77
-80.6351637840271,33.7724232673645,1.8
-80.63512086868286,33.7724232673645,1.83
-80.63507795333862,33.7724232673645,1.84
-80.63503503799438,33.7724232673645,1.86
-80.63499212265015,33.7724232673645,1.86
-80.63494920730591,33.7724232673645,1.87
-80.63490629196167,33.7724232673645,1.88
-80.63486337661743,33.7724232673645,1.89
-80.6348204612732,33.7724232673645,1.9
-80.63477754592896,33.7724232673645,1.91
-80.63473463058472,33.7724232673645,1.93
-80.63537836074829,33.772380352020264,1.51
-80.63533544540405,33.772380352020264,1.57
-80.63529253005981,33.772380352020264,1.63
-80.63524961471558,33.772380352020264,1.68
-80.63520669937134,33.772380352020264,1.73
-80.6351637840271,33.772380352020264,1.77
-80.63512086868286,33.772380352020264,1.8
-80.63507795333862,33.772380352020264,1.82
-80.63503503799438,33.772380352020264,1.84
-80.63499212265015,33.772380352020264,1.85
-80.63494920730591,33.772380352020264,1.86
-80.63490629196167,33.772380352020264,1.87
-80.63486337661743,33.772380352020264,1.88
-80.6348204612732,33.772380352020264,1.89
-80.63477754592896,33.772380352020264,1.9
-80.63473463058472,33.772380352020264,1.9
-80.63542127609253,33.772337436676025,1.44
-80.63537836074829,33.772337436676025,1.48
-80.63533544540405,33.772337436676025,1.53
-80.63529253005981,33.772337436676025,1.58
-80.63524961471558,33.772337436676025,1.63
-80.63520669937134,33.772337436676025,1.68
-80.6351637840271,33.772337436676025,1.73
-80.63512086868286,33.772337436676025,1.76
-80.63507795333862,33.772337436676025,1.79
-80.63503503799438,33.772337436676025,1.81
-80.63499212265015,33.772337436676025,1.83
-80.63494920730591,33.772337436676025,1.84
-80.63490629196167,33.772337436676025,1.85
-80.63486337661743,33.772337436676025,1.87
-80.6348204612732,33.772337436676025,1.88
-80.63477754592896,33.772337436676025,1.88
-80.63546419143677,33.77229452133179,1.39
-80.63542127609253,33.77229452133179,1.41
-80.63537836074829,33.77229452133179,1.45
-80.63533544540405,33.77229452133179,1.49
-80.63529253005981,33.77229452133179,1.53
-80.63524961471558,33.77229452133179,1.58
-80.63520669937134,33.77229452133179,1.63
-80.6351637840271,33.77229452133179,1.67
-80.63512086868286,33.77229452133179,1.71
-80.63507795333862,33.77229452133179,1.74
-80.63503503799438,33.77229452133179,1.77
-80.63499212265015,33.77229452133179,1.79
-80.63494920730591,33.77229452133179,1.82
-80.63490629196167,33.77229452133179,1.83
-80.63486337661743,33.77229452133179,1.85
-80.6348204612732,33.77229452133179,1.86
-80.635507106781,33.77225160598755,1.35
-80.63546419143677,33.77225160598755,1.37
-80.63542127609253,33.77225160598755,1.39
-80.63537836074829,33.77225160598755,1.42
-80.63533544540405,33.77225160598755,1.44
-80.63529253005981,33.77225160598755,1.48
-80.63524961471558,33.77225160598755,1.52
-80.63520669937134,33.77225160598755,1.57
-80.6351637840271,33.77225160598755,1.61
-80.63512086868286,33.77225160598755,1.65
-80.63507795333862,33.77225160598755,1.69
-80.63503503799438,33.77225160598755,1.72
-80.63499212265015,33.77225160598755,1.75
-80.63494920730591,33.77225160598755,1.78
-80.63490629196167,33.77225160598755,1.81
-80.63486337661743,33.77225160598755,1.82
-80.6348204612732,33.77225160598755,1.84
-80.63555002212524,33.77220869064331,1.34
-80.635507106781,33.77220869064331,1.35
-80.63546419143677,33.77220869064331,1.36
-80.63542127609253,33.77220869064331,1.37
-80.63537836074829,33.77220869064331,1.39
-80.63533544540405,33.77220869064331,1.41
-80.63529253005981,33.77220869064331,1.45
-80.63524961471558,33.77220869064331,1.48
-80.63520669937134,33.77220869064331,1.52
-80.6351637840271,33.77220869064331,1.56
-80.63512086868286,33.77220869064331,1.59
-80.63507795333862,33.77220869064331,1.63
-80.63503503799438,33.77220869064331,1.67
-80.63499212265015,33.77220869064331,1.71
-80.63494920730591,33.77220869064331,1.74
-80.63490629196167,33.77220869064331,1.77
-80.63486337661743,33.77220869064331,1.8
-80.63559293746948,33.77216577529907,1.33
-80.63555002212524,33.77216577529907,1.33
-80.635507106781,33.77216577529907,1.34
-80.63546419143677,33.77216577529907,1.34
-80.63542127609253,33.77216577529907,1.35
-80.63537836074829,33.77216577529907,1.37
-80.63533544540405,33.77216577529907,1.39
-80.63529253005981,33.77216577529907,1.42
-80.63524961471558,33.77216577529907,1.44
-80.63520669937134,33.77216577529907,1.48
-80.6351637840271,33.77216577529907,1.51
-80.63512086868286,33.77216577529907,1.54
-80.63507795333862,33.77216577529907,1.57
-80.63503503799438,33.77216577529907,1.61
-80.63499212265015,33.77216577529907,1.65
-80.63494920730591,33.77216577529907,1.69
-80.63490629196167,33.77216577529907,1.73
-80.63559293746948,33.772122859954834,1.33
-80.63555002212524,33.772122859954834,1.33
-80.635507106781,33.772122859954834,1.33
-80.63546419143677,33.772122859954834,1.33
-80.63542127609253,33.772122859954834,1.34
-80.63537836074829,33.772122859954834,1.35
-80.63533544540405,33.772122859954834,1.37
-80.63529253005981,33.772122859954834,1.4
-80.63524961471558,33.772122859954834,1.42
-80.63520669937134,33.772122859954834,1.45
-80.6351637840271,33.772122859954834,1.47
-80.63512086868286,33.772122859954834,1.5
-80.63507795333862,33.772122859954834,1.53
-80.63503503799438,33.772122859954834,1.56
-80.63499212265015,33.772122859954834,1.6
-80.63494920730591,33.772122859954834,1.64
-80.63559293746948,33.772079944610596,1.33
-80.63555002212524,33.772079944610596,1.33
-80.635507106781,33.772079944610596,1.33
-80.63546419143677,33.772079944610596,1.33
-80.63542127609253,33.772079944610596,1.34
-80.63537836074829,33.772079944610596,1.34
-80.63533544540405,33.772079944610596,1.36
-80.63529253005981,33.772079944610596,1.38
-80.63524961471558,33.772079944610596,1.4
-80.63520669937134,33.772079944610596,1.42
-80.6351637840271,33.772079944610596,1.44
-80.63512086868286,33.772079944610596,1.47
-80.63507795333862,33.772079944610596,1.49
-80.63503503799438,33.772079944610596,1.52
-80.63499212265015,33.772079944610596,1.56
-80.63494920730591,33.772079944610596,1.59
-80.63559293746948,33.77203702926636,1.33
-80.63555002212524,33.77203702926636,1.32
-80.635507106781,33.77203702926636,1.33
-80.63546419143677,33.77203702926636,1.32
-80.63542127609253,33.77203702926636,1.33
-80.63537836074829,33.77203702926636,1.34
-80.63533544540405,33.77203702926636,1.35
-80.63529253005981,33.77203702926636,1.37
-80.63524961471558,33.77203702926636,1.39
-80.63520669937134,33.77203702926636,1.41
-80.6351637840271,33.77203702926636,1.43
-80.63512086868286,33.77203702926636,1.45
-80.63507795333862,33.77203702926636,1.47
-80.63503503799438,33.77203702926636,1.49
-80.63499212265015,33.77203702926636,1.51
-80.63559293746948,33.77199411392212,1.33
-80.63555002212524,33.77199411392212,1.32
-80.635507106781,33.77199411392212,1.33
-80.63546419143677,33.77199411392212,1.32
-80.63542127609253,33.77199411392212,1.33
-80.63537836074829,33.77199411392212,1.34
-80.63533544540405,33.77199411392212,1.35
-80.63529253005981,33.77199411392212,1.36
-80.63524961471558,33.77199411392212,1.38
-80.63520669937134,33.77199411392212,1.4
-80.6351637840271,33.77199411392212,1.41
-80.63512086868286,33.77199411392212,1.43
-80.63507795333862,33.77199411392212,1.45
-80.63503503799438,33.77199411392212,1.47
-80.63559293746948,33.77195119857788,1.33
-80.63555002212524,33.77195119857788,1.33
-80.635507106781,33.77195119857788,1.33
-80.63546419143677,33.77195119857788,1.33
-80.63542127609253,33.77195119857788,1.33
-80.63537836074829,33.77195119857788,1.34
-80.63533544540405,33.77195119857788,1.35
-80.63529253005981,33.77195119857788,1.35
-80.63524961471558,33.77195119857788,1.37
-80.63520669937134,33.77195119857788,1.38
-80.6351637840271,33.77195119857788,1.4
-80.63512086868286,33.77195119857788,1.41
-80.63507795333862,33.77195119857788,1.43
-80.63559293746948,33.77190828323364,1.33
-80.63555002212524,33.77190828323364,1.33
-80.635507106781,33.77190828323364,1.33
-80.63546419143677,33.77190828323364,1.33
-80.63542127609253,33.77190828323364,1.34
-80.63537836074829,33.77190828323364,1.34
-80.63533544540405,33.77190828323364,1.35
-80.63529253005981,33.77190828323364,1.35
-80.63524961471558,33.77190828323364,1.36
-80.63520669937134,33.77190828323364,1.37
-80.6351637840271,33.77190828323364,1.39
-80.63512086868286,33.77190828323364,1.4
-80.63559293746948,33.771865367889404,1.33
-80.63555002212524,33.771865367889404,1.33
-80.635507106781,33.771865367889404,1.34
-80.63546419143677,33.771865367889404,1.34
-80.63542127609253,33.771865367889404,1.34
-80.63537836074829,33.771865367889404,1.34
-80.63533544540405,33.771865367889404,1.35
-80.63529253005981,33.771865367889404,1.35
-80.63524961471558,33.771865367889404,1.36
-80.63520669937134,33.771865367889404,1.37
-80.6351637840271,33.771865367889404,1.38
-80.61125993728638,33.751652240753174,2.32
-80.61121702194214,33.751652240753174,2.29
-80.6111741065979,33.751652240753174,2.26
-80.61113119125366,33.751652240753174,2.23
-80.61108827590942,33.751652240753174,2.2
-80.61104536056519,33.751652240753174,2.21
-80.61100244522095,33.751652240753174,2.21
-80.61095952987671,33.751652240753174,2.23
-80.61091661453247,33.751652240753174,2.24
-80.61087369918823,33.751652240753174,2.25
-80.610830783844,33.751652240753174,2.25
-80.61125993728638,33.751609325408936,2.36
-80.61121702194214,33.751609325408936,2.33
-80.6111741065979,33.751609325408936,2.3
-80.61113119125366,33.751609325408936,2.27
-80.61108827590942,33.751609325408936,2.24
-80.61104536056519,33.751609325408936,2.24
-80.61100244522095,33.751609325408936,2.23
-80.61095952987671,33.751609325408936,2.24
-80.61091661453247,33.751609325408936,2.24
-80.61087369918823,33.751609325408936,2.26
-80.610830783844,33.751609325408936,2.25
-80.61130285263062,33.7515664100647,2.38
-80.61125993728638,33.7515664100647,2.37
-80.61121702194214,33.7515664100647,2.35
-80.6111741065979,33.7515664100647,2.33
-80.61113119125366,33.7515664100647,2.31
-80.61108827590942,33.7515664100647,2.27
-80.61104536056519,33.7515664100647,2.26
-80.61100244522095,33.7515664100647,2.24
-80.61095952987671,33.7515664100647,2.25
-80.61091661453247,33.7515664100647,2.24
-80.61087369918823,33.7515664100647,2.26
-80.610830783844,33.7515664100647,2.25
-80.61130285263062,33.75152349472046,2.42
-80.61125993728638,33.75152349472046,2.41
-80.61121702194214,33.75152349472046,2.4
-80.6111741065979,33.75152349472046,2.37
-80.61113119125366,33.75152349472046,2.36
-80.61108827590942,33.75152349472046,2.31
-80.61104536056519,33.75152349472046,2.29
-80.61100244522095,33.75152349472046,2.26
-80.61095952987671,33.75152349472046,2.26
-80.61091661453247,33.75152349472046,2.24
-80.61087369918823,33.75152349472046,2.25
-80.610830783844,33.75152349472046,2.24
-80.61134576797485,33.75148057937622,2.51
-80.61130285263062,33.75148057937622,2.49
-80.61125993728638,33.75148057937622,2.47
-80.61121702194214,33.75148057937622,2.45
-80.6111741065979,33.75148057937622,2.41
-80.61113119125366,33.75148057937622,2.39
-80.61108827590942,33.75148057937622,2.34
-80.61104536056519,33.75148057937622,2.31
-80.61100244522095,33.75148057937622,2.27
-80.61095952987671,33.75148057937622,2.27
-80.61091661453247,33.75148057937622,2.24
-80.61087369918823,33.75148057937622,2.25
-80.610830783844,33.75148057937622,2.24
-80.61134576797485,33.75143766403198,2.58
-80.61130285263062,33.75143766403198,2.54
-80.61125993728638,33.75143766403198,2.51
-80.61121702194214,33.75143766403198,2.5
-80.6111741065979,33.75143766403198,2.46
-80.61113119125366,33.75143766403198,2.44
-80.61108827590942,33.75143766403198,2.4
-80.61104536056519,33.75143766403198,2.36
-80.61100244522095,33.75143766403198,2.29
-80.61095952987671,33.75143766403198,2.27
-80.61091661453247,33.75143766403198,2.24
-80.61087369918823,33.75143766403198,2.24
-80.610830783844,33.75143766403198,2.22
-80.61138868331909,33.751394748687744,2.71
-80.61134576797485,33.751394748687744,2.65
-80.61130285263062,33.751394748687744,2.6
-80.61125993728638,33.751394748687744,2.55
-80.61121702194214,33.751394748687744,2.53
-80.6111741065979,33.751394748687744,2.48
-80.61113119125366,33.751394748687744,2.46
-80.61108827590942,33.751394748687744,2.4
-80.61104536056519,33.751394748687744,2.37
-80.61100244522095,33.751394748687744,2.3
-80.61095952987671,33.751394748687744,2.29
-80.61091661453247,33.751394748687744,2.25
-80.61087369918823,33.751394748687744,2.26
-80.610830783844,33.751394748687744,2.25
-80.61147451400757,33.751351833343506,2.81
-80.61143159866333,33.751351833343506,2.8
-80.61138868331909,33.751351833343506,2.77
-80.61134576797485,33.751351833343506,2.73
-80.61130285263062,33.751351833343506,2.69
-80.61125993728638,33.751351833343506,2.63
-80.61121702194214,33.751351833343506,2.6
-80.6111741065979,33.751351833343506,2.54
-80.61113119125366,33.751351833343506,2.48
-80.61108827590942,33.751351833343506,2.42
-80.61104536056519,33.751351833343506,2.38
-80.61100244522095,33.751351833343506,2.31
-80.61095952987671,33.751351833343506,2.29
-80.61091661453247,33.751351833343506,2.27
-80.61087369918823,33.751351833343506,2.27
-80.610830783844,33.751351833343506,2.25
-80.61164617538452,33.75130891799927,2.63
-80.61160326004028,33.75130891799927,2.65
-80.61156034469604,33.75130891799927,2.72
-80.6115174293518,33.75130891799927,2.75
-80.61147451400757,33.75130891799927,2.79
-80.61143159866333,33.75130891799927,2.81
-80.61138868331909,33.75130891799927,2.82
-80.61134576797485,33.75130891799927,2.8
-80.61130285263062,33.75130891799927,2.75
-80.61125993728638,33.75130891799927,2.7
-80.61121702194214,33.75130891799927,2.67
-80.6111741065979,33.75130891799927,2.59
-80.61113119125366,33.75130891799927,2.52
-80.61108827590942,33.75130891799927,2.45
-80.61104536056519,33.75130891799927,2.41
-80.61100244522095,33.75130891799927,2.32
-80.61095952987671,33.75130891799927,2.3
-80.61091661453247,33.75130891799927,2.28
-80.61087369918823,33.75130891799927,2.27
-80.610830783844,33.75130891799927,2.25
-80.61168909072876,33.75126600265503,2.68
-80.61164617538452,33.75126600265503,2.65
-80.61160326004028,33.75126600265503,2.65
-80.61156034469604,33.75126600265503,2.69
-80.6115174293518,33.75126600265503,2.71
-80.61147451400757,33.75126600265503,2.77
-80.61143159866333,33.75126600265503,2.8
-80.61138868331909,33.75126600265503,2.82
-80.61134576797485,33.75126600265503,2.82
-80.61130285263062,33.75126600265503,2.8
-80.61125993728638,33.75126600265503,2.76
-80.61121702194214,33.75126600265503,2.74
-80.6111741065979,33.75126600265503,2.66
-80.61113119125366,33.75126600265503,2.59
-80.61108827590942,33.75126600265503,2.51
-80.61104536056519,33.75126600265503,2.46
-80.61100244522095,33.75126600265503,2.37
-80.61095952987671,33.75126600265503,2.34
-80.61091661453247,33.75126600265503,2.3
-80.61087369918823,33.75126600265503,2.29
-80.611732006073,33.75122308731079,2.66
-80.61168909072876,33.75122308731079,2.67
-80.61164617538452,33.75122308731079,2.7
-80.61160326004028,33.75122308731079,2.72
-80.61156034469604,33.75122308731079,2.73
-80.6115174293518,33.75122308731079,2.76
-80.61147451400757,33.75122308731079,2.79
-80.61143159866333,33.75122308731079,2.81
-80.61138868331909,33.75122308731079,2.84
-80.61134576797485,33.75122308731079,2.85
-80.61130285263062,33.75122308731079,2.82
-80.61125993728638,33.75122308731079,2.79
-80.61121702194214,33.75122308731079,2.78
-80.6111741065979,33.75122308731079,2.71
-80.61113119125366,33.75122308731079,2.64
-80.61108827590942,33.75122308731079,2.56
-80.61104536056519,33.75122308731079,2.5
-80.61100244522095,33.75122308731079,2.42
-80.61095952987671,33.75122308731079,2.38
-80.61091661453247,33.75122308731079,2.34
-80.61087369918823,33.75122308731079,2.33
-80.61340570449829,33.75118017196655,2.09
-80.61336278915405,33.75118017196655,2.06
-80.61331987380981,33.75118017196655,2.07
-80.61327695846558,33.75118017196655,2.07
-80.61323404312134,33.75118017196655,2.04
-80.6131911277771,33.75118017196655,2.0
-80.61314821243286,33.75118017196655,1.99
-80.61310529708862,33.75118017196655,1.96
-80.61306238174438,33.75118017196655,1.91
-80.61276197433472,33.75118017196655,1.2
-80.61271905899048,33.75118017196655,1.2
-80.61267614364624,33.75118017196655,1.21
-80.612633228302,33.75118017196655,1.24
-80.61259031295776,33.75118017196655,1.26
-80.61254739761353,33.75118017196655,1.28
-80.61250448226929,33.75118017196655,1.3
-80.61246156692505,33.75118017196655,1.32
-80.61241865158081,33.75118017196655,1.36
-80.6120753288269,33.75118017196655,1.47
-80.61203241348267,33.75118017196655,1.56
-80.61198949813843,33.75118017196655,1.68
-80.61194658279419,33.75118017196655,1.84
-80.61190366744995,33.75118017196655,2.0
-80.61186075210571,33.75118017196655,2.19
-80.61181783676147,33.75118017196655,2.37
-80.61177492141724,33.75118017196655,2.51
-80.611732006073,33.75118017196655,2.62
-80.61168909072876,33.75118017196655,2.67
-80.61164617538452,33.75118017196655,2.71
-80.61160326004028,33.75118017196655,2.73
-80.61156034469604,33.75118017196655,2.75
-80.6115174293518,33.75118017196655,2.78
-80.61147451400757,33.75118017196655,2.8
-80.61143159866333,33.75118017196655,2.81
-80.61138868331909,33.75118017196655,2.84
-80.61134576797485,33.75118017196655,2.87
-80.61130285263062,33.75118017196655,2.85
-80.61125993728638,33.75118017196655,2.84
-80.61121702194214,33.75118017196655,2.83
-80.6111741065979,33.75118017196655,2.77
-80.61113119125366,33.75118017196655,2.71
-80.61108827590942,33.75118017196655,2.63
-80.61104536056519,33.75118017196655,2.56
-80.61100244522095,33.75118017196655,2.46
-80.61095952987671,33.75118017196655,2.41
-80.61091661453247,33.75118017196655,2.34
-80.6137490272522,33.751137256622314,1.98
-80.61370611190796,33.751137256622314,2.04
-80.61366319656372,33.751137256622314,2.15
-80.61362028121948,33.751137256622314,2.25
-80.61357736587524,33.751137256622314,2.28
-80.613534450531,33.751137256622314,2.27
-80.61349153518677,33.751137256622314,2.21
-80.61344861984253,33.751137256622314,2.17
-80.61340570449829,33.751137256622314,2.11
-80.61336278915405,33.751137256622314,2.09
-80.61331987380981,33.751137256622314,2.08
-80.61327695846558,33.751137256622314,2.07
-80.61323404312134,33.751137256622314,2.04
-80.6131911277771,33.751137256622314,2.01
-80.61314821243286,33.751137256622314,1.98
-80.61310529708862,33.751137256622314,1.94
-80.61306238174438,33.751137256622314,1.91
-80.61301946640015,33.751137256622314,1.85
-80.61297655105591,33.751137256622314,1.76
-80.61293363571167,33.751137256622314,1.63
-80.61289072036743,33.751137256622314,1.51
-80.6128478050232,33.751137256622314,1.37
-80.61280488967896,33.751137256622314,1.28
-80.61276197433472,33.751137256622314,1.22
-80.61271905899048,33.751137256622314,1.2
-80.61267614364624,33.751137256622314,1.22
-80.612633228302,33.751137256622314,1.25
-80.61259031295776,33.751137256622314,1.29
-80.61254739761353,33.751137256622314,1.32
-80.61250448226929,33.751137256622314,1.35
-80.61246156692505,33.751137256622314,1.39
-80.61241865158081,33.751137256622314,1.43
-80.61237573623657,33.751137256622314,1.45
-80.61233282089233,33.751137256622314,1.47
-80.61220407485962,33.751137256622314,1.39
-80.61216115951538,33.751137256622314,1.39
-80.61211824417114,33.751137256622314,1.41
-80.6120753288269,33.751137256622314,1.44
-80.61203241348267,33.751137256622314,1.52
-80.61198949813843,33.751137256622314,1.62
-80.61194658279419,33.751137256622314,1.76
-80.61190366744995,33.751137256622314,1.91
-80.61186075210571,33.751137256622314,2.09
-80.61181783676147,33.751137256622314,2.26
-80.61177492141724,33.751137256622314,2.42
-80.611732006073,33.751137256622314,2.55
-80.61168909072876,33.751137256622314,2.64
-80.61164617538452,33.751137256622314,2.71
-80.61160326004028,33.751137256622314,2.76
-80.61156034469604,33.751137256622314,2.79
-80.6115174293518,33.751137256622314,2.84
-80.61147451400757,33.751137256622314,2.84
-80.61143159866333,33.751137256622314,2.85
-80.61138868331909,33.751137256622314,2.87
-80.61134576797485,33.751137256622314,2.87
-80.61130285263062,33.751137256622314,2.84
-80.61125993728638,33.751137256622314,2.85
-80.61121702194214,33.751137256622314,2.84
-80.6111741065979,33.751137256622314,2.8
-80.61113119125366,33.751137256622314,2.76
-80.61108827590942,33.751137256622314,2.68
-80.61104536056519,33.751137256622314,2.61
-80.61100244522095,33.751137256622314,2.5
-80.61671018600464,33.751094341278076,5.06
-80.6166672706604,33.751094341278076,5.03
-80.61662435531616,33.751094341278076,5.0
-80.61658143997192,33.751094341278076,4.98
-80.61653852462769,33.751094341278076,4.88
-80.61649560928345,33.751094341278076,4.77
-80.61645269393921,33.751094341278076,4.62
-80.61640977859497,33.751094341278076,4.42
-80.61636686325073,33.751094341278076,4.22
-80.6163239479065,33.751094341278076,4.04
-80.61628103256226,33.751094341278076,3.86
-80.61623811721802,33.751094341278076,3.72
-80.61619520187378,33.751094341278076,3.6
-80.61615228652954,33.751094341278076,3.48
-80.6161093711853,33.751094341278076,3.38
-80.61606645584106,33.751094341278076,3.25
-80.61602354049683,33.751094341278076,3.12
-80.61598062515259,33.751094341278076,2.96
-80.61593770980835,33.751094341278076,2.81
-80.61589479446411,33.751094341278076,2.63
-80.61585187911987,33.751094341278076,2.56
-80.61392068862915,33.751094341278076,1.87
-80.61387777328491,33.751094341278076,1.86
-80.61383485794067,33.751094341278076,1.86
-80.61379194259644,33.751094341278076,1.91
-80.6137490272522,33.751094341278076,1.95
-80.61370611190796,33.751094341278076,2.02
-80.61366319656372,33.751094341278076,2.11
-80.61362028121948,33.751094341278076,2.2
-80.61357736587524,33.751094341278076,2.25
-80.613534450531,33.751094341278076,2.28
-80.61349153518677,33.751094341278076,2.23
-80.61344861984253,33.751094341278076,2.19
-80.61340570449829,33.751094341278076,2.13
-80.61336278915405,33.751094341278076,2.1
-80.61331987380981,33.751094341278076,2.08
-80.61327695846558,33.751094341278076,2.08
-80.61323404312134,33.751094341278076,2.07
-80.6131911277771,33.751094341278076,2.05
-80.61314821243286,33.751094341278076,2.02
-80.61310529708862,33.751094341278076,1.98
-80.61306238174438,33.751094341278076,1.95
-80.61301946640015,33.751094341278076,1.9
-80.61297655105591,33.751094341278076,1.83
-80.61293363571167,33.751094341278076,1.71
-80.61289072036743,33.751094341278076,1.6
-80.6128478050232,33.751094341278076,1.47
-80.61280488967896,33.751094341278076,1.37
-80.61276197433472,33.751094341278076,1.3
-80.61271905899048,33.751094341278076,1.28
-80.61267614364624,33.751094341278076,1.28
-80.612633228302,33.751094341278076,1.3
-80.61259031295776,33.751094341278076,1.32
-80.61254739761353,33.751094341278076,1.34
-80.61250448226929,33.751094341278076,1.38
-80.61246156692505,33.751094341278076,1.42
-80.61241865158081,33.751094341278076,1.47
-80.61237573623657,33.751094341278076,1.49
-80.61233282089233,33.751094341278076,1.51
-80.6122899055481,33.751094341278076,1.49
-80.61224699020386,33.751094341278076,1.44
-80.61220407485962,33.751094341278076,1.38
-80.61216115951538,33.751094341278076,1.37
-80.61211824417114,33.751094341278076,1.38
-80.6120753288269,33.751094341278076,1.41
-80.61203241348267,33.751094341278076,1.48
-80.61198949813843,33.751094341278076,1.57
-80.61194658279419,33.751094341278076,1.69
-80.61190366744995,33.751094341278076,1.82
-80.61186075210571,33.751094341278076,1.98
-80.61181783676147,33.751094341278076,2.14
-80.61177492141724,33.751094341278076,2.3
-80.611732006073,33.751094341278076,2.44
-80.61168909072876,33.751094341278076,2.55
-80.61164617538452,33.751094341278076,2.65
-80.61160326004028,33.751094341278076,2.73
-80.61156034469604,33.751094341278076,2.79
-80.6115174293518,33.751094341278076,2.87
-80.61147451400757,33.751094341278076,2.89
-80.61143159866333,33.751094341278076,2.91
-80.61138868331909,33.751094341278076,2.91
-80.61134576797485,33.751094341278076,2.9
-80.61130285263062,33.751094341278076,2.85
-80.61125993728638,33.751094341278076,2.87
-80.61121702194214,33.751094341278076,2.84
-80.6111741065979,33.751094341278076,2.82
-80.61113119125366,33.751094341278076,2.79
-80.61108827590942,33.751094341278076,2.72
-80.61104536056519,33.751094341278076,2.66
-80.61688184738159,33.75105142593384,5.01
-80.61683893203735,33.75105142593384,5.04
-80.61679601669312,33.75105142593384,5.06
-80.61675310134888,33.75105142593384,5.07
-80.61671018600464,33.75105142593384,5.08
-80.6166672706604,33.75105142593384,5.07
-80.61662435531616,33.75105142593384,5.04
-80.61658143997192,33.75105142593384,5.0
-80.61653852462769,33.75105142593384,4.89
-80.61649560928345,33.75105142593384,4.76
-80.61645269393921,33.75105142593384,4.58
-80.61640977859497,33.75105142593384,4.38
-80.61636686325073,33.75105142593384,4.17
-80.6163239479065,33.75105142593384,3.99
-80.61628103256226,33.75105142593384,3.81
-80.61623811721802,33.75105142593384,3.66
-80.61619520187378,33.75105142593384,3.54
-80.61615228652954,33.75105142593384,3.42
-80.6161093711853,33.75105142593384,3.31
-80.61606645584106,33.75105142593384,3.18
-80.61602354049683,33.75105142593384,3.04
-80.61598062515259,33.75105142593384,2.88
-80.61593770980835,33.75105142593384,2.74
-80.61589479446411,33.75105142593384,2.6
-80.61585187911987,33.75105142593384,2.55
-80.61580896377563,33.75105142593384,2.53
-80.6157660484314,33.75105142593384,2.53
-80.61572313308716,33.75105142593384,2.48
-80.61568021774292,33.75105142593384,2.45
-80.61400651931763,33.75105142593384,1.82
-80.61396360397339,33.75105142593384,1.85
-80.61392068862915,33.75105142593384,1.85
-80.61387777328491,33.75105142593384,1.85
-80.61383485794067,33.75105142593384,1.86
-80.61379194259644,33.75105142593384,1.9
-80.6137490272522,33.75105142593384,1.92
-80.61370611190796,33.75105142593384,1.98
-80.61366319656372,33.75105142593384,2.04
-80.61362028121948,33.75105142593384,2.11
-80.61357736587524,33.75105142593384,2.16
-80.613534450531,33.75105142593384,2.19
-80.61349153518677,33.75105142593384,2.18
-80.61344861984253,33.75105142593384,2.18
-80.61340570449829,33.75105142593384,2.16
-80.61336278915405,33.75105142593384,2.14
-80.61331987380981,33.75105142593384,2.12
-80.61327695846558,33.75105142593384,2.11
-80.61323404312134,33.75105142593384,2.08
-80.6131911277771,33.75105142593384,2.06
-80.61314821243286,33.75105142593384,2.04
-80.61310529708862,33.75105142593384,2.0
-80.61306238174438,33.75105142593384,1.99
-80.61301946640015,33.75105142593384,1.96
-80.61297655105591,33.75105142593384,1.91
-80.61293363571167,33.75105142593384,1.83
-80.61289072036743,33.75105142593384,1.74
-80.6128478050232,33.75105142593384,1.63
-80.61280488967896,33.75105142593384,1.54
-80.61276197433472,33.75105142593384,1.48
-80.61271905899048,33.75105142593384,1.46
-80.61267614364624,33.75105142593384,1.47
-80.612633228302,33.75105142593384,1.49
-80.61259031295776,33.75105142593384,1.51
-80.61254739761353,33.75105142593384,1.51
-80.61250448226929,33.75105142593384,1.52
-80.61246156692505,33.75105142593384,1.53
-80.61241865158081,33.75105142593384,1.55
-80.61237573623657,33.75105142593384,1.57
-80.61233282089233,33.75105142593384,1.58
-80.6122899055481,33.75105142593384,1.56
-80.61224699020386,33.75105142593384,1.52
-80.61220407485962,33.75105142593384,1.45
-80.61216115951538,33.75105142593384,1.42
-80.61211824417114,33.75105142593384,1.39
-80.6120753288269,33.75105142593384,1.4
-80.61203241348267,33.75105142593384,1.44
-80.61198949813843,33.75105142593384,1.52
-80.61194658279419,33.75105142593384,1.62
-80.61190366744995,33.75105142593384,1.74
-80.61186075210571,33.75105142593384,1.86
-80.61181783676147,33.75105142593384,2.0
-80.61177492141724,33.75105142593384,2.14
-80.611732006073,33.75105142593384,2.29
-80.61168909072876,33.75105142593384,2.43
-80.61164617538452,33.75105142593384,2.58
-80.61160326004028,33.75105142593384,2.7
-80.61156034469604,33.75105142593384,2.79
-80.6115174293518,33.75105142593384,2.9
-80.61147451400757,33.75105142593384,2.93
-80.61143159866333,33.75105142593384,2.96
-80.61138868331909,33.75105142593384,2.95
-80.61134576797485,33.75105142593384,2.93
-80.61130285263062,33.75105142593384,2.88
-80.61125993728638,33.75105142593384,2.89
-80.61121702194214,33.75105142593384,2.85
-80.6111741065979,33.75105142593384,2.84
-80.61113119125366,33.75105142593384,2.82
-80.61692476272583,33.7510085105896,4.95
-80.61688184738159,33.7510085105896,4.98
-80.61683893203735,33.7510085105896,5.02
-80.61679601669312,33.7510085105896,5.04
-80.61675310134888,33.7510085105896,5.06
-80.61671018600464,33.7510085105896,5.07
-80.6166672706604,33.7510085105896,5.07
-80.61662435531616,33.7510085105896,5.03
-80.61658143997192,33.7510085105896,4.96
-80.61653852462769,33.7510085105896,4.85
-80.61649560928345,33.7510085105896,4.72
-80.61645269393921,33.7510085105896,4.54
-80.61640977859497,33.7510085105896,4.36
-80.61636686325073,33.7510085105896,4.17
-80.6163239479065,33.7510085105896,4.0
-80.61628103256226,33.7510085105896,3.81
-80.61623811721802,33.7510085105896,3.66
-80.61619520187378,33.7510085105896,3.54
-80.61615228652954,33.7510085105896,3.41
-80.6161093711853,33.7510085105896,3.28
-80.61606645584106,33.7510085105896,3.13
-80.61602354049683,33.7510085105896,2.99
-80.61598062515259,33.7510085105896,2.83
-80.61593770980835,33.7510085105896,2.7
-80.61589479446411,33.7510085105896,2.6
-80.61585187911987,33.7510085105896,2.56
-80.61580896377563,33.7510085105896,2.52
-80.6157660484314,33.7510085105896,2.51
-80.61572313308716,33.7510085105896,2.47
-80.61568021774292,33.7510085105896,2.43
-80.61563730239868,33.7510085105896,2.4
-80.61559438705444,33.7510085105896,2.39
-80.6155514717102,33.7510085105896,2.36
-80.61469316482544,33.7510085105896,2.97
-80.6146502494812,33.7510085105896,2.94
-80.61460733413696,33.7510085105896,2.91
-80.61456441879272,33.7510085105896,2.88
-80.61452150344849,33.7510085105896,2.85
-80.61447858810425,33.7510085105896,2.79
-80.61443567276001,33.7510085105896,2.73
-80.61439275741577,33.7510085105896,2.6
-80.61434984207153,33.7510085105896,2.45
-80.61422109603882,33.7510085105896,1.91
-80.61417818069458,33.7510085105896,1.87
-80.61413526535034,33.7510085105896,1.84
-80.6140923500061,33.7510085105896,1.83
-80.61404943466187,33.7510085105896,1.83
-80.61400651931763,33.7510085105896,1.82
-80.61396360397339,33.7510085105896,1.84
-80.61392068862915,33.7510085105896,1.85
-80.61387777328491,33.7510085105896,1.85
-80.61383485794067,33.7510085105896,1.86
-80.61379194259644,33.7510085105896,1.88
-80.6137490272522,33.7510085105896,1.89
-80.61370611190796,33.7510085105896,1.93
-80.61366319656372,33.7510085105896,1.97
-80.61362028121948,33.7510085105896,2.03
-80.61357736587524,33.7510085105896,2.08
-80.613534450531,33.7510085105896,2.14
-80.61349153518677,33.7510085105896,2.15
-80.61344861984253,33.7510085105896,2.17
-80.61340570449829,33.7510085105896,2.17
-80.61336278915405,33.7510085105896,2.17
-80.61331987380981,33.7510085105896,2.15
-80.61327695846558,33.7510085105896,2.15
-80.61323404312134,33.7510085105896,2.13
-80.6131911277771,33.7510085105896,2.11
-80.61314821243286,33.7510085105896,2.09
-80.61310529708862,33.7510085105896,2.07
-80.61306238174438,33.7510085105896,2.07
-80.61301946640015,33.7510085105896,2.06
-80.61297655105591,33.7510085105896,2.05
-80.61293363571167,33.7510085105896,1.99
-80.61289072036743,33.7510085105896,1.92
-80.6128478050232,33.7510085105896,1.82
-80.61280488967896,33.7510085105896,1.73
-80.61276197433472,33.7510085105896,1.67
-80.61271905899048,33.7510085105896,1.64
-80.61267614364624,33.7510085105896,1.65
-80.612633228302,33.7510085105896,1.67
-80.61259031295776,33.7510085105896,1.67
-80.61254739761353,33.7510085105896,1.66
-80.61250448226929,33.7510085105896,1.66
-80.61246156692505,33.7510085105896,1.64
-80.61241865158081,33.7510085105896,1.64
-80.61237573623657,33.7510085105896,1.64
-80.61233282089233,33.7510085105896,1.64
-80.6122899055481,33.7510085105896,1.6
-80.61224699020386,33.7510085105896,1.55
-80.61220407485962,33.7510085105896,1.48
-80.61216115951538,33.7510085105896,1.44
-80.61211824417114,33.7510085105896,1.39
-80.6120753288269,33.7510085105896,1.39
-80.61203241348267,33.7510085105896,1.4
-80.61198949813843,33.7510085105896,1.45
-80.61194658279419,33.7510085105896,1.53
-80.61190366744995,33.7510085105896,1.63
-80.61186075210571,33.7510085105896,1.75
-80.61181783676147,33.7510085105896,1.89
-80.61177492141724,33.7510085105896,2.04
-80.611732006073,33.7510085105896,2.18
-80.61168909072876,33.7510085105896,2.32
-80.61164617538452,33.7510085105896,2.44
-80.61160326004028,33.7510085105896,2.57
-80.61156034469604,33.7510085105896,2.69
-80.6115174293518,33.7510085105896,2.82
-80.61147451400757,33.7510085105896,2.88
-80.61143159866333,33.7510085105896,2.97
-80.61138868331909,33.7510085105896,2.96
-80.61134576797485,33.7510085105896,2.95
-80.61130285263062,33.7510085105896,2.91
-80.61125993728638,33.7510085105896,2.91
-80.61121702194214,33.7510085105896,2.84
-80.6170105934143,33.75096559524536,4.85
-80.61696767807007,33.75096559524536,4.89
-80.61692476272583,33.75096559524536,4.92
-80.61688184738159,33.75096559524536,4.96
-80.61683893203735,33.75096559524536,4.99
-80.61679601669312,33.75096559524536,5.03
-80.61675310134888,33.75096559524536,5.06
-80.61671018600464,33.75096559524536,5.08
-80.6166672706604,33.75096559524536,5.05
-80.61662435531616,33.75096559524536,5.01
-80.61658143997192,33.75096559524536,4.94
-80.61653852462769,33.75096559524536,4.84
-80.61649560928345,33.75096559524536,4.69
-80.61645269393921,33.75096559524536,4.52
-80.61640977859497,33.75096559524536,4.31
-80.61636686325073,33.75096559524536,4.08
-80.6163239479065,33.75096559524536,3.86
-80.61628103256226,33.75096559524536,3.67
-80.61623811721802,33.75096559524536,3.52
-80.61619520187378,33.75096559524536,3.41
-80.61615228652954,33.75096559524536,3.3
-80.6161093711853,33.75096559524536,3.19
-80.61606645584106,33.75096559524536,3.05
-80.61602354049683,33.75096559524536,2.92
-80.61598062515259,33.75096559524536,2.77
-80.61593770980835,33.75096559524536,2.66
-80.61589479446411,33.75096559524536,2.56
-80.61585187911987,33.75096559524536,2.52
-80.61580896377563,33.75096559524536,2.48
-80.6157660484314,33.75096559524536,2.46
-80.61572313308716,33.75096559524536,2.43
-80.61568021774292,33.75096559524536,2.42
-80.61563730239868,33.75096559524536,2.39
-80.61559438705444,33.75096559524536,2.39
-80.6155514717102,33.75096559524536,2.37
-80.61550855636597,33.75096559524536,2.37
-80.61546564102173,33.75096559524536,2.37
-80.61542272567749,33.75096559524536,2.39
-80.61537981033325,33.75096559524536,2.42
-80.61533689498901,33.75096559524536,2.52
-80.61486482620239,33.75096559524536,2.98
-80.61482191085815,33.75096559524536,3.0
-80.61477899551392,33.75096559524536,3.02
-80.61473608016968,33.75096559524536,3.01
-80.61469316482544,33.75096559524536,2.99
-80.6146502494812,33.75096559524536,2.97
-80.61460733413696,33.75096559524536,2.94
-80.61456441879272,33.75096559524536,2.89
-80.61452150344849,33.75096559524536,2.85
-80.61447858810425,33.75096559524536,2.78
-80.61443567276001,33.75096559524536,2.68
-80.61439275741577,33.75096559524536,2.53
-80.61434984207153,33.75096559524536,2.39
-80.6143069267273,33.75096559524536,2.21
-80.61426401138306,33.75096559524536,2.05
-80.61422109603882,33.75096559524536,1.95
-80.61417818069458,33.75096559524536,1.91
-80.61413526535034,33.75096559524536,1.89
-80.6140923500061,33.75096559524536,1.87
-80.61404943466187,33.75096559524536,1.86
-80.61400651931763,33.75096559524536,1.84
-80.61396360397339,33.75096559524536,1.84
-80.61392068862915,33.75096559524536,1.84
-80.61387777328491,33.75096559524536,1.85
-80.61383485794067,33.75096559524536,1.84
-80.61379194259644,33.75096559524536,1.85
-80.6137490272522,33.75096559524536,1.84
-80.61370611190796,33.75096559524536,1.87
-80.61366319656372,33.75096559524536,1.88
-80.61362028121948,33.75096559524536,1.91
-80.61357736587524,33.75096559524536,1.97
-80.613534450531,33.75096559524536,2.05
-80.61349153518677,33.75096559524536,2.09
-80.61344861984253,33.75096559524536,2.14
-80.61340570449829,33.75096559524536,2.18
-80.61336278915405,33.75096559524536,2.2
-80.61331987380981,33.75096559524536,2.18
-80.61327695846558,33.75096559524536,2.17
-80.61323404312134,33.75096559524536,2.15
-80.6131911277771,33.75096559524536,2.13
-80.61314821243286,33.75096559524536,2.13
-80.61310529708862,33.75096559524536,2.11
-80.61306238174438,33.75096559524536,2.13
-80.61301946640015,33.75096559524536,2.15
-80.61297655105591,33.75096559524536,2.16
-80.61293363571167,33.75096559524536,2.12
-80.61289072036743,33.75096559524536,2.08
-80.6128478050232,33.75096559524536,1.99
-80.61280488967896,33.75096559524536,1.91
-80.61276197433472,33.75096559524536,1.84
-80.61271905899048,33.75096559524536,1.81
-80.61267614364624,33.75096559524536,1.82
-80.612633228302,33.75096559524536,1.84
-80.61259031295776,33.75096559524536,1.85
-80.61254739761353,33.75096559524536,1.83
-80.61250448226929,33.75096559524536,1.8
-80.61246156692505,33.75096559524536,1.75
-80.61241865158081,33.75096559524536,1.73
-80.61237573623657,33.75096559524536,1.71
-80.61233282089233,33.75096559524536,1.71
-80.6122899055481,33.75096559524536,1.68
-80.61224699020386,33.75096559524536,1.63
-80.61220407485962,33.75096559524536,1.56
-80.61216115951538,33.75096559524536,1.5
-80.61211824417114,33.75096559524536,1.43
-80.6120753288269,33.75096559524536,1.4
-80.61203241348267,33.75096559524536,1.4
-80.61198949813843,33.75096559524536,1.43
-80.61194658279419,33.75096559524536,1.49
-80.61190366744995,33.75096559524536,1.57
-80.61186075210571,33.75096559524536,1.66
-80.61181783676147,33.75096559524536,1.78
-80.61177492141724,33.75096559524536,1.9
-80.611732006073,33.75096559524536,2.03
-80.61168909072876,33.75096559524536,2.16
-80.61164617538452,33.75096559524536,2.3
-80.61160326004028,33.75096559524536,2.45
-80.61156034469604,33.75096559524536,2.59
-80.6115174293518,33.75096559524536,2.74
-80.61147451400757,33.75096559524536,2.83
-80.61143159866333,33.75096559524536,2.95
-80.61138868331909,33.75096559524536,2.98
-80.61134576797485,33.75096559524536,2.98
-80.61130285263062,33.75096559524536,2.94
-80.61125993728638,33.75096559524536,2.93
-80.61709642410278,33.75092267990112,4.81
-80.61705350875854,33.75092267990112,4.81
-80.6170105934143,33.75092267990112,4.83
-80.61696767807007,33.75092267990112,4.85
-80.61692476272583,33.75092267990112,4.88
-80.61688184738159,33.75092267990112,4.91
-80.61683893203735,33.75092267990112,4.95
-80.61679601669312,33.75092267990112,4.99
-80.61675310134888,33.75092267990112,5.02
-80.61671018600464,33.75092267990112,5.0
-80.6166672706604,33.75092267990112,4.95
-80.61662435531616,33.75092267990112,4.89
-80.61658143997192,33.75092267990112,4.75
-80.61653852462769,33.75092267990112,4.59
-80.61649560928345,33.75092267990112,4.42
-80.61645269393921,33.75092267990112,4.23
-80.61640977859497,33.75092267990112,4.02
-80.61636686325073,33.75092267990112,3.84
-80.6163239479065,33.75092267990112,3.65
-80.61628103256226,33.75092267990112,3.49
-80.61623811721802,33.75092267990112,3.37
-80.61619520187378,33.75092267990112,3.26
-80.61615228652954,33.75092267990112,3.16
-80.6161093711853,33.75092267990112,3.06
-80.61606645584106,33.75092267990112,2.94
-80.61602354049683,33.75092267990112,2.82
-80.61598062515259,33.75092267990112,2.7
-80.61593770980835,33.75092267990112,2.61
-80.61589479446411,33.75092267990112,2.56
-80.61585187911987,33.75092267990112,2.53
-80.61580896377563,33.75092267990112,2.5
-80.6157660484314,33.75092267990112,2.47
-80.61572313308716,33.75092267990112,2.44
-80.61568021774292,33.75092267990112,2.4
-80.61563730239868,33.75092267990112,2.37
-80.61559438705444,33.75092267990112,2.37
-80.6155514717102,33.75092267990112,2.35
-80.61550855636597,33.75092267990112,2.36
-80.61546564102173,33.75092267990112,2.37
-80.61542272567749,33.75092267990112,2.4
-80.61537981033325,33.75092267990112,2.46
-80.61533689498901,33.75092267990112,2.55
-80.61529397964478,33.75092267990112,2.66
-80.61525106430054,33.75092267990112,2.76
-80.6152081489563,33.75092267990112,2.84
-80.61516523361206,33.75092267990112,2.91
-80.61512231826782,33.75092267990112,2.98
-80.61507940292358,33.75092267990112,3.0
-80.61503648757935,33.75092267990112,3.01
-80.61499357223511,33.75092267990112,3.0
-80.61495065689087,33.75092267990112,2.98
-80.61490774154663,33.75092267990112,2.96
-80.61486482620239,33.75092267990112,2.97
-80.61482191085815,33.75092267990112,2.99
-80.61477899551392,33.75092267990112,3.01
-80.61473608016968,33.75092267990112,3.02
-80.61469316482544,33.75092267990112,3.01
-80.6146502494812,33.75092267990112,2.99
-80.61460733413696,33.75092267990112,2.95
-80.61456441879272,33.75092267990112,2.91
-80.61452150344849,33.75092267990112,2.83
-80.61447858810425,33.75092267990112,2.73
-80.61443567276001,33.75092267990112,2.61
-80.61439275741577,33.75092267990112,2.45
-80.61434984207153,33.75092267990112,2.29
-80.6143069267273,33.75092267990112,2.15
-80.61426401138306,33.75092267990112,2.03
-80.61422109603882,33.75092267990112,1.95
-80.61417818069458,33.75092267990112,1.92
-80.61413526535034,33.75092267990112,1.9
-80.6140923500061,33.75092267990112,1.87
-80.61404943466187,33.75092267990112,1.85
-80.61400651931763,33.75092267990112,1.82
-80.61396360397339,33.75092267990112,1.82
-80.61392068862915,33.75092267990112,1.81
-80.61387777328491,33.75092267990112,1.82
-80.61383485794067,33.75092267990112,1.83
-80.61379194259644,33.75092267990112,1.83
-80.6137490272522,33.75092267990112,1.82
-80.61370611190796,33.75092267990112,1.83
-80.61366319656372,33.75092267990112,1.82
-80.61362028121948,33.75092267990112,1.83
-80.61357736587524,33.75092267990112,1.88
-80.613534450531,33.75092267990112,1.95
-80.61349153518677,33.75092267990112,2.01
-80.61344861984253,33.75092267990112,2.09
-80.61340570449829,33.75092267990112,2.16
-80.61336278915405,33.75092267990112,2.2
-80.61331987380981,33.75092267990112,2.21
-80.61327695846558,33.75092267990112,2.21
-80.61323404312134,33.75092267990112,2.18
-80.6131911277771,33.75092267990112,2.17
-80.61314821243286,33.75092267990112,2.17
-80.61310529708862,33.75092267990112,2.16
-80.61306238174438,33.75092267990112,2.18
-80.61301946640015,33.75092267990112,2.21
-80.61297655105591,33.75092267990112,2.24
-80.61293363571167,33.75092267990112,2.22
-80.61289072036743,33.75092267990112,2.21
-80.6128478050232,33.75092267990112,2.14
-80.61280488967896,33.75092267990112,2.08
-80.61276197433472,33.75092267990112,2.02
-80.61271905899048,33.75092267990112,1.99
-80.61267614364624,33.75092267990112,2.0
-80.612633228302,33.75092267990112,2.01
-80.61259031295776,33.75092267990112,2.01
-80.61254739761353,33.75092267990112,1.98
-80.61250448226929,33.75092267990112,1.93
-80.61246156692505,33.75092267990112,1.85
-80.61241865158081,33.75092267990112,1.82
-80.61237573623657,33.75092267990112,1.78
-80.61233282089233,33.75092267990112,1.76
-80.6122899055481,33.75092267990112,1.71
-80.61224699020386,33.75092267990112,1.67
-80.61220407485962,33.75092267990112,1.59
-80.61216115951538,33.75092267990112,1.53
-80.61211824417114,33.75092267990112,1.46
-80.6120753288269,33.75092267990112,1.42
-80.61203241348267,33.75092267990112,1.41
-80.61198949813843,33.75092267990112,1.42
-80.61194658279419,33.75092267990112,1.46
-80.61190366744995,33.75092267990112,1.52
-80.61186075210571,33.75092267990112,1.59
-80.61181783676147,33.75092267990112,1.69
-80.61177492141724,33.75092267990112,1.8
-80.611732006073,33.75092267990112,1.92
-80.61168909072876,33.75092267990112,2.05
-80.61164617538452,33.75092267990112,2.18
-80.61160326004028,33.75092267990112,2.33
-80.61156034469604,33.75092267990112,2.48
-80.6115174293518,33.75092267990112,2.64
-80.61147451400757,33.75092267990112,2.78
-80.61143159866333,33.75092267990112,2.94
-80.61138868331909,33.75092267990112,2.99
-80.61134576797485,33.75092267990112,3.01
-80.61709642410278,33.750879764556885,4.79
-80.61705350875854,33.750879764556885,4.8
-80.6170105934143,33.750879764556885,4.81
-80.61696767807007,33.750879764556885,4.83
-80.61692476272583,33.750879764556885,4.85
-80.61688184738159,33.750879764556885,4.88
-80.61683893203735,33.750879764556885,4.91
-80.61679601669312,33.750879764556885,4.95
-80.61675310134888,33.750879764556885,4.94
-80.61671018600464,33.750879764556885,4.87
-80.6166672706604,33.750879764556885,4.78
-80.61662435531616,33.750879764556885,4.67
-80.61658143997192,33.750879764556885,4.52
-80.61653852462769,33.750879764556885,4.42
-80.61649560928345,33.750879764556885,4.29
-80.61645269393921,33.750879764556885,4.14
-80.61640977859497,33.750879764556885,3.95
-80.61636686325073,33.750879764556885,3.75
-80.6163239479065,33.750879764556885,3.52
-80.61628103256226,33.750879764556885,3.35
-80.61623811721802,33.750879764556885,3.22
-80.61619520187378,33.750879764556885,3.13
-80.61615228652954,33.750879764556885,3.05
-80.6161093711853,33.750879764556885,2.98
-80.61606645584106,33.750879764556885,2.9
-80.61602354049683,33.750879764556885,2.79
-80.61598062515259,33.750879764556885,2.68
-80.61593770980835,33.750879764556885,2.6
-80.61589479446411,33.750879764556885,2.54
-80.61585187911987,33.750879764556885,2.5
-80.61580896377563,33.750879764556885,2.46
-80.6157660484314,33.750879764556885,2.44
-80.61572313308716,33.750879764556885,2.42
-80.61568021774292,33.750879764556885,2.4
-80.61563730239868,33.750879764556885,2.37
-80.61559438705444,33.750879764556885,2.39
-80.6155514717102,33.750879764556885,2.38
-80.61550855636597,33.750879764556885,2.38
-80.61546564102173,33.750879764556885,2.4
-80.61542272567749,33.750879764556885,2.44
-80.61537981033325,33.750879764556885,2.51
-80.61533689498901,33.750879764556885,2.6
-80.61529397964478,33.750879764556885,2.71
-80.61525106430054,33.750879764556885,2.8
-80.6152081489563,33.750879764556885,2.85
-80.61516523361206,33.750879764556885,2.91
-80.61512231826782,33.750879764556885,2.97
-80.61507940292358,33.750879764556885,2.99
-80.61503648757935,33.750879764556885,3.0
-80.61499357223511,33.750879764556885,3.01
-80.61495065689087,33.750879764556885,3.0
-80.61490774154663,33.750879764556885,2.98
-80.61486482620239,33.750879764556885,2.98
-80.61482191085815,33.750879764556885,2.99
-80.61477899551392,33.750879764556885,3.0
-80.61473608016968,33.750879764556885,3.01
-80.61469316482544,33.750879764556885,3.0
-80.6146502494812,33.750879764556885,2.99
-80.61460733413696,33.750879764556885,2.96
-80.61456441879272,33.750879764556885,2.9
-80.61452150344849,33.750879764556885,2.82
-80.61447858810425,33.750879764556885,2.71
-80.61443567276001,33.750879764556885,2.56
-80.61439275741577,33.750879764556885,2.4
-80.61434984207153,33.750879764556885,2.26
-80.6143069267273,33.750879764556885,2.14
-80.61426401138306,33.750879764556885,2.05
-80.61422109603882,33.750879764556885,1.99
-80.61417818069458,33.750879764556885,1.96
-80.61413526535034,33.750879764556885,1.93
-80.6140923500061,33.750879764556885,1.9
-80.61404943466187,33.750879764556885,1.87
-80.61400651931763,33.750879764556885,1.84
-80.61396360397339,33.750879764556885,1.82
-80.61392068862915,33.750879764556885,1.81
-80.61387777328491,33.750879764556885,1.81
-80.61383485794067,33.750879764556885,1.81
-80.61379194259644,33.750879764556885,1.82
-80.6137490272522,33.750879764556885,1.81
-80.61370611190796,33.750879764556885,1.79
-80.61366319656372,33.750879764556885,1.77
-80.61362028121948,33.750879764556885,1.77
-80.61357736587524,33.750879764556885,1.79
-80.613534450531,33.750879764556885,1.84
-80.61349153518677,33.750879764556885,1.91
-80.61344861984253,33.750879764556885,2.0
-80.61340570449829,33.750879764556885,2.1
-80.61336278915405,33.750879764556885,2.17
-80.61331987380981,33.750879764556885,2.22
-80.61327695846558,33.750879764556885,2.22
-80.61323404312134,33.750879764556885,2.2
-80.6131911277771,33.750879764556885,2.18
-80.61314821243286,33.750879764556885,2.17
-80.61310529708862,33.750879764556885,2.17
-80.61306238174438,33.750879764556885,2.21
-80.61301946640015,33.750879764556885,2.24
-80.61297655105591,33.750879764556885,2.28
-80.61293363571167,33.750879764556885,2.28
-80.61289072036743,33.750879764556885,2.3
-80.6128478050232,33.750879764556885,2.25
-80.61280488967896,33.750879764556885,2.21
-80.61276197433472,33.750879764556885,2.16
-80.61271905899048,33.750879764556885,2.12
-80.61267614364624,33.750879764556885,2.12
-80.612633228302,33.750879764556885,2.14
-80.61259031295776,33.750879764556885,2.14
-80.61254739761353,33.750879764556885,2.12
-80.61250448226929,33.750879764556885,2.08
-80.61246156692505,33.750879764556885,1.98
-80.61241865158081,33.750879764556885,1.91
-80.61237573623657,33.750879764556885,1.85
-80.61233282089233,33.750879764556885,1.82
-80.6122899055481,33.750879764556885,1.77
-80.61224699020386,33.750879764556885,1.74
-80.61220407485962,33.750879764556885,1.67
-80.61216115951538,33.750879764556885,1.62
-80.61211824417114,33.750879764556885,1.54
-80.6120753288269,33.750879764556885,1.48
-80.61203241348267,33.750879764556885,1.44
-80.61198949813843,33.750879764556885,1.44
-80.61194658279419,33.750879764556885,1.45
-80.61190366744995,33.750879764556885,1.5
-80.61186075210571,33.750879764556885,1.56
-80.61181783676147,33.750879764556885,1.65
-80.61177492141724,33.750879764556885,1.75
-80.611732006073,33.750879764556885,1.86
-80.61168909072876,33.750879764556885,1.98
-80.61164617538452,33.750879764556885,2.11
-80.61160326004028,33.750879764556885,2.26
-80.61156034469604,33.750879764556885,2.41
-80.6115174293518,33.750879764556885,2.56
-80.61147451400757,33.750879764556885,2.71
-80.61143159866333,33.750879764556885,2.87
-80.61713933944702,33.75083684921265,4.72
-80.61709642410278,33.75083684921265,4.75
-80.61705350875854,33.75083684921265,4.76
-80.6170105934143,33.75083684921265,4.78
-80.61696767807007,33.75083684921265,4.8
-80.61692476272583,33.75083684921265,4.82
-80.61688184738159,33.75083684921265,4.85
-80.61683893203735,33.75083684921265,4.86
-80.61679601669312,33.75083684921265,4.84
-80.61675310134888,33.75083684921265,4.74
-80.61671018600464,33.75083684921265,4.61
-80.6166672706604,33.75083684921265,4.46
-80.61662435531616,33.75083684921265,4.32
-80.61658143997192,33.75083684921265,4.18
-80.61653852462769,33.75083684921265,4.12
-80.61649560928345,33.75083684921265,4.04
-80.61645269393921,33.75083684921265,3.91
-80.61640977859497,33.75083684921265,3.74
-80.61636686325073,33.75083684921265,3.56
-80.6163239479065,33.75083684921265,3.35
-80.61628103256226,33.75083684921265,3.19
-80.61623811721802,33.75083684921265,3.09
-80.61619520187378,33.75083684921265,3.02
-80.61615228652954,33.75083684921265,2.97
-80.6161093711853,33.75083684921265,2.91
-80.61606645584106,33.75083684921265,2.84
-80.61602354049683,33.75083684921265,2.75
-80.61598062515259,33.75083684921265,2.66
-80.61593770980835,33.75083684921265,2.58
-80.61589479446411,33.75083684921265,2.53
-80.61585187911987,33.75083684921265,2.49
-80.61580896377563,33.75083684921265,2.44
-80.6157660484314,33.75083684921265,2.41
-80.61572313308716,33.75083684921265,2.41
-80.61568021774292,33.75083684921265,2.39
-80.61563730239868,33.75083684921265,2.37
-80.61559438705444,33.75083684921265,2.37
-80.6155514717102,33.75083684921265,2.38
-80.61550855636597,33.75083684921265,2.38
-80.61546564102173,33.75083684921265,2.41
-80.61542272567749,33.75083684921265,2.47
-80.61537981033325,33.75083684921265,2.56
-80.61533689498901,33.75083684921265,2.64
-80.61529397964478,33.75083684921265,2.73
-80.61525106430054,33.75083684921265,2.81
-80.6152081489563,33.75083684921265,2.87
-80.61516523361206,33.75083684921265,2.94
-80.61512231826782,33.75083684921265,3.0
-80.61507940292358,33.75083684921265,3.04
-80.61503648757935,33.75083684921265,3.06
-80.61499357223511,33.75083684921265,3.05
-80.61495065689087,33.75083684921265,3.02
-80.61490774154663,33.75083684921265,2.99
-80.61486482620239,33.75083684921265,2.97
-80.61482191085815,33.75083684921265,2.97
-80.61477899551392,33.75083684921265,3.0
-80.61473608016968,33.75083684921265,3.0
-80.61469316482544,33.75083684921265,2.99
-80.6146502494812,33.75083684921265,2.96
-80.61460733413696,33.75083684921265,2.9
-80.61456441879272,33.75083684921265,2.82
-80.61452150344849,33.75083684921265,2.73
-80.61447858810425,33.75083684921265,2.6
-80.61443567276001,33.75083684921265,2.45
-80.61439275741577,33.75083684921265,2.31
-80.61434984207153,33.75083684921265,2.2
-80.6143069267273,33.75083684921265,2.11
-80.61426401138306,33.75083684921265,2.04
-80.61422109603882,33.75083684921265,2.01
-80.61417818069458,33.75083684921265,1.98
-80.61413526535034,33.75083684921265,1.95
-80.6140923500061,33.75083684921265,1.93
-80.61404943466187,33.75083684921265,1.9
-80.61400651931763,33.75083684921265,1.86
-80.61396360397339,33.75083684921265,1.83
-80.61392068862915,33.75083684921265,1.81
-80.61387777328491,33.75083684921265,1.8
-80.61383485794067,33.75083684921265,1.8
-80.61379194259644,33.75083684921265,1.8
-80.6137490272522,33.75083684921265,1.8
-80.61370611190796,33.75083684921265,1.79
-80.61366319656372,33.75083684921265,1.77
-80.61362028121948,33.75083684921265,1.77
-80.61357736587524,33.75083684921265,1.78
-80.613534450531,33.75083684921265,1.82
-80.61349153518677,33.75083684921265,1.88
-80.61344861984253,33.75083684921265,1.96
-80.61340570449829,33.75083684921265,2.05
-80.61336278915405,33.75083684921265,2.13
-80.61331987380981,33.75083684921265,2.19
-80.61327695846558,33.75083684921265,2.21
-80.61323404312134,33.75083684921265,2.21
-80.6131911277771,33.75083684921265,2.18
-80.61314821243286,33.75083684921265,2.18
-80.61310529708862,33.75083684921265,2.17
-80.61306238174438,33.75083684921265,2.2
-80.61301946640015,33.75083684921265,2.23
-80.61297655105591,33.75083684921265,2.27
-80.61293363571167,33.75083684921265,2.28
-80.61289072036743,33.75083684921265,2.29
-80.6128478050232,33.75083684921265,2.25
-80.61280488967896,33.75083684921265,2.22
-80.61276197433472,33.75083684921265,2.16
-80.61271905899048,33.75083684921265,2.11
-80.61267614364624,33.75083684921265,2.11
-80.612633228302,33.75083684921265,2.11
-80.61259031295776,33.75083684921265,2.11
-80.61254739761353,33.75083684921265,2.1
-80.61250448226929,33.75083684921265,2.07
-80.61246156692505,33.75083684921265,1.99
-80.61241865158081,33.75083684921265,1.94
-80.61237573623657,33.75083684921265,1.86
-80.61233282089233,33.75083684921265,1.82
-80.6122899055481,33.75083684921265,1.77
-80.61224699020386,33.75083684921265,1.74
-80.61220407485962,33.75083684921265,1.68
-80.61216115951538,33.75083684921265,1.64
-80.61211824417114,33.75083684921265,1.57
-80.6120753288269,33.75083684921265,1.52
-80.61203241348267,33.75083684921265,1.47
-80.61198949813843,33.75083684921265,1.45
-80.61194658279419,33.75083684921265,1.45
-80.61190366744995,33.75083684921265,1.47
-80.61186075210571,33.75083684921265,1.53
-80.61181783676147,33.75083684921265,1.6
-80.61177492141724,33.75083684921265,1.69
-80.611732006073,33.75083684921265,1.8
-80.61168909072876,33.75083684921265,1.92
-80.61164617538452,33.75083684921265,2.04
-80.61160326004028,33.75083684921265,2.17
-80.61713933944702,33.75079393386841,4.71
-80.61709642410278,33.75079393386841,4.73
-80.61705350875854,33.75079393386841,4.74
-80.6170105934143,33.75079393386841,4.76
-80.61696767807007,33.75079393386841,4.77
-80.61692476272583,33.75079393386841,4.79
-80.61688184738159,33.75079393386841,4.74
-80.61683893203735,33.75079393386841,4.64
-80.61679601669312,33.75079393386841,4.54
-80.61675310134888,33.75079393386841,4.35
-80.61671018600464,33.75079393386841,4.14
-80.6166672706604,33.75079393386841,3.97
-80.61662435531616,33.75079393386841,3.9
-80.61658143997192,33.75079393386841,3.82
-80.61653852462769,33.75079393386841,3.84
-80.61649560928345,33.75079393386841,3.82
-80.61645269393921,33.75079393386841,3.76
-80.61640977859497,33.75079393386841,3.6
-80.61636686325073,33.75079393386841,3.4
-80.6163239479065,33.75079393386841,3.17
-80.61628103256226,33.75079393386841,3.01
-80.61623811721802,33.75079393386841,2.93
-80.61619520187378,33.75079393386841,2.89
-80.61615228652954,33.75079393386841,2.87
-80.6161093711853,33.75079393386841,2.85
-80.61606645584106,33.75079393386841,2.81
-80.61602354049683,33.75079393386841,2.74
-80.61598062515259,33.75079393386841,2.66
-80.61593770980835,33.75079393386841,2.58
-80.61589479446411,33.75079393386841,2.51
-80.61585187911987,33.75079393386841,2.47
-80.61580896377563,33.75079393386841,2.43
-80.6157660484314,33.75079393386841,2.41
-80.61572313308716,33.75079393386841,2.41
-80.61568021774292,33.75079393386841,2.41
-80.61563730239868,33.75079393386841,2.39
-80.61559438705444,33.75079393386841,2.39
-80.6155514717102,33.75079393386841,2.39
-80.61550855636597,33.75079393386841,2.4
-80.61546564102173,33.75079393386841,2.44
-80.61542272567749,33.75079393386841,2.51
-80.61537981033325,33.75079393386841,2.6
-80.61533689498901,33.75079393386841,2.68
-80.61529397964478,33.75079393386841,2.78
-80.61525106430054,33.75079393386841,2.86
-80.6152081489563,33.75079393386841,2.92
-80.61516523361206,33.75079393386841,2.99
-80.61512231826782,33.75079393386841,3.07
-80.61507940292358,33.75079393386841,3.12
-80.61503648757935,33.75079393386841,3.17
-80.61499357223511,33.75079393386841,3.2
-80.61495065689087,33.75079393386841,3.18
-80.61490774154663,33.75079393386841,3.14
-80.61486482620239,33.75079393386841,3.1
-80.61482191085815,33.75079393386841,3.08
-80.61477899551392,33.75079393386841,3.09
-80.61473608016968,33.75079393386841,3.07
-80.61469316482544,33.75079393386841,3.05
-80.6146502494812,33.75079393386841,3.02
-80.61460733413696,33.75079393386841,2.93
-80.61456441879272,33.75079393386841,2.84
-80.61452150344849,33.75079393386841,2.74
-80.61447858810425,33.75079393386841,2.62
-80.61443567276001,33.75079393386841,2.48
-80.61439275741577,33.75079393386841,2.36
-80.61434984207153,33.75079393386841,2.26
-80.6143069267273,33.75079393386841,2.16
-80.61426401138306,33.75079393386841,2.09
-80.61422109603882,33.75079393386841,2.05
-80.61417818069458,33.75079393386841,2.01
-80.61413526535034,33.75079393386841,1.98
-80.6140923500061,33.75079393386841,1.96
-80.61404943466187,33.75079393386841,1.94
-80.61400651931763,33.75079393386841,1.9
-80.61396360397339,33.75079393386841,1.85
-80.61392068862915,33.75079393386841,1.82
-80.61387777328491,33.75079393386841,1.79
-80.61383485794067,33.75079393386841,1.79
-80.61379194259644,33.75079393386841,1.78
-80.6137490272522,33.75079393386841,1.78
-80.61370611190796,33.75079393386841,1.78
-80.61366319656372,33.75079393386841,1.77
-80.61362028121948,33.75079393386841,1.76
-80.61357736587524,33.75079393386841,1.76
-80.613534450531,33.75079393386841,1.79
-80.61349153518677,33.75079393386841,1.84
-80.61344861984253,33.75079393386841,1.92
-80.61340570449829,33.75079393386841,2.0
-80.61336278915405,33.75079393386841,2.1
-80.61331987380981,33.75079393386841,2.19
-80.61327695846558,33.75079393386841,2.22
-80.61323404312134,33.75079393386841,2.22
-80.6131911277771,33.75079393386841,2.19
-80.61314821243286,33.75079393386841,2.18
-80.61310529708862,33.75079393386841,2.16
-80.61306238174438,33.75079393386841,2.19
-80.61301946640015,33.75079393386841,2.22
-80.61297655105591,33.75079393386841,2.25
-80.61293363571167,33.75079393386841,2.28
-80.61289072036743,33.75079393386841,2.3
-80.6128478050232,33.75079393386841,2.26
-80.61280488967896,33.75079393386841,2.24
-80.61276197433472,33.75079393386841,2.17
-80.61271905899048,33.75079393386841,2.11
-80.61267614364624,33.75079393386841,2.1
-80.612633228302,33.75079393386841,2.09
-80.61259031295776,33.75079393386841,2.1
-80.61254739761353,33.75079393386841,2.11
-80.61250448226929,33.75079393386841,2.1
-80.61246156692505,33.75079393386841,2.03
-80.61241865158081,33.75079393386841,1.98
-80.61237573623657,33.75079393386841,1.89
-80.61233282089233,33.75079393386841,1.84
-80.6122899055481,33.75079393386841,1.8
-80.61224699020386,33.75079393386841,1.77
-80.61220407485962,33.75079393386841,1.72
-80.61216115951538,33.75079393386841,1.68
-80.61211824417114,33.75079393386841,1.62
-80.6120753288269,33.75079393386841,1.55
-80.61203241348267,33.75079393386841,1.48
-80.61198949813843,33.75079393386841,1.45
-80.61194658279419,33.75079393386841,1.43
-80.61190366744995,33.75079393386841,1.45
-80.61186075210571,33.75079393386841,1.49
-80.61181783676147,33.75079393386841,1.56
-80.61177492141724,33.75079393386841,1.63
-80.611732006073,33.75079393386841,1.72
-80.61713933944702,33.75075101852417,4.71
-80.61709642410278,33.75075101852417,4.72
-80.61705350875854,33.75075101852417,4.73
-80.6170105934143,33.75075101852417,4.74
-80.61696767807007,33.75075101852417,4.74
-80.61692476272583,33.75075101852417,4.75
-80.61688184738159,33.75075101852417,4.64
-80.61683893203735,33.75075101852417,4.43
-80.61679601669312,33.75075101852417,4.21
-80.61675310134888,33.75075101852417,3.9
-80.61671018600464,33.75075101852417,3.58
-80.6166672706604,33.75075101852417,3.43
-80.61662435531616,33.75075101852417,3.42
-80.61658143997192,33.75075101852417,3.4
-80.61653852462769,33.75075101852417,3.5
-80.61649560928345,33.75075101852417,3.58
-80.61645269393921,33.75075101852417,3.58
-80.61640977859497,33.75075101852417,3.48
-80.61636686325073,33.75075101852417,3.34
-80.6163239479065,33.75075101852417,3.13
-80.61628103256226,33.75075101852417,2.97
-80.61623811721802,33.75075101852417,2.88
-80.61619520187378,33.75075101852417,2.84
-80.61615228652954,33.75075101852417,2.82
-80.6161093711853,33.75075101852417,2.81
-80.61606645584106,33.75075101852417,2.78
-80.61602354049683,33.75075101852417,2.71
-80.61598062515259,33.75075101852417,2.63
-80.61593770980835,33.75075101852417,2.56
-80.61589479446411,33.75075101852417,2.52
-80.61585187911987,33.75075101852417,2.48
-80.61580896377563,33.75075101852417,2.44
-80.6157660484314,33.75075101852417,2.43
-80.61572313308716,33.75075101852417,2.41
-80.61568021774292,33.75075101852417,2.39
-80.61563730239868,33.75075101852417,2.37
-80.61559438705444,33.75075101852417,2.37
-80.6155514717102,33.75075101852417,2.38
-80.61550855636597,33.75075101852417,2.41
-80.61546564102173,33.75075101852417,2.48
-80.61542272567749,33.75075101852417,2.56
-80.61537981033325,33.75075101852417,2.67
-80.61533689498901,33.75075101852417,2.74
-80.61529397964478,33.75075101852417,2.81
-80.61525106430054,33.75075101852417,2.89
-80.6152081489563,33.75075101852417,2.94
-80.61516523361206,33.75075101852417,3.02
-80.61512231826782,33.75075101852417,3.12
-80.61507940292358,33.75075101852417,3.21
-80.61503648757935,33.75075101852417,3.28
-80.61499357223511,33.75075101852417,3.33
-80.61495065689087,33.75075101852417,3.31
-80.61490774154663,33.75075101852417,3.28
-80.61486482620239,33.75075101852417,3.22
-80.61482191085815,33.75075101852417,3.18
-80.61477899551392,33.75075101852417,3.16
-80.61473608016968,33.75075101852417,3.12
-80.61469316482544,33.75075101852417,3.08
-80.6146502494812,33.75075101852417,3.01
-80.61460733413696,33.75075101852417,2.91
-80.61456441879272,33.75075101852417,2.8
-80.61452150344849,33.75075101852417,2.7
-80.61447858810425,33.75075101852417,2.58
-80.61443567276001,33.75075101852417,2.48
-80.61439275741577,33.75075101852417,2.38
-80.61434984207153,33.75075101852417,2.3
-80.6143069267273,33.75075101852417,2.21
-80.61426401138306,33.75075101852417,2.15
-80.61422109603882,33.75075101852417,2.09
-80.61417818069458,33.75075101852417,2.04
-80.61413526535034,33.75075101852417,1.99
-80.6140923500061,33.75075101852417,1.98
-80.61404943466187,33.75075101852417,1.94
-80.61400651931763,33.75075101852417,1.91
-80.61396360397339,33.75075101852417,1.87
-80.61392068862915,33.75075101852417,1.84
-80.61387777328491,33.75075101852417,1.8
-80.61383485794067,33.75075101852417,1.79
-80.61379194259644,33.75075101852417,1.78
-80.6137490272522,33.75075101852417,1.78
-80.61370611190796,33.75075101852417,1.78
-80.61366319656372,33.75075101852417,1.78
-80.61362028121948,33.75075101852417,1.77
-80.61357736587524,33.75075101852417,1.76
-80.613534450531,33.75075101852417,1.77
-80.61349153518677,33.75075101852417,1.81
-80.61344861984253,33.75075101852417,1.88
-80.61340570449829,33.75075101852417,1.95
-80.61336278915405,33.75075101852417,2.06
-80.61267614364624,33.75075101852417,2.09
-80.612633228302,33.75075101852417,2.07
-80.61259031295776,33.75075101852417,2.06
-80.61254739761353,33.75075101852417,2.09
-80.61250448226929,33.75075101852417,2.1
-80.61246156692505,33.75075101852417,2.06
-80.61241865158081,33.75075101852417,2.01
-80.61237573623657,33.75075101852417,1.91
-80.61233282089233,33.75075101852417,1.86
-80.6122899055481,33.75075101852417,1.8
-80.61224699020386,33.75075101852417,1.77
-80.61220407485962,33.75075101852417,1.72
-80.61216115951538,33.75075101852417,1.69
-80.61211824417114,33.75075101852417,1.64
-80.6120753288269,33.75075101852417,1.58
-80.61203241348267,33.75075101852417,1.5
-80.61198949813843,33.75075101852417,1.46
-80.61713933944702,33.75070810317993,4.66
-80.61709642410278,33.75070810317993,4.68
-80.61705350875854,33.75070810317993,4.7
-80.6170105934143,33.75070810317993,4.72
-80.61696767807007,33.75070810317993,4.74
-80.61692476272583,33.75070810317993,4.75
-80.61688184738159,33.75070810317993,4.52
-80.61683893203735,33.75070810317993,4.17
-80.61679601669312,33.75070810317993,3.82
-80.61675310134888,33.75070810317993,3.37
-80.61671018600464,33.75070810317993,2.97
-80.6166672706604,33.75070810317993,2.85
-80.61662435531616,33.75070810317993,2.9
-80.61658143997192,33.75070810317993,3.0
-80.61653852462769,33.75070810317993,3.21
-80.61649560928345,33.75070810317993,3.38
-80.61645269393921,33.75070810317993,3.51
-80.61628103256226,33.75070810317993,2.96
-80.61623811721802,33.75070810317993,2.86
-80.61619520187378,33.75070810317993,2.83
-80.61615228652954,33.75070810317993,2.83
-80.6161093711853,33.75070810317993,2.81
-80.61606645584106,33.75070810317993,2.78
-80.61602354049683,33.75070810317993,2.7
-80.61598062515259,33.75070810317993,2.61
-80.61593770980835,33.75070810317993,2.53
-80.61589479446411,33.75070810317993,2.47
-80.61585187911987,33.75070810317993,2.41
-80.61580896377563,33.75070810317993,2.39
-80.6157660484314,33.75070810317993,2.39
-80.61572313308716,33.75070810317993,2.39
-80.61568021774292,33.75070810317993,2.39
-80.61563730239868,33.75070810317993,2.4
-80.61559438705444,33.75070810317993,2.42
-80.6155514717102,33.75070810317993,2.45
-80.61550855636597,33.75070810317993,2.49
-80.61546564102173,33.75070810317993,2.56
-80.61542272567749,33.75070810317993,2.63
-80.61537981033325,33.75070810317993,2.72
-80.61533689498901,33.75070810317993,2.79
-80.61529397964478,33.75070810317993,2.85
-80.61525106430054,33.75070810317993,2.92
-80.6152081489563,33.75070810317993,2.99
-80.61516523361206,33.75070810317993,3.07
-80.61512231826782,33.75070810317993,3.17
-80.61507940292358,33.75070810317993,3.28
-80.61503648757935,33.75070810317993,3.38
-80.61499357223511,33.75070810317993,3.44
-80.61495065689087,33.75070810317993,3.44
-80.61490774154663,33.75070810317993,3.42
-80.61486482620239,33.75070810317993,3.35
-80.61482191085815,33.75070810317993,3.3
-80.61477899551392,33.75070810317993,3.25
-80.61473608016968,33.75070810317993,3.19
-80.61469316482544,33.75070810317993,3.12
-80.6146502494812,33.75070810317993,3.03
-80.61460733413696,33.75070810317993,2.91
-80.61456441879272,33.75070810317993,2.78
-80.61452150344849,33.75070810317993,2.69
-80.61447858810425,33.75070810317993,2.59
-80.61443567276001,33.75070810317993,2.52
-80.61439275741577,33.75070810317993,2.45
-80.61434984207153,33.75070810317993,2.4
-80.6143069267273,33.75070810317993,2.31
-80.61426401138306,33.75070810317993,2.24
-80.61422109603882,33.75070810317993,2.16
-80.61417818069458,33.75070810317993,2.09
-80.61413526535034,33.75070810317993,2.03
-80.6140923500061,33.75070810317993,2.0
-80.61404943466187,33.75070810317993,1.96
-80.61400651931763,33.75070810317993,1.94
-80.61396360397339,33.75070810317993,1.9
-80.61392068862915,33.75070810317993,1.85
-80.61387777328491,33.75070810317993,1.81
-80.61383485794067,33.75070810317993,1.79
-80.61379194259644,33.75070810317993,1.77
-80.6137490272522,33.75070810317993,1.78
-80.61713933944702,33.75066518783569,4.58
-80.61709642410278,33.75066518783569,4.63
-80.61705350875854,33.75066518783569,4.65
-80.6170105934143,33.75066518783569,4.68
-80.61696767807007,33.75066518783569,4.71
-80.61692476272583,33.75066518783569,4.7
-80.61688184738159,33.75066518783569,4.33
-80.61683893203735,33.75066518783569,3.85
-80.61679601669312,33.75066518783569,3.34
-80.61675310134888,33.75066518783569,2.81
-80.61671018600464,33.75066518783569,2.35
-80.6166672706604,33.75066518783569,2.31
-80.61662435531616,33.75066518783569,2.43
-80.61658143997192,33.75066518783569,2.59
-80.61653852462769,33.75066518783569,2.79
-80.61649560928345,33.75066518783569,2.97
-80.61645269393921,33.75066518783569,3.1
-80.6157660484314,33.75066518783569,2.4
-80.61572313308716,33.75066518783569,2.39
-80.61568021774292,33.75066518783569,2.39
-80.61563730239868,33.75066518783569,2.4
-80.61559438705444,33.75066518783569,2.42
-80.6155514717102,33.75066518783569,2.46
-80.61550855636597,33.75066518783569,2.53
-80.61546564102173,33.75066518783569,2.6
-80.61542272567749,33.75066518783569,2.67
-80.61537981033325,33.75066518783569,2.74
-80.61533689498901,33.75066518783569,2.8
-80.61529397964478,33.75066518783569,2.85
-80.61525106430054,33.75066518783569,2.91
-80.6152081489563,33.75066518783569,3.0
-80.61516523361206,33.75066518783569,3.1
-80.61512231826782,33.75066518783569,3.22
-80.61507940292358,33.75066518783569,3.36
-80.61503648757935,33.75066518783569,3.47
-80.61499357223511,33.75066518783569,3.52
-80.61495065689087,33.75066518783569,3.54
-80.61490774154663,33.75066518783569,3.52
-80.61486482620239,33.75066518783569,3.45
-80.61482191085815,33.75066518783569,3.39
-80.61477899551392,33.75066518783569,3.34
-80.61473608016968,33.75066518783569,3.27
-80.61469316482544,33.75066518783569,3.18
-80.6146502494812,33.75066518783569,3.07
-80.61460733413696,33.75066518783569,2.93
-80.61456441879272,33.75066518783569,2.79
-80.61452150344849,33.75066518783569,2.68
-80.61447858810425,33.75066518783569,2.59
-80.61443567276001,33.75066518783569,2.55
-80.61439275741577,33.75066518783569,2.49
-80.61434984207153,33.75066518783569,2.44
-80.6143069267273,33.75066518783569,2.37
-80.61426401138306,33.75066518783569,2.31
-80.61422109603882,33.75066518783569,2.21
-80.61417818069458,33.75066518783569,2.13
-80.61413526535034,33.75066518783569,2.05
-80.6140923500061,33.75066518783569,2.01
-80.61404943466187,33.75066518783569,1.97
-80.61400651931763,33.75066518783569,1.96
-80.61396360397339,33.75066518783569,1.92
-80.61392068862915,33.75066518783569,1.88
-80.61713933944702,33.750622272491455,4.53
-80.61709642410278,33.750622272491455,4.56
-80.61705350875854,33.750622272491455,4.59
-80.6170105934143,33.750622272491455,4.62
-80.61696767807007,33.750622272491455,4.63
-80.61692476272583,33.750622272491455,4.62
-80.61688184738159,33.750622272491455,4.11
-80.61683893203735,33.750622272491455,3.51
-80.61679601669312,33.750622272491455,2.92
-80.61675310134888,33.750622272491455,2.34
-80.61671018600464,33.750622272491455,1.83
-80.6166672706604,33.750622272491455,1.86
-80.61662435531616,33.750622272491455,2.03
-80.61658143997192,33.750622272491455,2.22
-80.61653852462769,33.750622272491455,2.41
-80.61649560928345,33.750622272491455,2.6
-80.61563730239868,33.750622272491455,2.43
-80.61559438705444,33.750622272491455,2.46
-80.6155514717102,33.750622272491455,2.51
-80.61550855636597,33.750622272491455,2.58
-80.61546564102173,33.750622272491455,2.64
-80.61542272567749,33.750622272491455,2.72
-80.61537981033325,33.750622272491455,2.8
-80.61533689498901,33.750622272491455,2.87
-80.61529397964478,33.750622272491455,2.93
-80.61525106430054,33.750622272491455,3.0
-80.6152081489563,33.750622272491455,3.07
-80.61516523361206,33.750622272491455,3.16
-80.61512231826782,33.750622272491455,3.26
-80.61507940292358,33.750622272491455,3.38
-80.61503648757935,33.750622272491455,3.49
-80.61499357223511,33.750622272491455,3.57
-80.61495065689087,33.750622272491455,3.62
-80.61490774154663,33.750622272491455,3.63
-80.61486482620239,33.750622272491455,3.59
-80.61482191085815,33.750622272491455,3.54
-80.61477899551392,33.750622272491455,3.47
-80.61473608016968,33.750622272491455,3.38
-80.61469316482544,33.750622272491455,3.28
-80.6146502494812,33.750622272491455,3.18
-80.61460733413696,33.750622272491455,3.04
-80.61456441879272,33.750622272491455,2.9
-80.61452150344849,33.750622272491455,2.76
-80.61447858810425,33.750622272491455,2.66
-80.61443567276001,33.750622272491455,2.59
-80.61439275741577,33.750622272491455,2.53
-80.61434984207153,33.750622272491455,2.48
-80.6143069267273,33.750622272491455,2.42
-80.61426401138306,33.750622272491455,2.37
-80.61422109603882,33.750622272491455,2.26
-80.61417818069458,33.750622272491455,2.17
-80.61413526535034,33.750622272491455,2.08
-80.6140923500061,33.750622272491455,2.02
-80.61404943466187,33.750622272491455,1.98
-80.61400651931763,33.750622272491455,1.97
-80.61713933944702,33.75057935714722,4.4
-80.61709642410278,33.75057935714722,4.45
-80.61705350875854,33.75057935714722,4.45
-80.6170105934143,33.75057935714722,4.47
-80.61696767807007,33.75057935714722,4.46
-80.61692476272583,33.75057935714722,4.45
-80.61688184738159,33.75057935714722,3.9
-80.61683893203735,33.75057935714722,3.3
-80.61679601669312,33.75057935714722,2.65
-80.61675310134888,33.75057935714722,2.05
-80.61671018600464,33.75057935714722,1.51
-80.6166672706604,33.75057935714722,1.54
-80.61662435531616,33.75057935714722,1.67
-80.61658143997192,33.75057935714722,1.85
-80.61653852462769,33.75057935714722,1.98
-80.61649560928345,33.75057935714722,2.16
-80.61550855636597,33.75057935714722,2.62
-80.61546564102173,33.75057935714722,2.69
-80.61542272567749,33.75057935714722,2.77
-80.61537981033325,33.75057935714722,2.84
-80.61533689498901,33.75057935714722,2.91
-80.61529397964478,33.75057935714722,2.95
-80.61525106430054,33.75057935714722,3.02
-80.6152081489563,33.75057935714722,3.11
-80.61516523361206,33.75057935714722,3.21
-80.61512231826782,33.75057935714722,3.31
-80.61507940292358,33.75057935714722,3.42
-80.61503648757935,33.75057935714722,3.51
-80.61499357223511,33.75057935714722,3.58
-80.61495065689087,33.75057935714722,3.62
-80.61490774154663,33.75057935714722,3.63
-80.61486482620239,33.75057935714722,3.6
-80.61482191085815,33.75057935714722,3.55
-80.61477899551392,33.75057935714722,3.48
-80.61473608016968,33.75057935714722,3.4
-80.61469316482544,33.75057935714722,3.3
-80.6146502494812,33.75057935714722,3.2
-80.61460733413696,33.75057935714722,3.07
-80.61456441879272,33.75057935714722,2.94
-80.61452150344849,33.75057935714722,2.81
-80.61447858810425,33.75057935714722,2.7
-80.61443567276001,33.75057935714722,2.62
-80.61439275741577,33.75057935714722,2.55
-80.61434984207153,33.75057935714722,2.5
-80.6143069267273,33.75057935714722,2.46
-80.61426401138306,33.75057935714722,2.42
-80.61422109603882,33.75057935714722,2.32
-80.61713933944702,33.75053644180298,4.26
-80.61709642410278,33.75053644180298,4.33
-80.61705350875854,33.75053644180298,4.3
-80.6170105934143,33.75053644180298,4.31
-80.61696767807007,33.75053644180298,4.26
-80.61692476272583,33.75053644180298,4.24
-80.61688184738159,33.75053644180298,3.71
-80.61683893203735,33.75053644180298,3.14
-80.61679601669312,33.75053644180298,2.47
-80.61675310134888,33.75053644180298,1.89
-80.61671018600464,33.75053644180298,1.35
-80.6166672706604,33.75053644180298,1.31
-80.61662435531616,33.75053644180298,1.38
-80.61658143997192,33.75053644180298,1.51
-80.61653852462769,33.75053644180298,1.59
-80.61533689498901,33.75053644180298,2.94
-80.61529397964478,33.75053644180298,2.99
-80.61525106430054,33.75053644180298,3.05
-80.6152081489563,33.75053644180298,3.14
-80.61516523361206,33.75053644180298,3.23
-80.61512231826782,33.75053644180298,3.3
-80.61507940292358,33.75053644180298,3.4
-80.61503648757935,33.75053644180298,3.49
-80.61499357223511,33.75053644180298,3.55
-80.61495065689087,33.75053644180298,3.61
-80.61490774154663,33.75053644180298,3.64
-80.61486482620239,33.75053644180298,3.61
-80.61482191085815,33.75053644180298,3.57
-80.61477899551392,33.75053644180298,3.51
-80.61473608016968,33.75053644180298,3.44
-80.61469316482544,33.75053644180298,3.35
-80.6146502494812,33.75053644180298,3.26
-80.61460733413696,33.75053644180298,3.13
-80.61456441879272,33.75053644180298,3.0
-80.61452150344849,33.75053644180298,2.86
-80.61447858810425,33.75053644180298,2.74
-80.61443567276001,33.75053644180298,2.64
-80.61439275741577,33.75053644180298,2.57
-80.61434984207153,33.75053644180298,2.52
-80.6143069267273,33.75053644180298,2.48
-80.61713933944702,33.75049352645874,4.15
-80.61709642410278,33.75049352645874,4.21
-80.61705350875854,33.75049352645874,4.15
-80.6170105934143,33.75049352645874,4.12
-80.61696767807007,33.75049352645874,4.02
-80.61692476272583,33.75049352645874,3.99
-80.61688184738159,33.75049352645874,3.54
-80.61683893203735,33.75049352645874,3.05
-80.61679601669312,33.75049352645874,2.43
-80.61675310134888,33.75049352645874,1.86
-80.61671018600464,33.75049352645874,1.35
-80.6166672706604,33.75049352645874,1.22
-80.61662435531616,33.75049352645874,1.19
-80.61658143997192,33.75049352645874,1.31
-80.61653852462769,33.75049352645874,1.38
-80.61649560928345,33.75049352645874,1.49
-80.61512231826782,33.75049352645874,3.33
-80.61507940292358,33.75049352645874,3.41
-80.61503648757935,33.75049352645874,3.48
-80.61499357223511,33.75049352645874,3.53
-80.61495065689087,33.75049352645874,3.58
-80.61490774154663,33.75049352645874,3.62
-80.61486482620239,33.75049352645874,3.61
-80.61482191085815,33.75049352645874,3.58
-80.61477899551392,33.75049352645874,3.52
-80.61473608016968,33.75049352645874,3.46
-80.61469316482544,33.75049352645874,3.38
-80.6146502494812,33.75049352645874,3.29
-80.61460733413696,33.75049352645874,3.18
-80.61456441879272,33.75049352645874,3.06
-80.61452150344849,33.75049352645874,2.92
-80.61447858810425,33.75049352645874,2.79
-80.61713933944702,33.7504506111145,4.07
-80.61709642410278,33.7504506111145,4.07
-80.61705350875854,33.7504506111145,3.99
-80.6170105934143,33.7504506111145,3.92
-80.61696767807007,33.7504506111145,3.78
-80.61692476272583,33.7504506111145,3.75
-80.61688184738159,33.7504506111145,3.43
-80.61683893203735,33.7504506111145,3.09
-80.61679601669312,33.7504506111145,2.58
-80.61675310134888,33.7504506111145,2.07
-80.61671018600464,33.7504506111145,1.56
-80.6166672706604,33.7504506111145,1.34
-80.61662435531616,33.7504506111145,1.22
-80.61658143997192,33.7504506111145,1.28
-80.61653852462769,33.7504506111145,1.35
-80.61649560928345,33.7504506111145,1.49
-80.61709642410278,33.750407695770264,3.93
-80.61705350875854,33.750407695770264,3.82
-80.6170105934143,33.750407695770264,3.74
-80.61696767807007,33.750407695770264,3.58
-80.61692476272583,33.750407695770264,3.55
-80.61688184738159,33.750407695770264,3.38
-80.61683893203735,33.750407695770264,3.16
-80.61679601669312,33.750407695770264,2.81
-80.61675310134888,33.750407695770264,2.37
-80.61671018600464,33.750407695770264,1.89
-80.6166672706604,33.750407695770264,1.59
-80.61662435531616,33.750407695770264,1.45
-80.61658143997192,33.750407695770264,1.46
-80.61653852462769,33.750407695770264,1.54
-80.61649560928345,33.750407695770264,1.72
-80.61709642410278,33.750364780426025,3.81
-80.61705350875854,33.750364780426025,3.71
-80.6170105934143,33.750364780426025,3.63
-80.61696767807007,33.750364780426025,3.49
-80.61692476272583,33.750364780426025,3.45
-80.61688184738159,33.750364780426025,3.4
-80.61683893203735,33.750364780426025,3.29
-80.61679601669312,33.750364780426025,3.08
-80.61675310134888,33.750364780426025,2.72
-80.61671018600464,33.750364780426025,2.33
-80.6166672706604,33.750364780426025,1.97
-80.61662435531616,33.750364780426025,1.77
-80.61658143997192,33.750364780426025,1.73
-80.61653852462769,33.750364780426025,1.79
-80.61649560928345,33.750364780426025,1.91
-80.61709642410278,33.75032186508179,3.68
-80.61705350875854,33.75032186508179,3.6
-80.6170105934143,33.75032186508179,3.53
-80.61696767807007,33.75032186508179,3.43
-80.61692476272583,33.75032186508179,3.41
-80.61688184738159,33.75032186508179,3.4
-80.61683893203735,33.75032186508179,3.37
-80.61679601669312,33.75032186508179,3.27
-80.61675310134888,33.75032186508179,2.99
-80.61671018600464,33.75032186508179,2.66
-80.6166672706604,33.75032186508179,2.36
-80.61662435531616,33.75032186508179,2.12
-80.61658143997192,33.75032186508179,2.0
-80.61653852462769,33.75032186508179,2.01
-80.61649560928345,33.75032186508179,2.08
-80.61645269393921,33.75032186508179,2.14
-80.61705350875854,33.75027894973755,3.5
-80.6170105934143,33.75027894973755,3.45
-80.61696767807007,33.75027894973755,3.4
-80.61692476272583,33.75027894973755,3.4
-80.61688184738159,33.75027894973755,3.44
-80.61683893203735,33.75027894973755,3.43
-80.61679601669312,33.75027894973755,3.4
-80.61675310134888,33.75027894973755,3.18
-80.61671018600464,33.75027894973755,2.9
-80.6166672706604,33.75027894973755,2.63
-80.61662435531616,33.75027894973755,2.43
-80.61658143997192,33.75027894973755,2.22
-80.61653852462769,33.75027894973755,2.17
-80.61649560928345,33.75027894973755,2.2
-80.61645269393921,33.75027894973755,2.21
-80.6170105934143,33.75023603439331,3.4
-80.61696767807007,33.75023603439331,3.41
-80.61692476272583,33.75023603439331,3.41
-80.61688184738159,33.75023603439331,3.45
-80.61683893203735,33.75023603439331,3.42
-80.61679601669312,33.75023603439331,3.36
-80.61675310134888,33.75023603439331,3.19
-80.61671018600464,33.75023603439331,2.97
-80.6166672706604,33.75023603439331,2.71
-80.61662435531616,33.75023603439331,2.54
-80.61658143997192,33.75023603439331,2.36
-80.61653852462769,33.75023603439331,2.27
-80.61649560928345,33.75023603439331,2.26
-80.61645269393921,33.75023603439331,2.3
-80.61640977859497,33.75023603439331,2.28
-80.6170105934143,33.75019311904907,3.39
-80.61696767807007,33.75019311904907,3.43
-80.61692476272583,33.75019311904907,3.42
-80.61688184738159,33.75019311904907,3.41
-80.61683893203735,33.75019311904907,3.35
-80.61679601669312,33.75019311904907,3.25
-80.61675310134888,33.75019311904907,3.07
-80.61671018600464,33.75019311904907,2.88
-80.6166672706604,33.75019311904907,2.67
-80.61662435531616,33.75019311904907,2.48
-80.61658143997192,33.75019311904907,2.33
-80.61653852462769,33.75019311904907,2.25
-80.61649560928345,33.75019311904907,2.22
-80.61645269393921,33.75019311904907,2.25
-80.61640977859497,33.75019311904907,2.31
-80.61636686325073,33.75019311904907,2.37
-80.61696767807007,33.750150203704834,3.46
-80.61692476272583,33.750150203704834,3.42
-80.61688184738159,33.750150203704834,3.35
-80.61683893203735,33.750150203704834,3.23
-80.61679601669312,33.750150203704834,3.09
-80.61675310134888,33.750150203704834,2.88
-80.61671018600464,33.750150203704834,2.67
-80.6166672706604,33.750150203704834,2.51
-80.61662435531616,33.750150203704834,2.37
-80.61658143997192,33.750150203704834,2.28
-80.61653852462769,33.750150203704834,2.24
-80.61649560928345,33.750150203704834,2.27
-80.61645269393921,33.750150203704834,2.3
-80.61640977859497,33.750150203704834,2.38
-80.61636686325073,33.750150203704834,2.46
-80.6163239479065,33.750150203704834,2.55
-80.61628103256226,33.750150203704834,2.6
-80.61692476272583,33.750107288360596,3.4
-80.61688184738159,33.750107288360596,3.25
-80.61683893203735,33.750107288360596,3.07
-80.61679601669312,33.750107288360596,2.9
-80.61675310134888,33.750107288360596,2.69
-80.61671018600464,33.750107288360596,2.49
-80.6166672706604,33.750107288360596,2.37
-80.61662435531616,33.750107288360596,2.31
-80.61658143997192,33.750107288360596,2.27
-80.61653852462769,33.750107288360596,2.28
-80.61649560928345,33.750107288360596,2.35
-80.61645269393921,33.750107288360596,2.38
-80.61640977859497,33.750107288360596,2.44
-80.61636686325073,33.750107288360596,2.52
-80.6163239479065,33.750107288360596,2.59
-80.61628103256226,33.750107288360596,2.68
-80.61623811721802,33.750107288360596,2.8
-80.61619520187378,33.750107288360596,2.94
-80.61688184738159,33.75006437301636,3.12
-80.61683893203735,33.75006437301636,2.9
-80.61679601669312,33.75006437301636,2.7
-80.61675310134888,33.75006437301636,2.53
-80.61671018600464,33.75006437301636,2.36
-80.6166672706604,33.75006437301636,2.3
-80.61662435531616,33.75006437301636,2.3
-80.61658143997192,33.75006437301636,2.34
-80.61653852462769,33.75006437301636,2.37
-80.61649560928345,33.75006437301636,2.46
-80.61645269393921,33.75006437301636,2.5
-80.61640977859497,33.75006437301636,2.56
-80.61636686325073,33.75006437301636,2.64
-80.6163239479065,33.75006437301636,2.72
-80.61628103256226,33.75006437301636,2.81
-80.61623811721802,33.75006437301636,2.93
-80.61619520187378,33.75006437301636,3.06
-80.61615228652954,33.75006437301636,3.16
-80.6161093711853,33.75006437301636,3.25
-80.61683893203735,33.75002145767212,2.68
-80.61679601669312,33.75002145767212,2.51
-80.61675310134888,33.75002145767212,2.39
-80.61671018600464,33.75002145767212,2.3
-80.6166672706604,33.75002145767212,2.33
-80.61662435531616,33.75002145767212,2.39
-80.61658143997192,33.75002145767212,2.47
-80.61653852462769,33.75002145767212,2.53
-80.61649560928345,33.75002145767212,2.6
-80.61645269393921,33.75002145767212,2.59
-80.61640977859497,33.75002145767212,2.61
-80.61636686325073,33.75002145767212,2.68
-80.6163239479065,33.75002145767212,2.76
-80.61628103256226,33.75002145767212,2.86
-80.61623811721802,33.75002145767212,3.0
-80.61619520187378,33.75002145767212,3.12
-80.61615228652954,33.75002145767212,3.21
-80.6161093711853,33.75002145767212,3.26
-80.61606645584106,33.75002145767212,3.3
-80.61602354049683,33.75002145767212,3.3
-80.61598062515259,33.75002145767212,3.26
-80.61679601669312,33.74997854232788,2.41
-80.61675310134888,33.74997854232788,2.38
-80.61671018600464,33.74997854232788,2.36
-80.6166672706604,33.74997854232788,2.43
-80.61662435531616,33.74997854232788,2.54
-80.61658143997192,33.74997854232788,2.64
-80.61653852462769,33.74997854232788,2.71
-80.61649560928345,33.74997854232788,2.75
-80.61645269393921,33.74997854232788,2.71
-80.61640977859497,33.74997854232788,2.72
-80.61636686325073,33.74997854232788,2.8
-80.6163239479065,33.74997854232788,2.9
-80.61628103256226,33.74997854232788,3.02
-80.61623811721802,33.74997854232788,3.15
-80.61619520187378,33.74997854232788,3.25
-80.61615228652954,33.74997854232788,3.29
-80.6161093711853,33.74997854232788,3.3
-80.61606645584106,33.74997854232788,3.29
-80.61602354049683,33.74997854232788,3.27
-80.61598062515259,33.74997854232788,3.22
-80.61593770980835,33.74997854232788,3.15
-80.61589479446411,33.74997854232788,3.08
-80.61675310134888,33.74993562698364,2.46
-80.61671018600464,33.74993562698364,2.51
-80.6166672706604,33.74993562698364,2.58
-80.61662435531616,33.74993562698364,2.69
-80.61658143997192,33.74993562698364,2.77
-80.61653852462769,33.74993562698364,2.82
-80.61649560928345,33.74993562698364,2.83
-80.61645269393921,33.74993562698364,2.79
-80.61640977859497,33.74993562698364,2.8
-80.61636686325073,33.74993562698364,2.9
-80.6163239479065,33.74993562698364,3.01
-80.61628103256226,33.74993562698364,3.14
-80.61623811721802,33.74993562698364,3.29
-80.61619520187378,33.74993562698364,3.37
-80.61615228652954,33.74993562698364,3.36
-80.6161093711853,33.74993562698364,3.33
-80.61606645584106,33.74993562698364,3.28
-80.61602354049683,33.74993562698364,3.22
-80.61598062515259,33.74993562698364,3.16
-80.61593770980835,33.74993562698364,3.09
-80.61589479446411,33.74993562698364,3.04
-80.61585187911987,33.74993562698364,3.0
-80.61580896377563,33.74993562698364,3.0
-80.6157660484314,33.74993562698364,3.02
-80.61675310134888,33.749892711639404,2.57
-80.61671018600464,33.749892711639404,2.68
-80.6166672706604,33.749892711639404,2.74
-80.61662435531616,33.749892711639404,2.82
-80.61658143997192,33.749892711639404,2.88
-80.61653852462769,33.749892711639404,2.89
-80.61649560928345,33.749892711639404,2.88
-80.61645269393921,33.749892711639404,2.86
-80.61640977859497,33.749892711639404,2.9
-80.61636686325073,33.749892711639404,3.03
-80.6163239479065,33.749892711639404,3.15
-80.61628103256226,33.749892711639404,3.25
-80.61623811721802,33.749892711639404,3.36
-80.61619520187378,33.749892711639404,3.39
-80.61615228652954,33.749892711639404,3.34
-80.6161093711853,33.749892711639404,3.28
-80.61606645584106,33.749892711639404,3.22
-80.61602354049683,33.749892711639404,3.16
-80.61598062515259,33.749892711639404,3.11
-80.61593770980835,33.749892711639404,3.05
-80.61589479446411,33.749892711639404,3.01
-80.61585187911987,33.749892711639404,2.99
-80.61580896377563,33.749892711639404,3.01
-80.6157660484314,33.749892711639404,3.04
-80.61572313308716,33.749892711639404,3.1
-80.61568021774292,33.749892711639404,3.16
-80.61671018600464,33.749849796295166,2.83
-80.6166672706604,33.749849796295166,2.88
-80.61662435531616,33.749849796295166,2.93
-80.61658143997192,33.749849796295166,2.97
-80.61653852462769,33.749849796295166,2.98
-80.61649560928345,33.749849796295166,2.97
-80.61645269393921,33.749849796295166,2.98
-80.61640977859497,33.749849796295166,3.02
-80.61636686325073,33.749849796295166,3.13
-80.6163239479065,33.749849796295166,3.23
-80.61628103256226,33.749849796295166,3.3
-80.61623811721802,33.749849796295166,3.36
-80.61619520187378,33.749849796295166,3.37
-80.61615228652954,33.749849796295166,3.31
-80.6161093711853,33.749849796295166,3.23
-80.61606645584106,33.749849796295166,3.16
-80.61602354049683,33.749849796295166,3.09
-80.61598062515259,33.749849796295166,3.04
-80.61593770980835,33.749849796295166,3.01
-80.61589479446411,33.749849796295166,3.01
-80.61585187911987,33.749849796295166,3.03
-80.61580896377563,33.749849796295166,3.08
-80.6157660484314,33.749849796295166,3.12
-80.61572313308716,33.749849796295166,3.17
-80.61568021774292,33.749849796295166,3.2
-80.61563730239868,33.749849796295166,3.22
-80.61559438705444,33.749849796295166,3.22
-80.6166672706604,33.74980688095093,3.01
-80.61662435531616,33.74980688095093,3.01
-80.61658143997192,33.74980688095093,3.0
-80.61653852462769,33.74980688095093,2.98
-80.61649560928345,33.74980688095093,3.0
-80.61645269393921,33.74980688095093,3.06
-80.61640977859497,33.74980688095093,3.12
-80.61636686325073,33.74980688095093,3.23
-80.6163239479065,33.74980688095093,3.33
-80.61628103256226,33.74980688095093,3.37
-80.61623811721802,33.74980688095093,3.37
-80.61619520187378,33.74980688095093,3.34
-80.61615228652954,33.74980688095093,3.26
-80.6161093711853,33.74980688095093,3.18
-80.61606645584106,33.74980688095093,3.1
-80.61602354049683,33.74980688095093,3.04
-80.61598062515259,33.74980688095093,3.0
-80.61593770980835,33.74980688095093,2.99
-80.61589479446411,33.74980688095093,3.01
-80.61585187911987,33.74980688095093,3.06
-80.61580896377563,33.74980688095093,3.12
-80.6157660484314,33.74980688095093,3.17
-80.61572313308716,33.74980688095093,3.2
-80.61568021774292,33.74980688095093,3.22
-80.61563730239868,33.74980688095093,3.21
-80.61559438705444,33.74980688095093,3.2
-80.6155514717102,33.74980688095093,3.17
-80.61550855636597,33.74980688095093,3.15
-80.61658143997192,33.74976396560669,3.02
-80.61653852462769,33.74976396560669,2.98
-80.61649560928345,33.74976396560669,3.01
-80.61645269393921,33.74976396560669,3.11
-80.61640977859497,33.74976396560669,3.2
-80.61636686325073,33.74976396560669,3.3
-80.6163239479065,33.74976396560669,3.35
-80.61628103256226,33.74976396560669,3.35
-80.61623811721802,33.74976396560669,3.31
-80.61619520187378,33.74976396560669,3.26
-80.61615228652954,33.74976396560669,3.18
-80.6161093711853,33.74976396560669,3.1
-80.61606645584106,33.74976396560669,3.03
-80.61602354049683,33.74976396560669,2.98
-80.61598062515259,33.74976396560669,2.98
-80.61593770980835,33.74976396560669,3.01
-80.61589479446411,33.74976396560669,3.06
-80.61585187911987,33.74976396560669,3.14
-80.61580896377563,33.74976396560669,3.21
-80.6157660484314,33.74976396560669,3.24
-80.61572313308716,33.74976396560669,3.24
-80.61568021774292,33.74976396560669,3.24
-80.61563730239868,33.74976396560669,3.2
-80.61559438705444,33.74976396560669,3.17
-80.6155514717102,33.74976396560669,3.15
-80.61550855636597,33.74976396560669,3.13
-80.61546564102173,33.74976396560669,3.1
-80.61640977859497,33.74972105026245,3.24
-80.61636686325073,33.74972105026245,3.33
-80.6163239479065,33.74972105026245,3.39
-80.61628103256226,33.74972105026245,3.36
-80.61623811721802,33.74972105026245,3.27
-80.61619520187378,33.74972105026245,3.2
-80.61615228652954,33.74972105026245,3.12
-80.6161093711853,33.74972105026245,3.05
-80.61606645584106,33.74972105026245,3.01
-80.61602354049683,33.74972105026245,2.99
-80.61598062515259,33.74972105026245,3.02
-80.61593770980835,33.74972105026245,3.09
-80.61589479446411,33.74972105026245,3.15
-80.61585187911987,33.74972105026245,3.21
-80.61580896377563,33.74972105026245,3.25
-80.6157660484314,33.74972105026245,3.26
-80.61572313308716,33.74972105026245,3.22
-80.61568021774292,33.74972105026245,3.2
-80.61563730239868,33.74972105026245,3.17
-80.61559438705444,33.74972105026245,3.14
-80.6155514717102,33.74972105026245,3.12
-80.61550855636597,33.74972105026245,3.11
-80.61546564102173,33.74972105026245,3.1
-80.61542272567749,33.74972105026245,3.09
-80.61537981033325,33.74972105026245,3.08
-80.61628103256226,33.74967813491821,3.33
-80.61623811721802,33.74967813491821,3.22
-80.61619520187378,33.74967813491821,3.15
-80.61615228652954,33.74967813491821,3.08
-80.6161093711853,33.74967813491821,3.01
-80.61606645584106,33.74967813491821,2.99
-80.61602354049683,33.74967813491821,3.02
-80.61598062515259,33.74967813491821,3.07
-80.61593770980835,33.74967813491821,3.16
-80.61589479446411,33.74967813491821,3.23
-80.61585187911987,33.74967813491821,3.28
-80.61580896377563,33.74967813491821,3.29
-80.6157660484314,33.74967813491821,3.27
-80.61572313308716,33.74967813491821,3.22
-80.61568021774292,33.74967813491821,3.19
-80.61563730239868,33.74967813491821,3.15
-80.61559438705444,33.74967813491821,3.12
-80.6155514717102,33.74967813491821,3.1
-80.61550855636597,33.74967813491821,3.1
-80.61546564102173,33.74967813491821,3.09
-80.61542272567749,33.74967813491821,3.07
-80.61537981033325,33.74967813491821,3.05
-80.61533689498901,33.74967813491821,3.01
-80.61529397964478,33.74967813491821,2.96
-80.61619520187378,33.749635219573975,3.1
-80.61615228652954,33.749635219573975,3.03
-80.6161093711853,33.749635219573975,2.97
-80.61606645584106,33.749635219573975,2.98
-80.61602354049683,33.749635219573975,3.05
-80.61598062515259,33.749635219573975,3.13
-80.61593770980835,33.749635219573975,3.21
-80.61589479446411,33.749635219573975,3.26
-80.61585187911987,33.749635219573975,3.28
-80.61580896377563,33.749635219573975,3.25
-80.6157660484314,33.749635219573975,3.22
-80.61572313308716,33.749635219573975,3.17
-80.61568021774292,33.749635219573975,3.15
-80.61563730239868,33.749635219573975,3.12
-80.61559438705444,33.749635219573975,3.1
-80.6155514717102,33.749635219573975,3.09
-80.61550855636597,33.749635219573975,3.08
-80.61546564102173,33.749635219573975,3.07
-80.61542272567749,33.749635219573975,3.04
-80.61537981033325,33.749635219573975,3.01
-80.61533689498901,33.749635219573975,2.98
-80.61529397964478,33.749635219573975,2.94
-80.61525106430054,33.749635219573975,2.89
-80.6152081489563,33.749635219573975,2.86
-80.61606645584106,33.749592304229736,2.98
-80.61602354049683,33.749592304229736,3.09
-80.61598062515259,33.749592304229736,3.18
-80.61593770980835,33.749592304229736,3.26
-80.61589479446411,33.749592304229736,3.29
-80.61585187911987,33.749592304229736,3.28
-80.61580896377563,33.749592304229736,3.23
-80.6157660484314,33.749592304229736,3.19
-80.61572313308716,33.749592304229736,3.14
-80.61568021774292,33.749592304229736,3.12
-80.61563730239868,33.749592304229736,3.09
-80.61559438705444,33.749592304229736,3.08
-80.6155514717102,33.749592304229736,3.06
-80.61550855636597,33.749592304229736,3.05
-80.61546564102173,33.749592304229736,3.03
-80.61542272567749,33.749592304229736,3.0
-80.61537981033325,33.749592304229736,2.97
-80.61533689498901,33.749592304229736,2.94
-80.61529397964478,33.749592304229736,2.91
-80.61525106430054,33.749592304229736,2.87
-80.6152081489563,33.749592304229736,2.84
-80.61516523361206,33.749592304229736,2.82
-80.61512231826782,33.749592304229736,2.79
-80.61593770980835,33.7495493888855,3.31
-80.61589479446411,33.7495493888855,3.31
-80.61585187911987,33.7495493888855,3.26
-80.61580896377563,33.7495493888855,3.19
-80.6157660484314,33.7495493888855,3.15
-80.61572313308716,33.7495493888855,3.12
-80.61568021774292,33.7495493888855,3.1
-80.61563730239868,33.7495493888855,3.08
-80.61559438705444,33.7495493888855,3.06
-80.6155514717102,33.7495493888855,3.04
-80.61550855636597,33.7495493888855,3.01
-80.61546564102173,33.7495493888855,2.98
-80.61542272567749,33.7495493888855,2.95
-80.61537981033325,33.7495493888855,2.92
-80.61533689498901,33.7495493888855,2.9
-80.61529397964478,33.7495493888855,2.87
-80.61525106430054,33.7495493888855,2.85
-80.6152081489563,33.7495493888855,2.83
-80.61516523361206,33.7495493888855,2.8
-80.61512231826782,33.7495493888855,2.76
-80.61507940292358,33.7495493888855,2.71
-80.61589479446411,33.74950647354126,3.26
-80.61585187911987,33.74950647354126,3.22
-80.61580896377563,33.74950647354126,3.15
-80.6157660484314,33.74950647354126,3.12
-80.61572313308716,33.74950647354126,3.1
-80.61568021774292,33.74950647354126,3.08
-80.61563730239868,33.74950647354126,3.06
-80.61559438705444,33.74950647354126,3.03
-80.6155514717102,33.74950647354126,3.0
-80.61550855636597,33.74950647354126,2.97
-80.61546564102173,33.74950647354126,2.94
-80.61542272567749,33.74950647354126,2.91
-80.61537981033325,33.74950647354126,2.89
-80.61533689498901,33.74950647354126,2.88
-80.61529397964478,33.74950647354126,2.85
-80.61525106430054,33.74950647354126,2.82
-80.6152081489563,33.74950647354126,2.8
-80.61516523361206,33.74950647354126,2.77
-80.61512231826782,33.74950647354126,2.73
-80.61507940292358,33.74950647354126,2.7
-80.61503648757935,33.74950647354126,2.67
-80.61499357223511,33.74950647354126,2.63
-80.61580896377563,33.74946355819702,3.13
-80.6157660484314,33.74946355819702,3.1
-80.61572313308716,33.74946355819702,3.08
-80.61568021774292,33.74946355819702,3.06
-80.61563730239868,33.74946355819702,3.03
-80.61559438705444,33.74946355819702,3.0
-80.6155514717102,33.74946355819702,2.96
-80.61550855636597,33.74946355819702,2.93
-80.61546564102173,33.74946355819702,2.91
-80.61542272567749,33.74946355819702,2.89
-80.61537981033325,33.74946355819702,2.88
-80.61533689498901,33.74946355819702,2.87
-80.61529397964478,33.74946355819702,2.85
-80.61525106430054,33.74946355819702,2.82
-80.6152081489563,33.74946355819702,2.79
-80.61516523361206,33.74946355819702,2.75
-80.61512231826782,33.74946355819702,2.72
-80.61507940292358,33.74946355819702,2.68
-80.61503648757935,33.74946355819702,2.65
-80.61499357223511,33.74946355819702,2.64
-80.61495065689087,33.74946355819702,2.62
-80.61490774154663,33.74946355819702,2.6
-80.61486482620239,33.74946355819702,2.59
-80.61572313308716,33.74942064285278,3.08
-80.61568021774292,33.74942064285278,3.04
-80.61563730239868,33.74942064285278,3.0
-80.61559438705444,33.74942064285278,2.96
-80.6155514717102,33.74942064285278,2.92
-80.61550855636597,33.74942064285278,2.9
-80.61546564102173,33.74942064285278,2.89
-80.61542272567749,33.74942064285278,2.88
-80.61537981033325,33.74942064285278,2.88
-80.61533689498901,33.74942064285278,2.87
-80.61529397964478,33.74942064285278,2.83
-80.61525106430054,33.74942064285278,2.79
-80.6152081489563,33.74942064285278,2.75
-80.61516523361206,33.74942064285278,2.71
-80.61512231826782,33.74942064285278,2.67
-80.61507940292358,33.74942064285278,2.65
-80.61503648757935,33.74942064285278,2.63
-80.61499357223511,33.74942064285278,2.62
-80.61495065689087,33.74942064285278,2.61
-80.61490774154663,33.74942064285278,2.59
-80.61486482620239,33.74942064285278,2.57
-80.61482191085815,33.74942064285278,2.54
-80.61477899551392,33.74942064285278,2.5
-80.61473608016968,33.74942064285278,2.47
-80.61568021774292,33.749377727508545,3.02
-80.61563730239868,33.749377727508545,2.98
-80.61559438705444,33.749377727508545,2.94
-80.6155514717102,33.749377727508545,2.91
-80.61550855636597,33.749377727508545,2.89
-80.61546564102173,33.749377727508545,2.88
-80.61542272567749,33.749377727508545,2.88
-80.61537981033325,33.749377727508545,2.87
-80.61533689498901,33.749377727508545,2.85
-80.61529397964478,33.749377727508545,2.81
-80.61525106430054,33.749377727508545,2.77
-80.6152081489563,33.749377727508545,2.72
-80.61516523361206,33.749377727508545,2.68
-80.61512231826782,33.749377727508545,2.65
-80.61507940292358,33.749377727508545,2.63
-80.61503648757935,33.749377727508545,2.62
-80.61499357223511,33.749377727508545,2.61
-80.61495065689087,33.749377727508545,2.59
-80.61490774154663,33.749377727508545,2.57
-80.61486482620239,33.749377727508545,2.54
-80.61482191085815,33.749377727508545,2.51
-80.61477899551392,33.749377727508545,2.47
-80.61473608016968,33.749377727508545,2.45
-80.61469316482544,33.749377727508545,2.42
-80.6146502494812,33.749377727508545,2.4
-80.61460733413696,33.749377727508545,2.39
-80.61563730239868,33.74933481216431,2.94
-80.61559438705444,33.74933481216431,2.92
-80.6155514717102,33.74933481216431,2.89
-80.61550855636597,33.74933481216431,2.88
-80.61546564102173,33.74933481216431,2.89
-80.61542272567749,33.74933481216431,2.89
-80.61537981033325,33.74933481216431,2.86
-80.61533689498901,33.74933481216431,2.84
-80.61529397964478,33.74933481216431,2.78
-80.61525106430054,33.74933481216431,2.73
-80.6152081489563,33.74933481216431,2.68
-80.61516523361206,33.74933481216431,2.65
-80.61512231826782,33.74933481216431,2.64
-80.61507940292358,33.74933481216431,2.63
-80.61503648757935,33.74933481216431,2.62
-80.61499357223511,33.74933481216431,2.62
-80.61495065689087,33.74933481216431,2.59
-80.61490774154663,33.74933481216431,2.56
-80.61486482620239,33.74933481216431,2.53
-80.61482191085815,33.74933481216431,2.49
-80.61477899551392,33.74933481216431,2.45
-80.61473608016968,33.74933481216431,2.43
-80.61469316482544,33.74933481216431,2.4
-80.6146502494812,33.74933481216431,2.38
-80.61460733413696,33.74933481216431,2.38
-80.61456441879272,33.74933481216431,2.38
-80.61452150344849,33.74933481216431,2.39
-80.61447858810425,33.74933481216431,2.41
-80.6155514717102,33.74929189682007,2.89
-80.61550855636597,33.74929189682007,2.89
-80.61546564102173,33.74929189682007,2.89
-80.61542272567749,33.74929189682007,2.88
-80.61537981033325,33.74929189682007,2.84
-80.61533689498901,33.74929189682007,2.79
-80.61529397964478,33.74929189682007,2.74
-80.61525106430054,33.74929189682007,2.69
-80.6152081489563,33.74929189682007,2.65
-80.61516523361206,33.74929189682007,2.64
-80.61512231826782,33.74929189682007,2.64
-80.61507940292358,33.74929189682007,2.63
-80.61503648757935,33.74929189682007,2.62
-80.61499357223511,33.74929189682007,2.6
-80.61495065689087,33.74929189682007,2.56
-80.61490774154663,33.74929189682007,2.51
-80.61486482620239,33.74929189682007,2.47
-80.61482191085815,33.74929189682007,2.44
-80.61477899551392,33.74929189682007,2.41
-80.61473608016968,33.74929189682007,2.39
-80.61469316482544,33.74929189682007,2.39
-80.6146502494812,33.74929189682007,2.38
-80.61460733413696,33.74929189682007,2.38
-80.61456441879272,33.74929189682007,2.39
-80.61452150344849,33.74929189682007,2.41
-80.61447858810425,33.74929189682007,2.44
-80.61443567276001,33.74929189682007,2.47
-80.61439275741577,33.74929189682007,2.51
-80.61542272567749,33.74924898147583,2.87
-80.61537981033325,33.74924898147583,2.82
-80.61533689498901,33.74924898147583,2.76
-80.61529397964478,33.74924898147583,2.71
-80.61525106430054,33.74924898147583,2.67
-80.6152081489563,33.74924898147583,2.65
-80.61516523361206,33.74924898147583,2.64
-80.61512231826782,33.74924898147583,2.64
-80.61507940292358,33.74924898147583,2.63
-80.61503648757935,33.74924898147583,2.61
-80.61499357223511,33.74924898147583,2.58
-80.61495065689087,33.74924898147583,2.53
-80.61490774154663,33.74924898147583,2.48
-80.61486482620239,33.74924898147583,2.44
-80.61482191085815,33.74924898147583,2.41
-80.61477899551392,33.74924898147583,2.39
-80.61473608016968,33.74924898147583,2.38
-80.61469316482544,33.74924898147583,2.38
-80.6146502494812,33.74924898147583,2.38
-80.61460733413696,33.74924898147583,2.39
-80.61456441879272,33.74924898147583,2.4
-80.61452150344849,33.74924898147583,2.43
-80.61447858810425,33.74924898147583,2.45
-80.61443567276001,33.74924898147583,2.47
-80.61439275741577,33.74924898147583,2.5
-80.61434984207153,33.74924898147583,2.52
-80.6143069267273,33.74924898147583,2.52
-80.61533689498901,33.74920606613159,2.73
-80.61529397964478,33.74920606613159,2.68
-80.61525106430054,33.74920606613159,2.65
-80.6152081489563,33.74920606613159,2.64
-80.61516523361206,33.74920606613159,2.64
-80.61512231826782,33.74920606613159,2.64
-80.61507940292358,33.74920606613159,2.62
-80.61503648757935,33.74920606613159,2.59
-80.61499357223511,33.74920606613159,2.56
-80.61495065689087,33.74920606613159,2.5
-80.61490774154663,33.74920606613159,2.44
-80.61486482620239,33.74920606613159,2.41
-80.61482191085815,33.74920606613159,2.38
-80.61477899551392,33.74920606613159,2.36
-80.61473608016968,33.74920606613159,2.36
-80.61469316482544,33.74920606613159,2.37
-80.6146502494812,33.74920606613159,2.38
-80.61460733413696,33.74920606613159,2.4
-80.61456441879272,33.74920606613159,2.42
-80.61452150344849,33.74920606613159,2.45
-80.61447858810425,33.74920606613159,2.47
-80.61443567276001,33.74920606613159,2.49
-80.61439275741577,33.74920606613159,2.51
-80.61434984207153,33.74920606613159,2.53
-80.6143069267273,33.74920606613159,2.55
-80.61426401138306,33.74920606613159,2.57
-80.61529397964478,33.74916315078735,2.66
-80.61525106430054,33.74916315078735,2.64
-80.6152081489563,33.74916315078735,2.63
-80.61516523361206,33.74916315078735,2.62
-80.61512231826782,33.74916315078735,2.61
-80.61507940292358,33.74916315078735,2.59
-80.61503648757935,33.74916315078735,2.54
-80.61499357223511,33.74916315078735,2.5
-80.61495065689087,33.74916315078735,2.46
-80.61490774154663,33.74916315078735,2.41
-80.61486482620239,33.74916315078735,2.38
-80.61482191085815,33.74916315078735,2.36
-80.61477899551392,33.74916315078735,2.35
-80.61473608016968,33.74916315078735,2.35
-80.61469316482544,33.74916315078735,2.36
-80.6146502494812,33.74916315078735,2.38
-80.61460733413696,33.74916315078735,2.41
-80.61456441879272,33.74916315078735,2.43
-80.61452150344849,33.74916315078735,2.47
-80.61447858810425,33.74916315078735,2.5
-80.61443567276001,33.74916315078735,2.52
-80.61439275741577,33.74916315078735,2.53
-80.61434984207153,33.74916315078735,2.55
-80.6143069267273,33.74916315078735,2.56
-80.61426401138306,33.74916315078735,2.58
-80.61422109603882,33.74916315078735,2.59
-80.6152081489563,33.749120235443115,2.65
-80.61516523361206,33.749120235443115,2.63
-80.61512231826782,33.749120235443115,2.61
-80.61507940292358,33.749120235443115,2.58
-80.61503648757935,33.749120235443115,2.52
-80.61499357223511,33.749120235443115,2.46
-80.61495065689087,33.749120235443115,2.42
-80.61490774154663,33.749120235443115,2.38
-80.61486482620239,33.749120235443115,2.36
-80.61482191085815,33.749120235443115,2.35
-80.61477899551392,33.749120235443115,2.34
-80.61473608016968,33.749120235443115,2.34
-80.61469316482544,33.749120235443115,2.36
-80.6146502494812,33.749120235443115,2.38
-80.61460733413696,33.749120235443115,2.42
-80.61456441879272,33.749120235443115,2.44
-80.61452150344849,33.749120235443115,2.49
-80.61447858810425,33.749120235443115,2.51
-80.61443567276001,33.749120235443115,2.53
-80.61439275741577,33.749120235443115,2.55
-80.61434984207153,33.749120235443115,2.57
-80.6143069267273,33.749120235443115,2.58
-80.61426401138306,33.749120235443115,2.61
-80.61422109603882,33.749120235443115,2.64
-80.61417818069458,33.749120235443115,2.66
-80.61413526535034,33.749120235443115,2.7
-80.6183409690857,33.74907732009888,3.07
-80.61829805374146,33.74907732009888,3.02
-80.61825513839722,33.74907732009888,2.99
-80.61821222305298,33.74907732009888,2.91
-80.61816930770874,33.74907732009888,2.86
-80.6181263923645,33.74907732009888,2.85
-80.61808347702026,33.74907732009888,2.77
-80.61804056167603,33.74907732009888,2.69
-80.61799764633179,33.74907732009888,2.63
-80.61795473098755,33.74907732009888,2.54
-80.61512231826782,33.74907732009888,2.58
-80.61507940292358,33.74907732009888,2.54
-80.61503648757935,33.74907732009888,2.48
-80.61499357223511,33.74907732009888,2.43
-80.61495065689087,33.74907732009888,2.4
-80.61490774154663,33.74907732009888,2.37
-80.61486482620239,33.74907732009888,2.35
-80.61482191085815,33.74907732009888,2.34
-80.61477899551392,33.74907732009888,2.34
-80.61473608016968,33.74907732009888,2.34
-80.61469316482544,33.74907732009888,2.36
-80.6146502494812,33.74907732009888,2.39
-80.61460733413696,33.74907732009888,2.43
-80.61456441879272,33.74907732009888,2.46
-80.61452150344849,33.74907732009888,2.5
-80.61447858810425,33.74907732009888,2.52
-80.61443567276001,33.74907732009888,2.54
-80.61439275741577,33.74907732009888,2.55
-80.61434984207153,33.74907732009888,2.57
-80.6143069267273,33.74907732009888,2.59
-80.61426401138306,33.74907732009888,2.61
-80.61422109603882,33.74907732009888,2.64
-80.61417818069458,33.74907732009888,2.68
-80.61413526535034,33.74907732009888,2.73
-80.6140923500061,33.74907732009888,2.79
-80.6183409690857,33.74903440475464,2.58
-80.61829805374146,33.74903440475464,2.7
-80.61825513839722,33.74903440475464,2.79
-80.61821222305298,33.74903440475464,2.79
-80.61816930770874,33.74903440475464,2.79
-80.6181263923645,33.74903440475464,2.76
-80.61808347702026,33.74903440475464,2.67
-80.61804056167603,33.74903440475464,2.58
-80.61799764633179,33.74903440475464,2.49
-80.61795473098755,33.74903440475464,2.41
-80.61499357223511,33.74903440475464,2.4
-80.61495065689087,33.74903440475464,2.38
-80.61490774154663,33.74903440475464,2.35
-80.61486482620239,33.74903440475464,2.34
-80.61482191085815,33.74903440475464,2.33
-80.61477899551392,33.74903440475464,2.34
-80.61473608016968,33.74903440475464,2.35
-80.61469316482544,33.74903440475464,2.38
-80.6146502494812,33.74903440475464,2.41
-80.61460733413696,33.74903440475464,2.46
-80.61456441879272,33.74903440475464,2.49
-80.61452150344849,33.74903440475464,2.53
-80.61447858810425,33.74903440475464,2.55
-80.61443567276001,33.74903440475464,2.56
-80.61439275741577,33.74903440475464,2.58
-80.61434984207153,33.74903440475464,2.61
-80.6143069267273,33.74903440475464,2.64
-80.61426401138306,33.74903440475464,2.68
-80.61422109603882,33.74903440475464,2.73
-80.61417818069458,33.74903440475464,2.76
-80.61413526535034,33.74903440475464,2.8
-80.6140923500061,33.74903440475464,2.83
-80.61404943466187,33.74903440475464,2.85
-80.6183409690857,33.7489914894104,2.36
-80.61829805374146,33.7489914894104,2.51
-80.61825513839722,33.7489914894104,2.61
-80.61821222305298,33.7489914894104,2.65
-80.61816930770874,33.7489914894104,2.67
-80.6181263923645,33.7489914894104,2.65
-80.61808347702026,33.7489914894104,2.57
-80.61804056167603,33.7489914894104,2.5
-80.61799764633179,33.7489914894104,2.41
-80.61795473098755,33.7489914894104,2.33
-80.61791181564331,33.7489914894104,2.22
-80.61486482620239,33.7489914894104,2.33
-80.61482191085815,33.7489914894104,2.33
-80.61477899551392,33.7489914894104,2.35
-80.61473608016968,33.7489914894104,2.36
-80.61469316482544,33.7489914894104,2.39
-80.6146502494812,33.7489914894104,2.42
-80.61460733413696,33.7489914894104,2.47
-80.61456441879272,33.7489914894104,2.5
-80.61452150344849,33.7489914894104,2.54
-80.61447858810425,33.7489914894104,2.57
-80.61443567276001,33.7489914894104,2.59
-80.61439275741577,33.7489914894104,2.6
-80.61434984207153,33.7489914894104,2.63
-80.6143069267273,33.7489914894104,2.66
-80.61426401138306,33.7489914894104,2.7
-80.61422109603882,33.7489914894104,2.74
-80.61417818069458,33.7489914894104,2.78
-80.61413526535034,33.7489914894104,2.82
-80.6140923500061,33.7489914894104,2.86
-80.61404943466187,33.7489914894104,2.89
-80.61400651931763,33.7489914894104,2.91
-80.61872720718384,33.74894857406616,1.56
-80.6186842918396,33.74894857406616,1.58
-80.61864137649536,33.74894857406616,1.6
-80.61859846115112,33.74894857406616,1.61
-80.61855554580688,33.74894857406616,1.62
-80.61851263046265,33.74894857406616,1.63
-80.61846971511841,33.74894857406616,1.64
-80.61842679977417,33.74894857406616,1.79
-80.61838388442993,33.74894857406616,1.93
-80.6183409690857,33.74894857406616,2.08
-80.61829805374146,33.74894857406616,2.23
-80.61825513839722,33.74894857406616,2.32
-80.61821222305298,33.74894857406616,2.37
-80.61816930770874,33.74894857406616,2.4
-80.6181263923645,33.74894857406616,2.38
-80.61808347702026,33.74894857406616,2.31
-80.61804056167603,33.74894857406616,2.28
-80.61799764633179,33.74894857406616,2.22
-80.61795473098755,33.74894857406616,2.17
-80.61791181564331,33.74894857406616,2.11
-80.61786890029907,33.74894857406616,2.08
-80.61782598495483,33.74894857406616,2.04
-80.6177830696106,33.74894857406616,2.04
-80.61477899551392,33.74894857406616,2.34
-80.61473608016968,33.74894857406616,2.36
-80.61469316482544,33.74894857406616,2.41
-80.6146502494812,33.74894857406616,2.45
-80.61460733413696,33.74894857406616,2.5
-80.61456441879272,33.74894857406616,2.54
-80.61452150344849,33.74894857406616,2.57
-80.61447858810425,33.74894857406616,2.58
-80.61443567276001,33.74894857406616,2.59
-80.61439275741577,33.74894857406616,2.62
-80.61434984207153,33.74894857406616,2.63
-80.6143069267273,33.74894857406616,2.67
-80.61426401138306,33.74894857406616,2.72
-80.61422109603882,33.74894857406616,2.79
-80.61417818069458,33.74894857406616,2.82
-80.61413526535034,33.74894857406616,2.87
-80.6140923500061,33.74894857406616,2.91
-80.61404943466187,33.74894857406616,2.96
-80.61400651931763,33.74894857406616,3.01
-80.61396360397339,33.74894857406616,3.08
-80.61889886856079,33.748905658721924,1.53
-80.61885595321655,33.748905658721924,1.53
-80.61881303787231,33.748905658721924,1.55
-80.61877012252808,33.748905658721924,1.56
-80.61872720718384,33.748905658721924,1.56
-80.6186842918396,33.748905658721924,1.57
-80.61864137649536,33.748905658721924,1.59
-80.61859846115112,33.748905658721924,1.6
-80.61855554580688,33.748905658721924,1.61
-80.61851263046265,33.748905658721924,1.63
-80.61846971511841,33.748905658721924,1.65
-80.61842679977417,33.748905658721924,1.72
-80.61838388442993,33.748905658721924,1.8
-80.6183409690857,33.748905658721924,1.93
-80.61829805374146,33.748905658721924,2.07
-80.61825513839722,33.748905658721924,2.16
-80.61821222305298,33.748905658721924,2.23
-80.61816930770874,33.748905658721924,2.29
-80.6181263923645,33.748905658721924,2.28
-80.61808347702026,33.748905658721924,2.23
-80.61804056167603,33.748905658721924,2.21
-80.61799764633179,33.748905658721924,2.16
-80.61795473098755,33.748905658721924,2.12
-80.61791181564331,33.748905658721924,2.08
-80.61786890029907,33.748905658721924,2.05
-80.61782598495483,33.748905658721924,2.02
-80.6177830696106,33.748905658721924,2.04
-80.61774015426636,33.748905658721924,2.02
-80.61469316482544,33.748905658721924,2.45
-80.6146502494812,33.748905658721924,2.49
-80.61460733413696,33.748905658721924,2.53
-80.61456441879272,33.748905658721924,2.55
-80.61452150344849,33.748905658721924,2.58
-80.61447858810425,33.748905658721924,2.59
-80.61443567276001,33.748905658721924,2.59
-80.61439275741577,33.748905658721924,2.62
-80.61434984207153,33.748905658721924,2.65
-80.6143069267273,33.748905658721924,2.68
-80.61426401138306,33.748905658721924,2.74
-80.61422109603882,33.748905658721924,2.81
-80.61417818069458,33.748905658721924,2.86
-80.61413526535034,33.748905658721924,2.91
-80.6140923500061,33.748905658721924,2.98
-80.61404943466187,33.748905658721924,3.04
-80.61400651931763,33.748905658721924,3.1
-80.61396360397339,33.748905658721924,3.15
-80.61392068862915,33.748905658721924,3.21
-80.61907052993774,33.748862743377686,1.53
-80.6190276145935,33.748862743377686,1.51
-80.61898469924927,33.748862743377686,1.5
-80.61894178390503,33.748862743377686,1.49
-80.61889886856079,33.748862743377686,1.5
-80.61885595321655,33.748862743377686,1.5
-80.61881303787231,33.748862743377686,1.52
-80.61877012252808,33.748862743377686,1.53
-80.61872720718384,33.748862743377686,1.54
-80.6186842918396,33.748862743377686,1.57
-80.61864137649536,33.748862743377686,1.59
-80.61859846115112,33.748862743377686,1.61
-80.61855554580688,33.748862743377686,1.62
-80.61851263046265,33.748862743377686,1.63
-80.61846971511841,33.748862743377686,1.64
-80.61842679977417,33.748862743377686,1.68
-80.61838388442993,33.748862743377686,1.7
-80.6183409690857,33.748862743377686,1.79
-80.61829805374146,33.748862743377686,1.88
-80.61825513839722,33.748862743377686,1.93
-80.61821222305298,33.748862743377686,2.0
-80.61816930770874,33.748862743377686,2.05
-80.6181263923645,33.748862743377686,2.05
-80.61808347702026,33.748862743377686,2.05
-80.61804056167603,33.748862743377686,2.08
-80.61799764633179,33.748862743377686,2.07
-80.61795473098755,33.748862743377686,2.06
-80.61791181564331,33.748862743377686,2.05
-80.61786890029907,33.748862743377686,2.04
-80.61782598495483,33.748862743377686,2.02
-80.6177830696106,33.748862743377686,2.04
-80.61774015426636,33.748862743377686,2.03
-80.61769723892212,33.748862743377686,2.04
-80.61765432357788,33.748862743377686,2.08
-80.61761140823364,33.748862743377686,2.17
-80.6146502494812,33.748862743377686,2.51
-80.61460733413696,33.748862743377686,2.54
-80.61456441879272,33.748862743377686,2.57
-80.61452150344849,33.748862743377686,2.58
-80.61447858810425,33.748862743377686,2.59
-80.61443567276001,33.748862743377686,2.6
-80.61439275741577,33.748862743377686,2.62
-80.61434984207153,33.748862743377686,2.65
-80.6143069267273,33.748862743377686,2.7
-80.61426401138306,33.748862743377686,2.76
-80.61422109603882,33.748862743377686,2.85
-80.61417818069458,33.748862743377686,2.91
-80.61413526535034,33.748862743377686,2.98
-80.6140923500061,33.748862743377686,3.05
-80.61404943466187,33.748862743377686,3.12
-80.61400651931763,33.748862743377686,3.16
-80.61396360397339,33.748862743377686,3.19
-80.61392068862915,33.748862743377686,3.21
-80.61387777328491,33.748862743377686,3.21
-80.6192421913147,33.74881982803345,1.65
-80.61919927597046,33.74881982803345,1.62
-80.61915636062622,33.74881982803345,1.59
-80.61911344528198,33.74881982803345,1.55
-80.61907052993774,33.74881982803345,1.53
-80.6190276145935,33.74881982803345,1.52
-80.61898469924927,33.74881982803345,1.52
-80.61894178390503,33.74881982803345,1.5
-80.61889886856079,33.74881982803345,1.5
-80.61885595321655,33.74881982803345,1.5
-80.61881303787231,33.74881982803345,1.51
-80.61877012252808,33.74881982803345,1.52
-80.61872720718384,33.74881982803345,1.52
-80.6186842918396,33.74881982803345,1.54
-80.61864137649536,33.74881982803345,1.57
-80.61859846115112,33.74881982803345,1.6
-80.61855554580688,33.74881982803345,1.61
-80.61851263046265,33.74881982803345,1.63
-80.61846971511841,33.74881982803345,1.64
-80.61842679977417,33.74881982803345,1.69
-80.61838388442993,33.74881982803345,1.7
-80.6183409690857,33.74881982803345,1.76
-80.61829805374146,33.74881982803345,1.82
-80.61825513839722,33.74881982803345,1.84
-80.61821222305298,33.74881982803345,1.87
-80.61816930770874,33.74881982803345,1.91
-80.6181263923645,33.74881982803345,1.92
-80.61808347702026,33.74881982803345,1.95
-80.61804056167603,33.74881982803345,2.01
-80.61799764633179,33.74881982803345,2.02
-80.61795473098755,33.74881982803345,2.03
-80.61791181564331,33.74881982803345,2.02
-80.61786890029907,33.74881982803345,2.02
-80.61782598495483,33.74881982803345,2.0
-80.6177830696106,33.74881982803345,2.03
-80.61774015426636,33.74881982803345,2.03
-80.61769723892212,33.74881982803345,2.07
-80.61765432357788,33.74881982803345,2.11
-80.61761140823364,33.74881982803345,2.21
-80.6175684928894,33.74881982803345,2.22
-80.61752557754517,33.74881982803345,2.28
-80.61456441879272,33.74881982803345,2.56
-80.61452150344849,33.74881982803345,2.57
-80.61447858810425,33.74881982803345,2.57
-80.61443567276001,33.74881982803345,2.59
-80.61439275741577,33.74881982803345,2.63
-80.61434984207153,33.74881982803345,2.65
-80.6143069267273,33.74881982803345,2.69
-80.61426401138306,33.74881982803345,2.74
-80.61422109603882,33.74881982803345,2.82
-80.61417818069458,33.74881982803345,2.89
-80.61413526535034,33.74881982803345,2.99
-80.6140923500061,33.74881982803345,3.09
-80.61404943466187,33.74881982803345,3.17
-80.61400651931763,33.74881982803345,3.21
-80.61396360397339,33.74881982803345,3.22
-80.61392068862915,33.74881982803345,3.2
-80.61387777328491,33.74881982803345,3.18
-80.61383485794067,33.74881982803345,3.14
-80.61932802200317,33.74877691268921,1.76
-80.61928510665894,33.74877691268921,1.72
-80.6192421913147,33.74877691268921,1.68
-80.61919927597046,33.74877691268921,1.64
-80.61915636062622,33.74877691268921,1.6
-80.61911344528198,33.74877691268921,1.57
-80.61907052993774,33.74877691268921,1.55
-80.6190276145935,33.74877691268921,1.53
-80.61898469924927,33.74877691268921,1.52
-80.61894178390503,33.74877691268921,1.51
-80.61889886856079,33.74877691268921,1.5
-80.61885595321655,33.74877691268921,1.49
-80.61881303787231,33.74877691268921,1.5
-80.61877012252808,33.74877691268921,1.5
-80.61872720718384,33.74877691268921,1.51
-80.6186842918396,33.74877691268921,1.54
-80.61864137649536,33.74877691268921,1.57
-80.61859846115112,33.74877691268921,1.59
-80.61855554580688,33.74877691268921,1.6
-80.61851263046265,33.74877691268921,1.62
-80.61846971511841,33.74877691268921,1.63
-80.61842679977417,33.74877691268921,1.67
-80.61838388442993,33.74877691268921,1.69
-80.6183409690857,33.74877691268921,1.74
-80.61829805374146,33.74877691268921,1.78
-80.61825513839722,33.74877691268921,1.8
-80.61821222305298,33.74877691268921,1.81
-80.61816930770874,33.74877691268921,1.83
-80.6181263923645,33.74877691268921,1.85
-80.61808347702026,33.74877691268921,1.88
-80.61804056167603,33.74877691268921,1.94
-80.61799764633179,33.74877691268921,1.96
-80.61795473098755,33.74877691268921,1.97
-80.61791181564331,33.74877691268921,1.99
-80.61786890029907,33.74877691268921,2.0
-80.61782598495483,33.74877691268921,2.0
-80.6177830696106,33.74877691268921,2.03
-80.61774015426636,33.74877691268921,2.06
-80.61769723892212,33.74877691268921,2.11
-80.61765432357788,33.74877691268921,2.14
-80.61761140823364,33.74877691268921,2.23
-80.6175684928894,33.74877691268921,2.25
-80.61752557754517,33.74877691268921,2.3
-80.61748266220093,33.74877691268921,2.36
-80.61452150344849,33.74877691268921,2.57
-80.61447858810425,33.74877691268921,2.56
-80.61443567276001,33.74877691268921,2.59
-80.61439275741577,33.74877691268921,2.63
-80.61434984207153,33.74877691268921,2.66
-80.6143069267273,33.74877691268921,2.69
-80.61426401138306,33.74877691268921,2.74
-80.61422109603882,33.74877691268921,2.82
-80.61417818069458,33.74877691268921,2.89
-80.61413526535034,33.74877691268921,3.0
-80.6140923500061,33.74877691268921,3.11
-80.61404943466187,33.74877691268921,3.2
-80.61400651931763,33.74877691268921,3.21
-80.61396360397339,33.74877691268921,3.21
-80.61392068862915,33.74877691268921,3.17
-80.61387777328491,33.74877691268921,3.13
-80.61383485794067,33.74877691268921,3.08
-80.61949968338013,33.74873399734497,1.8
-80.61945676803589,33.74873399734497,1.83
-80.61941385269165,33.74873399734497,1.84
-80.61937093734741,33.74873399734497,1.83
-80.61932802200317,33.74873399734497,1.81
-80.61928510665894,33.74873399734497,1.77
-80.6192421913147,33.74873399734497,1.72
-80.61919927597046,33.74873399734497,1.67
-80.61915636062622,33.74873399734497,1.63
-80.61911344528198,33.74873399734497,1.59
-80.61907052993774,33.74873399734497,1.56
-80.6190276145935,33.74873399734497,1.54
-80.61898469924927,33.74873399734497,1.54
-80.61894178390503,33.74873399734497,1.52
-80.61889886856079,33.74873399734497,1.51
-80.61885595321655,33.74873399734497,1.49
-80.61881303787231,33.74873399734497,1.49
-80.61877012252808,33.74873399734497,1.48
-80.61872720718384,33.74873399734497,1.49
-80.6186842918396,33.74873399734497,1.52
-80.61864137649536,33.74873399734497,1.55
-80.61859846115112,33.74873399734497,1.57
-80.61855554580688,33.74873399734497,1.59
-80.61851263046265,33.74873399734497,1.62
-80.61846971511841,33.74873399734497,1.64
-80.61842679977417,33.74873399734497,1.67
-80.61838388442993,33.74873399734497,1.69
-80.6183409690857,33.74873399734497,1.74
-80.61829805374146,33.74873399734497,1.77
-80.61825513839722,33.74873399734497,1.81
-80.61821222305298,33.74873399734497,1.83
-80.61816930770874,33.74873399734497,1.85
-80.6181263923645,33.74873399734497,1.87
-80.61808347702026,33.74873399734497,1.91
-80.61804056167603,33.74873399734497,1.95
-80.61799764633179,33.74873399734497,1.98
-80.61795473098755,33.74873399734497,2.0
-80.61791181564331,33.74873399734497,2.01
-80.61786890029907,33.74873399734497,2.04
-80.61782598495483,33.74873399734497,2.03
-80.6177830696106,33.74873399734497,2.06
-80.61774015426636,33.74873399734497,2.09
-80.61769723892212,33.74873399734497,2.15
-80.61765432357788,33.74873399734497,2.17
-80.61761140823364,33.74873399734497,2.26
-80.6175684928894,33.74873399734497,2.28
-80.61752557754517,33.74873399734497,2.33
-80.61748266220093,33.74873399734497,2.38
-80.61743974685669,33.74873399734497,2.45
-80.61739683151245,33.74873399734497,2.46
-80.61443567276001,33.74873399734497,2.6
-80.61439275741577,33.74873399734497,2.63
-80.61434984207153,33.74873399734497,2.67
-80.6143069267273,33.74873399734497,2.7
-80.61426401138306,33.74873399734497,2.73
-80.61422109603882,33.74873399734497,2.81
-80.61417818069458,33.74873399734497,2.9
-80.61413526535034,33.74873399734497,3.0
-80.6140923500061,33.74873399734497,3.1
-80.61404943466187,33.74873399734497,3.18
-80.61400651931763,33.74873399734497,3.17
-80.61396360397339,33.74873399734497,3.14
-80.61392068862915,33.74873399734497,3.08
-80.61387777328491,33.74873399734497,3.03
-80.61383485794067,33.74873399734497,2.98
-80.61379194259644,33.74873399734497,2.95
-80.61962842941284,33.74869108200073,1.83
-80.6195855140686,33.74869108200073,1.81
-80.61954259872437,33.74869108200073,1.81
-80.61949968338013,33.74869108200073,1.81
-80.61945676803589,33.74869108200073,1.82
-80.61941385269165,33.74869108200073,1.83
-80.61937093734741,33.74869108200073,1.83
-80.61932802200317,33.74869108200073,1.82
-80.61928510665894,33.74869108200073,1.79
-80.6192421913147,33.74869108200073,1.75
-80.61919927597046,33.74869108200073,1.7
-80.61915636062622,33.74869108200073,1.65
-80.61911344528198,33.74869108200073,1.6
-80.61907052993774,33.74869108200073,1.56
-80.6190276145935,33.74869108200073,1.54
-80.61898469924927,33.74869108200073,1.53
-80.61894178390503,33.74869108200073,1.51
-80.61889886856079,33.74869108200073,1.5
-80.61885595321655,33.74869108200073,1.48
-80.61881303787231,33.74869108200073,1.47
-80.61877012252808,33.74869108200073,1.46
-80.61872720718384,33.74869108200073,1.48
-80.6186842918396,33.74869108200073,1.5
-80.61864137649536,33.74869108200073,1.53
-80.61859846115112,33.74869108200073,1.56
-80.61855554580688,33.74869108200073,1.59
-80.61851263046265,33.74869108200073,1.62
-80.61846971511841,33.74869108200073,1.63
-80.61842679977417,33.74869108200073,1.66
-80.61838388442993,33.74869108200073,1.68
-80.6183409690857,33.74869108200073,1.72
-80.61829805374146,33.74869108200073,1.76
-80.61825513839722,33.74869108200073,1.8
-80.61821222305298,33.74869108200073,1.83
-80.61816930770874,33.74869108200073,1.86
-80.6181263923645,33.74869108200073,1.88
-80.61808347702026,33.74869108200073,1.91
-80.61804056167603,33.74869108200073,1.95
-80.61799764633179,33.74869108200073,1.97
-80.61795473098755,33.74869108200073,2.0
-80.61791181564331,33.74869108200073,2.02
-80.61786890029907,33.74869108200073,2.06
-80.61782598495483,33.74869108200073,2.06
-80.6177830696106,33.74869108200073,2.09
-80.61774015426636,33.74869108200073,2.12
-80.61769723892212,33.74869108200073,2.19
-80.61765432357788,33.74869108200073,2.21
-80.61761140823364,33.74869108200073,2.29
-80.6175684928894,33.74869108200073,2.33
-80.61752557754517,33.74869108200073,2.37
-80.61748266220093,33.74869108200073,2.41
-80.61743974685669,33.74869108200073,2.47
-80.61739683151245,33.74869108200073,2.49
-80.61735391616821,33.74869108200073,2.51
-80.61731100082397,33.74869108200073,2.56
-80.61439275741577,33.74869108200073,2.63
-80.61434984207153,33.74869108200073,2.66
-80.6143069267273,33.74869108200073,2.72
-80.61426401138306,33.74869108200073,2.74
-80.61422109603882,33.74869108200073,2.81
-80.61417818069458,33.74869108200073,2.88
-80.61413526535034,33.74869108200073,2.97
-80.6140923500061,33.74869108200073,3.02
-80.61404943466187,33.74869108200073,3.09
-80.61400651931763,33.74869108200073,3.07
-80.61396360397339,33.74869108200073,3.05
-80.61392068862915,33.74869108200073,3.0
-80.61387777328491,33.74869108200073,2.96
-80.61383485794067,33.74869108200073,2.93
-80.61379194259644,33.74869108200073,2.91
-80.61971426010132,33.748648166656494,1.85
-80.61967134475708,33.748648166656494,1.85
-80.61962842941284,33.748648166656494,1.84
-80.6195855140686,33.748648166656494,1.83
-80.61954259872437,33.748648166656494,1.81
-80.61949968338013,33.748648166656494,1.81
-80.61945676803589,33.748648166656494,1.82
-80.61941385269165,33.748648166656494,1.83
-80.61937093734741,33.748648166656494,1.84
-80.61932802200317,33.748648166656494,1.86
-80.61928510665894,33.748648166656494,1.84
-80.6192421913147,33.748648166656494,1.8
-80.61919927597046,33.748648166656494,1.75
-80.61915636062622,33.748648166656494,1.69
-80.61911344528198,33.748648166656494,1.63
-80.61907052993774,33.748648166656494,1.59
-80.6190276145935,33.748648166656494,1.56
-80.61898469924927,33.748648166656494,1.55
-80.61894178390503,33.748648166656494,1.53
-80.61889886856079,33.748648166656494,1.52
-80.61885595321655,33.748648166656494,1.5
-80.61881303787231,33.748648166656494,1.49
-80.61877012252808,33.748648166656494,1.47
-80.61872720718384,33.748648166656494,1.47
-80.6186842918396,33.748648166656494,1.48
-80.61864137649536,33.748648166656494,1.51
-80.61859846115112,33.748648166656494,1.54
-80.61855554580688,33.748648166656494,1.58
-80.61851263046265,33.748648166656494,1.61
-80.61846971511841,33.748648166656494,1.63
-80.61842679977417,33.748648166656494,1.66
-80.61838388442993,33.748648166656494,1.67
-80.61829805374146,33.748648166656494,1.73
-80.61825513839722,33.748648166656494,1.8
-80.61821222305298,33.748648166656494,1.85
-80.61816930770874,33.748648166656494,1.87
-80.6181263923645,33.748648166656494,1.88
-80.61808347702026,33.748648166656494,1.92
-80.61804056167603,33.748648166656494,1.95
-80.61799764633179,33.748648166656494,1.98
-80.61795473098755,33.748648166656494,2.01
-80.61791181564331,33.748648166656494,2.03
-80.61786890029907,33.748648166656494,2.07
-80.61782598495483,33.748648166656494,2.07
-80.6177830696106,33.748648166656494,2.11
-80.61774015426636,33.748648166656494,2.15
-80.61769723892212,33.748648166656494,2.22
-80.61765432357788,33.748648166656494,2.24
-80.61761140823364,33.748648166656494,2.31
-80.6175684928894,33.748648166656494,2.36
-80.61752557754517,33.748648166656494,2.39
-80.61748266220093,33.748648166656494,2.43
-80.61743974685669,33.748648166656494,2.48
-80.61739683151245,33.748648166656494,2.5
-80.61735391616821,33.748648166656494,2.51
-80.61731100082397,33.748648166656494,2.53
-80.61726808547974,33.748648166656494,2.5
-80.61434984207153,33.748648166656494,2.66
-80.6143069267273,33.748648166656494,2.72
-80.61426401138306,33.748648166656494,2.74
-80.61422109603882,33.748648166656494,2.79
-80.61417818069458,33.748648166656494,2.83
-80.61413526535034,33.748648166656494,2.9
-80.6140923500061,33.748648166656494,2.93
-80.61404943466187,33.748648166656494,2.97
-80.61400651931763,33.748648166656494,2.97
-80.61396360397339,33.748648166656494,2.97
-80.61392068862915,33.748648166656494,2.93
-80.61387777328491,33.748648166656494,2.91
-80.61383485794067,33.748648166656494,2.88
-80.61379194259644,33.748648166656494,2.86
-80.6137490272522,33.748648166656494,2.83
-80.6198000907898,33.748605251312256,1.88
-80.61975717544556,33.748605251312256,1.88
-80.61971426010132,33.748605251312256,1.87
-80.61967134475708,33.748605251312256,1.86
-80.61962842941284,33.748605251312256,1.86
-80.6195855140686,33.748605251312256,1.84
-80.61954259872437,33.748605251312256,1.81
-80.61949968338013,33.748605251312256,1.8
-80.61945676803589,33.748605251312256,1.81
-80.61941385269165,33.748605251312256,1.81
-80.61937093734741,33.748605251312256,1.83
-80.61932802200317,33.748605251312256,1.86
-80.61928510665894,33.748605251312256,1.85
-80.6192421913147,33.748605251312256,1.83
-80.61919927597046,33.748605251312256,1.79
-80.61915636062622,33.748605251312256,1.73
-80.61911344528198,33.748605251312256,1.67
-80.61907052993774,33.748605251312256,1.62
-80.6190276145935,33.748605251312256,1.58
-80.61898469924927,33.748605251312256,1.56
-80.61894178390503,33.748605251312256,1.54
-80.61889886856079,33.748605251312256,1.52
-80.61885595321655,33.748605251312256,1.5
-80.61881303787231,33.748605251312256,1.48
-80.61877012252808,33.748605251312256,1.46
-80.61872720718384,33.748605251312256,1.47
-80.6186842918396,33.748605251312256,1.47
-80.61864137649536,33.748605251312256,1.49
-80.61859846115112,33.748605251312256,1.51
-80.61855554580688,33.748605251312256,1.56
-80.61808347702026,33.748605251312256,1.94
-80.61804056167603,33.748605251312256,1.97
-80.61799764633179,33.748605251312256,1.99
-80.61795473098755,33.748605251312256,2.02
-80.61791181564331,33.748605251312256,2.03
-80.61786890029907,33.748605251312256,2.07
-80.61782598495483,33.748605251312256,2.1
-80.6177830696106,33.748605251312256,2.14
-80.61774015426636,33.748605251312256,2.19
-80.61769723892212,33.748605251312256,2.27
-80.61765432357788,33.748605251312256,2.29
-80.61761140823364,33.748605251312256,2.34
-80.6175684928894,33.748605251312256,2.4
-80.61752557754517,33.748605251312256,2.43
-80.61748266220093,33.748605251312256,2.46
-80.61743974685669,33.748605251312256,2.5
-80.61739683151245,33.748605251312256,2.52
-80.61735391616821,33.748605251312256,2.5
-80.61731100082397,33.748605251312256,2.52
-80.61726808547974,33.748605251312256,2.48
-80.6172251701355,33.748605251312256,2.47
-80.61718225479126,33.748605251312256,2.45
-80.61434984207153,33.748605251312256,2.68
-80.6143069267273,33.748605251312256,2.74
-80.61426401138306,33.748605251312256,2.74
-80.61422109603882,33.748605251312256,2.78
-80.61417818069458,33.748605251312256,2.8
-80.61413526535034,33.748605251312256,2.84
-80.6140923500061,33.748605251312256,2.85
-80.61404943466187,33.748605251312256,2.89
-80.61400651931763,33.748605251312256,2.89
-80.61396360397339,33.748605251312256,2.9
-80.61392068862915,33.748605251312256,2.89
-80.61387777328491,33.748605251312256,2.86
-80.61383485794067,33.748605251312256,2.83
-80.61379194259644,33.748605251312256,2.8
-80.6137490272522,33.748605251312256,2.78
-80.61992883682251,33.74856233596802,1.91
-80.61988592147827,33.74856233596802,1.9
-80.61984300613403,33.74856233596802,1.89
-80.6198000907898,33.74856233596802,1.88
-80.61975717544556,33.74856233596802,1.87
-80.61971426010132,33.74856233596802,1.87
-80.61967134475708,33.74856233596802,1.87
-80.61962842941284,33.74856233596802,1.86
-80.6195855140686,33.74856233596802,1.85
-80.61954259872437,33.74856233596802,1.82
-80.61949968338013,33.74856233596802,1.81
-80.61945676803589,33.74856233596802,1.8
-80.61941385269165,33.74856233596802,1.8
-80.61937093734741,33.74856233596802,1.82
-80.61932802200317,33.74856233596802,1.86
-80.61928510665894,33.74856233596802,1.86
-80.6192421913147,33.74856233596802,1.86
-80.61919927597046,33.74856233596802,1.82
-80.61915636062622,33.74856233596802,1.77
-80.61911344528198,33.74856233596802,1.7
-80.61907052993774,33.74856233596802,1.65
-80.6190276145935,33.74856233596802,1.59
-80.61898469924927,33.74856233596802,1.57
-80.61894178390503,33.74856233596802,1.55
-80.61889886856079,33.74856233596802,1.53
-80.61885595321655,33.74856233596802,1.51
-80.61881303787231,33.74856233596802,1.49
-80.61877012252808,33.74856233596802,1.46
-80.61872720718384,33.74856233596802,1.46
-80.61799764633179,33.74856233596802,2.04
-80.61795473098755,33.74856233596802,2.07
-80.61791181564331,33.74856233596802,2.09
-80.61786890029907,33.74856233596802,2.13
-80.61782598495483,33.74856233596802,2.15
-80.6177830696106,33.74856233596802,2.21
-80.61774015426636,33.74856233596802,2.26
-80.61769723892212,33.74856233596802,2.32
-80.61765432357788,33.74856233596802,2.35
-80.61761140823364,33.74856233596802,2.4
-80.6175684928894,33.74856233596802,2.45
-80.61752557754517,33.74856233596802,2.48
-80.61748266220093,33.74856233596802,2.5
-80.61743974685669,33.74856233596802,2.51
-80.61739683151245,33.74856233596802,2.53
-80.61735391616821,33.74856233596802,2.49
-80.61731100082397,33.74856233596802,2.5
-80.61726808547974,33.74856233596802,2.46
-80.6172251701355,33.74856233596802,2.46
-80.61718225479126,33.74856233596802,2.44
-80.61713933944702,33.74856233596802,2.46
-80.6143069267273,33.74856233596802,2.76
-80.61426401138306,33.74856233596802,2.75
-80.61422109603882,33.74856233596802,2.77
-80.61417818069458,33.74856233596802,2.77
-80.61413526535034,33.74856233596802,2.79
-80.6140923500061,33.74856233596802,2.77
-80.61404943466187,33.74856233596802,2.8
-80.61400651931763,33.74856233596802,2.82
-80.61396360397339,33.74856233596802,2.84
-80.61392068862915,33.74856233596802,2.84
-80.61387777328491,33.74856233596802,2.82
-80.61383485794067,33.74856233596802,2.8
-80.61379194259644,33.74856233596802,2.78
-80.6137490272522,33.74856233596802,2.78
-80.61370611190796,33.74856233596802,2.77
-80.62001466751099,33.74851942062378,2.01
-80.61997175216675,33.74851942062378,1.97
-80.61992883682251,33.74851942062378,1.95
-80.61988592147827,33.74851942062378,1.92
-80.61984300613403,33.74851942062378,1.91
-80.6198000907898,33.74851942062378,1.89
-80.61975717544556,33.74851942062378,1.88
-80.61971426010132,33.74851942062378,1.88
-80.61967134475708,33.74851942062378,1.89
-80.61962842941284,33.74851942062378,1.89
-80.6195855140686,33.74851942062378,1.9
-80.61954259872437,33.74851942062378,1.87
-80.61949968338013,33.74851942062378,1.84
-80.61945676803589,33.74851942062378,1.82
-80.61941385269165,33.74851942062378,1.8
-80.61937093734741,33.74851942062378,1.79
-80.61932802200317,33.74851942062378,1.83
-80.61928510665894,33.74851942062378,1.84
-80.6192421913147,33.74851942062378,1.85
-80.61919927597046,33.74851942062378,1.83
-80.61915636062622,33.74851942062378,1.8
-80.61911344528198,33.74851942062378,1.74
-80.61907052993774,33.74851942062378,1.69
-80.6190276145935,33.74851942062378,1.61
-80.61898469924927,33.74851942062378,1.57
-80.61894178390503,33.74851942062378,1.55
-80.61889886856079,33.74851942062378,1.54
-80.61885595321655,33.74851942062378,1.52
-80.61795473098755,33.74851942062378,2.07
-80.61791181564331,33.74851942062378,2.1
-80.61786890029907,33.74851942062378,2.15
-80.61782598495483,33.74851942062378,2.2
-80.6177830696106,33.74851942062378,2.26
-80.61774015426636,33.74851942062378,2.32
-80.61769723892212,33.74851942062378,2.38
-80.61765432357788,33.74851942062378,2.42
-80.61761140823364,33.74851942062378,2.45
-80.6175684928894,33.74851942062378,2.49
-80.61752557754517,33.74851942062378,2.51
-80.61748266220093,33.74851942062378,2.52
-80.61743974685669,33.74851942062378,2.51
-80.61739683151245,33.74851942062378,2.52
-80.61735391616821,33.74851942062378,2.47
-80.61731100082397,33.74851942062378,2.48
-80.61726808547974,33.74851942062378,2.46
-80.6172251701355,33.74851942062378,2.47
-80.61718225479126,33.74851942062378,2.44
-80.61713933944702,33.74851942062378,2.46
-80.61709642410278,33.74851942062378,2.43
-80.61426401138306,33.74851942062378,2.75
-80.61422109603882,33.74851942062378,2.74
-80.61417818069458,33.74851942062378,2.73
-80.61413526535034,33.74851942062378,2.72
-80.6140923500061,33.74851942062378,2.69
-80.61404943466187,33.74851942062378,2.7
-80.61400651931763,33.74851942062378,2.72
-80.61396360397339,33.74851942062378,2.75
-80.61392068862915,33.74851942062378,2.78
-80.61387777328491,33.74851942062378,2.79
-80.61383485794067,33.74851942062378,2.8
-80.61379194259644,33.74851942062378,2.8
-80.6137490272522,33.74851942062378,2.81
-80.61370611190796,33.74851942062378,2.81
-80.61366319656372,33.74851942062378,2.83
-80.62010049819946,33.74847650527954,2.1
-80.62005758285522,33.74847650527954,2.07
-80.62001466751099,33.74847650527954,2.03
-80.61997175216675,33.74847650527954,1.99
-80.61992883682251,33.74847650527954,1.96
-80.61988592147827,33.74847650527954,1.94
-80.61984300613403,33.74847650527954,1.91
-80.6198000907898,33.74847650527954,1.89
-80.61975717544556,33.74847650527954,1.87
-80.61971426010132,33.74847650527954,1.86
-80.61967134475708,33.74847650527954,1.86
-80.61962842941284,33.74847650527954,1.87
-80.6195855140686,33.74847650527954,1.89
-80.61954259872437,33.74847650527954,1.88
-80.61949968338013,33.74847650527954,1.87
-80.61945676803589,33.74847650527954,1.84
-80.61941385269165,33.74847650527954,1.82
-80.61937093734741,33.74847650527954,1.8
-80.61932802200317,33.74847650527954,1.83
-80.61928510665894,33.74847650527954,1.83
-80.6192421913147,33.74847650527954,1.86
-80.61919927597046,33.74847650527954,1.85
-80.61915636062622,33.74847650527954,1.82
-80.61911344528198,33.74847650527954,1.78
-80.61907052993774,33.74847650527954,1.73
-80.6190276145935,33.74847650527954,1.63
-80.61795473098755,33.74847650527954,2.07
-80.61791181564331,33.74847650527954,2.11
-80.61786890029907,33.74847650527954,2.18
-80.61782598495483,33.74847650527954,2.25
-80.6177830696106,33.74847650527954,2.32
-80.61774015426636,33.74847650527954,2.39
-80.61769723892212,33.74847650527954,2.44
-80.61765432357788,33.74847650527954,2.48
-80.61761140823364,33.74847650527954,2.5
-80.6175684928894,33.74847650527954,2.53
-80.61752557754517,33.74847650527954,2.53
-80.61748266220093,33.74847650527954,2.54
-80.61743974685669,33.74847650527954,2.51
-80.61739683151245,33.74847650527954,2.52
-80.61735391616821,33.74847650527954,2.47
-80.61731100082397,33.74847650527954,2.47
-80.61726808547974,33.74847650527954,2.46
-80.6172251701355,33.74847650527954,2.46
-80.61718225479126,33.74847650527954,2.44
-80.61713933944702,33.74847650527954,2.45
-80.61709642410278,33.74847650527954,2.44
-80.61705350875854,33.74847650527954,2.44
-80.6170105934143,33.74847650527954,2.42
-80.61426401138306,33.74847650527954,2.7
-80.61422109603882,33.74847650527954,2.67
-80.61417818069458,33.74847650527954,2.65
-80.61413526535034,33.74847650527954,2.62
-80.6140923500061,33.74847650527954,2.6
-80.61404943466187,33.74847650527954,2.6
-80.61400651931763,33.74847650527954,2.63
-80.61396360397339,33.74847650527954,2.68
-80.61392068862915,33.74847650527954,2.73
-80.61387777328491,33.74847650527954,2.76
-80.61383485794067,33.74847650527954,2.78
-80.61379194259644,33.74847650527954,2.8
-80.6137490272522,33.74847650527954,2.81
-80.61370611190796,33.74847650527954,2.82
-80.61366319656372,33.74847650527954,2.84
-80.62018632888794,33.7484335899353,2.23
-80.6201434135437,33.7484335899353,2.19
-80.62010049819946,33.7484335899353,2.15
-80.62005758285522,33.7484335899353,2.1
-80.62001466751099,33.7484335899353,2.06
-80.61997175216675,33.7484335899353,2.02
-80.61992883682251,33.7484335899353,1.99
-80.61988592147827,33.7484335899353,1.97
-80.61984300613403,33.7484335899353,1.95
-80.6198000907898,33.7484335899353,1.92
-80.61975717544556,33.7484335899353,1.9
-80.61971426010132,33.7484335899353,1.88
-80.61967134475708,33.7484335899353,1.87
-80.61962842941284,33.7484335899353,1.87
-80.6195855140686,33.7484335899353,1.88
-80.61954259872437,33.7484335899353,1.89
-80.61949968338013,33.7484335899353,1.89
-80.61945676803589,33.7484335899353,1.86
-80.61941385269165,33.7484335899353,1.84
-80.61937093734741,33.7484335899353,1.81
-80.61932802200317,33.7484335899353,1.82
-80.61928510665894,33.7484335899353,1.81
-80.6192421913147,33.7484335899353,1.86
-80.61919927597046,33.7484335899353,1.86
-80.61915636062622,33.7484335899353,1.85
-80.61791181564331,33.7484335899353,2.15
-80.61786890029907,33.7484335899353,2.21
-80.61782598495483,33.7484335899353,2.29
-80.6177830696106,33.7484335899353,2.39
-80.61774015426636,33.7484335899353,2.47
-80.61769723892212,33.7484335899353,2.51
-80.61765432357788,33.7484335899353,2.55
-80.61761140823364,33.7484335899353,2.56
-80.6175684928894,33.7484335899353,2.58
-80.61752557754517,33.7484335899353,2.56
-80.61748266220093,33.7484335899353,2.55
-80.61743974685669,33.7484335899353,2.52
-80.61739683151245,33.7484335899353,2.51
-80.61735391616821,33.7484335899353,2.47
-80.61731100082397,33.7484335899353,2.46
-80.61726808547974,33.7484335899353,2.46
-80.6172251701355,33.7484335899353,2.46
-80.61718225479126,33.7484335899353,2.44
-80.61713933944702,33.7484335899353,2.45
-80.61709642410278,33.7484335899353,2.45
-80.61705350875854,33.7484335899353,2.44
-80.6170105934143,33.7484335899353,2.43
-80.61696767807007,33.7484335899353,2.41
-80.61426401138306,33.7484335899353,2.64
-80.61422109603882,33.7484335899353,2.61
-80.61417818069458,33.7484335899353,2.59
-80.61413526535034,33.7484335899353,2.54
-80.6140923500061,33.7484335899353,2.51
-80.61404943466187,33.7484335899353,2.51
-80.61400651931763,33.7484335899353,2.54
-80.61396360397339,33.7484335899353,2.6
-80.61392068862915,33.7484335899353,2.68
-80.61387777328491,33.7484335899353,2.74
-80.61383485794067,33.7484335899353,2.8
-80.61379194259644,33.7484335899353,2.83
-80.6137490272522,33.7484335899353,2.84
-80.61370611190796,33.7484335899353,2.85
-80.61366319656372,33.7484335899353,2.87
-80.61362028121948,33.7484335899353,2.87
-80.62027215957642,33.748390674591064,2.32
-80.62022924423218,33.748390674591064,2.3
-80.62018632888794,33.748390674591064,2.26
-80.6201434135437,33.748390674591064,2.22
-80.62010049819946,33.748390674591064,2.18
-80.62005758285522,33.748390674591064,2.14
-80.62001466751099,33.748390674591064,2.1
-80.61997175216675,33.748390674591064,2.05
-80.61992883682251,33.748390674591064,2.01
-80.61988592147827,33.748390674591064,1.98
-80.61984300613403,33.748390674591064,1.95
-80.6198000907898,33.748390674591064,1.92
-80.61975717544556,33.748390674591064,1.9
-80.61971426010132,33.748390674591064,1.89
-80.61967134475708,33.748390674591064,1.87
-80.61962842941284,33.748390674591064,1.86
-80.6195855140686,33.748390674591064,1.88
-80.61954259872437,33.748390674591064,1.89
-80.61949968338013,33.748390674591064,1.9
-80.61945676803589,33.748390674591064,1.88
-80.61941385269165,33.748390674591064,1.86
-80.61937093734741,33.748390674591064,1.82
-80.61932802200317,33.748390674591064,1.81
-80.61928510665894,33.748390674591064,1.79
-80.6192421913147,33.748390674591064,1.84
-80.61782598495483,33.748390674591064,2.35
-80.6177830696106,33.748390674591064,2.43
-80.61774015426636,33.748390674591064,2.53
-80.61769723892212,33.748390674591064,2.55
-80.61765432357788,33.748390674591064,2.58
-80.61761140823364,33.748390674591064,2.58
-80.6175684928894,33.748390674591064,2.58
-80.61752557754517,33.748390674591064,2.55
-80.61748266220093,33.748390674591064,2.53
-80.61743974685669,33.748390674591064,2.51
-80.61739683151245,33.748390674591064,2.5
-80.61735391616821,33.748390674591064,2.48
-80.61731100082397,33.748390674591064,2.46
-80.61726808547974,33.748390674591064,2.47
-80.6172251701355,33.748390674591064,2.46
-80.61718225479126,33.748390674591064,2.45
-80.61713933944702,33.748390674591064,2.45
-80.61709642410278,33.748390674591064,2.46
-80.61705350875854,33.748390674591064,2.44
-80.6170105934143,33.748390674591064,2.43
-80.61696767807007,33.748390674591064,2.41
-80.61692476272583,33.748390674591064,2.39
-80.61688184738159,33.748390674591064,2.33
-80.61422109603882,33.748390674591064,2.53
-80.61417818069458,33.748390674591064,2.5
-80.61413526535034,33.748390674591064,2.47
-80.6140923500061,33.748390674591064,2.43
-80.61404943466187,33.748390674591064,2.42
-80.61400651931763,33.748390674591064,2.46
-80.61396360397339,33.748390674591064,2.54
-80.61392068862915,33.748390674591064,2.62
-80.61387777328491,33.748390674591064,2.71
-80.61383485794067,33.748390674591064,2.8
-80.61379194259644,33.748390674591064,2.85
-80.6137490272522,33.748390674591064,2.88
-80.61370611190796,33.748390674591064,2.89
-80.61366319656372,33.748390674591064,2.9
-80.61362028121948,33.748390674591064,2.89
-80.62035799026489,33.748347759246826,2.47
-80.62031507492065,33.748347759246826,2.42
-80.62027215957642,33.748347759246826,2.37
-80.62022924423218,33.748347759246826,2.33
-80.62018632888794,33.748347759246826,2.29
-80.6201434135437,33.748347759246826,2.26
-80.62010049819946,33.748347759246826,2.23
-80.62005758285522,33.748347759246826,2.19
-80.62001466751099,33.748347759246826,2.16
-80.61997175216675,33.748347759246826,2.1
-80.61992883682251,33.748347759246826,2.05
-80.61988592147827,33.748347759246826,2.01
-80.61984300613403,33.748347759246826,1.97
-80.6198000907898,33.748347759246826,1.93
-80.61975717544556,33.748347759246826,1.92
-80.61971426010132,33.748347759246826,1.9
-80.61967134475708,33.748347759246826,1.88
-80.61962842941284,33.748347759246826,1.87
-80.6195855140686,33.748347759246826,1.87
-80.61954259872437,33.748347759246826,1.88
-80.61949968338013,33.748347759246826,1.91
-80.61945676803589,33.748347759246826,1.9
-80.61941385269165,33.748347759246826,1.88
-80.61937093734741,33.748347759246826,1.85
-80.61774015426636,33.748347759246826,2.57
-80.61769723892212,33.748347759246826,2.58
-80.61765432357788,33.748347759246826,2.59
-80.61761140823364,33.748347759246826,2.59
-80.6175684928894,33.748347759246826,2.58
-80.61752557754517,33.748347759246826,2.55
-80.61748266220093,33.748347759246826,2.53
-80.61743974685669,33.748347759246826,2.51
-80.61739683151245,33.748347759246826,2.5
-80.61735391616821,33.748347759246826,2.49
-80.61731100082397,33.748347759246826,2.47
-80.61726808547974,33.748347759246826,2.48
-80.6172251701355,33.748347759246826,2.46
-80.61718225479126,33.748347759246826,2.45
-80.61713933944702,33.748347759246826,2.45
-80.61709642410278,33.748347759246826,2.45
-80.61705350875854,33.748347759246826,2.43
-80.6170105934143,33.748347759246826,2.42
-80.61696767807007,33.748347759246826,2.39
-80.61692476272583,33.748347759246826,2.37
-80.61688184738159,33.748347759246826,2.3
-80.61683893203735,33.748347759246826,2.24
-80.61679601669312,33.748347759246826,2.18
-80.61422109603882,33.748347759246826,2.45
-80.61417818069458,33.748347759246826,2.41
-80.61413526535034,33.748347759246826,2.4
-80.6140923500061,33.748347759246826,2.37
-80.61404943466187,33.748347759246826,2.36
-80.61400651931763,33.748347759246826,2.4
-80.61396360397339,33.748347759246826,2.5
-80.61392068862915,33.748347759246826,2.6
-80.61387777328491,33.748347759246826,2.7
-80.61383485794067,33.748347759246826,2.8
-80.61379194259644,33.748347759246826,2.87
-80.6137490272522,33.748347759246826,2.89
-80.61370611190796,33.748347759246826,2.88
-80.61366319656372,33.748347759246826,2.88
-80.61362028121948,33.748347759246826,2.88
-80.62040090560913,33.74830484390259,2.56
-80.62035799026489,33.74830484390259,2.51
-80.62031507492065,33.74830484390259,2.47
-80.62027215957642,33.74830484390259,2.43
-80.62022924423218,33.74830484390259,2.38
-80.62018632888794,33.74830484390259,2.34
-80.6201434135437,33.74830484390259,2.3
-80.62010049819946,33.74830484390259,2.25
-80.62005758285522,33.74830484390259,2.21
-80.62001466751099,33.74830484390259,2.18
-80.61997175216675,33.74830484390259,2.12
-80.61992883682251,33.74830484390259,2.08
-80.61988592147827,33.74830484390259,2.03
-80.61984300613403,33.74830484390259,1.99
-80.6198000907898,33.74830484390259,1.95
-80.61975717544556,33.74830484390259,1.94
-80.61971426010132,33.74830484390259,1.91
-80.61967134475708,33.74830484390259,1.89
-80.61962842941284,33.74830484390259,1.87
-80.6195855140686,33.74830484390259,1.86
-80.61954259872437,33.74830484390259,1.88
-80.61949968338013,33.74830484390259,1.91
-80.61945676803589,33.74830484390259,1.91
-80.61765432357788,33.74830484390259,2.6
-80.61761140823364,33.74830484390259,2.6
-80.6175684928894,33.74830484390259,2.57
-80.61752557754517,33.74830484390259,2.53
-80.61748266220093,33.74830484390259,2.52
-80.61743974685669,33.74830484390259,2.5
-80.61739683151245,33.74830484390259,2.48
-80.61735391616821,33.74830484390259,2.47
-80.61731100082397,33.74830484390259,2.46
-80.61726808547974,33.74830484390259,2.47
-80.6172251701355,33.74830484390259,2.45
-80.61718225479126,33.74830484390259,2.46
-80.61713933944702,33.74830484390259,2.45
-80.61709642410278,33.74830484390259,2.45
-80.61705350875854,33.74830484390259,2.43
-80.6170105934143,33.74830484390259,2.41
-80.61696767807007,33.74830484390259,2.36
-80.61692476272583,33.74830484390259,2.33
-80.61688184738159,33.74830484390259,2.27
-80.61683893203735,33.74830484390259,2.2
-80.61679601669312,33.74830484390259,2.14
-80.61675310134888,33.74830484390259,2.1
-80.61417818069458,33.74830484390259,2.35
-80.61413526535034,33.74830484390259,2.35
-80.6140923500061,33.74830484390259,2.35
-80.61404943466187,33.74830484390259,2.36
-80.61400651931763,33.74830484390259,2.4
-80.61396360397339,33.74830484390259,2.5
-80.61392068862915,33.74830484390259,2.61
-80.61387777328491,33.74830484390259,2.7
-80.61383485794067,33.74830484390259,2.8
-80.61379194259644,33.74830484390259,2.87
-80.6137490272522,33.74830484390259,2.88
-80.61370611190796,33.74830484390259,2.87
-80.61366319656372,33.74830484390259,2.86
-80.61362028121948,33.74830484390259,2.85
-80.61357736587524,33.74830484390259,2.83
-80.62048673629761,33.74826192855835,2.68
-80.62044382095337,33.74826192855835,2.64
-80.62040090560913,33.74826192855835,2.6
-80.62035799026489,33.74826192855835,2.56
-80.62031507492065,33.74826192855835,2.52
-80.62027215957642,33.74826192855835,2.49
-80.62022924423218,33.74826192855835,2.44
-80.62018632888794,33.74826192855835,2.39
-80.6201434135437,33.74826192855835,2.35
-80.62010049819946,33.74826192855835,2.3
-80.62005758285522,33.74826192855835,2.26
-80.62001466751099,33.74826192855835,2.22
-80.61997175216675,33.74826192855835,2.17
-80.61992883682251,33.74826192855835,2.12
-80.61988592147827,33.74826192855835,2.07
-80.61984300613403,33.74826192855835,2.02
-80.6198000907898,33.74826192855835,1.98
-80.61975717544556,33.74826192855835,1.96
-80.61971426010132,33.74826192855835,1.92
-80.61967134475708,33.74826192855835,1.9
-80.61962842941284,33.74826192855835,1.88
-80.6195855140686,33.74826192855835,1.86
-80.6175684928894,33.74826192855835,2.56
-80.61752557754517,33.74826192855835,2.52
-80.61748266220093,33.74826192855835,2.5
-80.61743974685669,33.74826192855835,2.49
-80.61739683151245,33.74826192855835,2.47
-80.61735391616821,33.74826192855835,2.47
-80.61731100082397,33.74826192855835,2.46
-80.61726808547974,33.74826192855835,2.47
-80.6172251701355,33.74826192855835,2.46
-80.61718225479126,33.74826192855835,2.47
-80.61713933944702,33.74826192855835,2.46
-80.61709642410278,33.74826192855835,2.45
-80.61705350875854,33.74826192855835,2.43
-80.6170105934143,33.74826192855835,2.41
-80.61696767807007,33.74826192855835,2.35
-80.61692476272583,33.74826192855835,2.3
-80.61688184738159,33.74826192855835,2.24
-80.61683893203735,33.74826192855835,2.18
-80.61679601669312,33.74826192855835,2.12
-80.61675310134888,33.74826192855835,2.09
-80.61671018600464,33.74826192855835,2.07
-80.61413526535034,33.74826192855835,2.31
-80.6140923500061,33.74826192855835,2.34
-80.61404943466187,33.74826192855835,2.38
-80.61400651931763,33.74826192855835,2.43
-80.61396360397339,33.74826192855835,2.53
-80.61392068862915,33.74826192855835,2.63
-80.61387777328491,33.74826192855835,2.72
-80.61383485794067,33.74826192855835,2.79
-80.61379194259644,33.74826192855835,2.85
-80.6137490272522,33.74826192855835,2.86
-80.61370611190796,33.74826192855835,2.85
-80.61366319656372,33.74826192855835,2.84
-80.61362028121948,33.74826192855835,2.83
-80.61357736587524,33.74826192855835,2.82
-80.62052965164185,33.74821901321411,2.77
-80.62048673629761,33.74821901321411,2.71
-80.62044382095337,33.74821901321411,2.66
-80.62040090560913,33.74821901321411,2.62
-80.62035799026489,33.74821901321411,2.59
-80.62031507492065,33.74821901321411,2.55
-80.62027215957642,33.74821901321411,2.53
-80.62022924423218,33.74821901321411,2.48
-80.62018632888794,33.74821901321411,2.43
-80.6201434135437,33.74821901321411,2.39
-80.62010049819946,33.74821901321411,2.33
-80.62005758285522,33.74821901321411,2.29
-80.62001466751099,33.74821901321411,2.26
-80.61997175216675,33.74821901321411,2.21
-80.61992883682251,33.74821901321411,2.16
-80.61988592147827,33.74821901321411,2.1
-80.61984300613403,33.74821901321411,2.05
-80.6198000907898,33.74821901321411,2.0
-80.61975717544556,33.74821901321411,1.97
-80.61971426010132,33.74821901321411,1.93
-80.61967134475708,33.74821901321411,1.92
-80.61748266220093,33.74821901321411,2.48
-80.61743974685669,33.74821901321411,2.47
-80.61739683151245,33.74821901321411,2.46
-80.61735391616821,33.74821901321411,2.48
-80.61731100082397,33.74821901321411,2.48
-80.61726808547974,33.74821901321411,2.48
-80.6172251701355,33.74821901321411,2.47
-80.61718225479126,33.74821901321411,2.47
-80.61713933944702,33.74821901321411,2.46
-80.61709642410278,33.74821901321411,2.45
-80.61705350875854,33.74821901321411,2.43
-80.6170105934143,33.74821901321411,2.4
-80.61696767807007,33.74821901321411,2.34
-80.61692476272583,33.74821901321411,2.27
-80.61688184738159,33.74821901321411,2.21
-80.61683893203735,33.74821901321411,2.14
-80.61679601669312,33.74821901321411,2.1
-80.61675310134888,33.74821901321411,2.08
-80.61671018600464,33.74821901321411,2.07
-80.6166672706604,33.74821901321411,2.07
-80.6140923500061,33.74821901321411,2.38
-80.61404943466187,33.74821901321411,2.44
-80.61400651931763,33.74821901321411,2.5
-80.61396360397339,33.74821901321411,2.58
-80.61392068862915,33.74821901321411,2.66
-80.61387777328491,33.74821901321411,2.72
-80.61383485794067,33.74821901321411,2.78
-80.61379194259644,33.74821901321411,2.81
-80.6137490272522,33.74821901321411,2.82
-80.61370611190796,33.74821901321411,2.82
-80.61366319656372,33.74821901321411,2.82
-80.61362028121948,33.74821901321411,2.81
-80.61357736587524,33.74821901321411,2.8
-80.62057256698608,33.74817609786987,2.82
-80.62052965164185,33.74817609786987,2.81
-80.62048673629761,33.74817609786987,2.78
-80.62044382095337,33.74817609786987,2.76
-80.62040090560913,33.74817609786987,2.73
-80.62035799026489,33.74817609786987,2.69
-80.62031507492065,33.74817609786987,2.65
-80.62027215957642,33.74817609786987,2.6
-80.62022924423218,33.74817609786987,2.54
-80.62018632888794,33.74817609786987,2.48
-80.6201434135437,33.74817609786987,2.43
-80.62010049819946,33.74817609786987,2.38
-80.62005758285522,33.74817609786987,2.34
-80.62001466751099,33.74817609786987,2.29
-80.61997175216675,33.74817609786987,2.24
-80.61992883682251,33.74817609786987,2.21
-80.61988592147827,33.74817609786987,2.14
-80.61984300613403,33.74817609786987,2.07
-80.6198000907898,33.74817609786987,2.02
-80.61735391616821,33.74817609786987,2.47
-80.61731100082397,33.74817609786987,2.47
-80.61726808547974,33.74817609786987,2.47
-80.6172251701355,33.74817609786987,2.47
-80.61718225479126,33.74817609786987,2.46
-80.61713933944702,33.74817609786987,2.46
-80.61709642410278,33.74817609786987,2.45
-80.61705350875854,33.74817609786987,2.43
-80.6170105934143,33.74817609786987,2.41
-80.61696767807007,33.74817609786987,2.35
-80.61692476272583,33.74817609786987,2.29
-80.61688184738159,33.74817609786987,2.22
-80.61683893203735,33.74817609786987,2.15
-80.61679601669312,33.74817609786987,2.1
-80.61675310134888,33.74817609786987,2.1
-80.61671018600464,33.74817609786987,2.1
-80.6166672706604,33.74817609786987,2.1
-80.61662435531616,33.74817609786987,2.11
-80.61404943466187,33.74817609786987,2.51
-80.61400651931763,33.74817609786987,2.57
-80.61396360397339,33.74817609786987,2.64
-80.61392068862915,33.74817609786987,2.71
-80.61387777328491,33.74817609786987,2.74
-80.61383485794067,33.74817609786987,2.77
-80.61379194259644,33.74817609786987,2.79
-80.6137490272522,33.74817609786987,2.8
-80.61370611190796,33.74817609786987,2.8
-80.61366319656372,33.74817609786987,2.8
-80.61362028121948,33.74817609786987,2.79
-80.61357736587524,33.74817609786987,2.79
-80.62061548233032,33.748133182525635,2.89
-80.62057256698608,33.748133182525635,2.86
-80.62052965164185,33.748133182525635,2.83
-80.62048673629761,33.748133182525635,2.81
-80.62044382095337,33.748133182525635,2.78
-80.62040090560913,33.748133182525635,2.77
-80.62035799026489,33.748133182525635,2.73
-80.62031507492065,33.748133182525635,2.7
-80.62027215957642,33.748133182525635,2.66
-80.62022924423218,33.748133182525635,2.6
-80.62018632888794,33.748133182525635,2.54
-80.6201434135437,33.748133182525635,2.49
-80.62010049819946,33.748133182525635,2.43
-80.62005758285522,33.748133182525635,2.38
-80.62001466751099,33.748133182525635,2.33
-80.61997175216675,33.748133182525635,2.27
-80.61992883682251,33.748133182525635,2.24
-80.61988592147827,33.748133182525635,2.18
-80.61731100082397,33.748133182525635,2.46
-80.61726808547974,33.748133182525635,2.47
-80.6172251701355,33.748133182525635,2.47
-80.61718225479126,33.748133182525635,2.47
-80.61713933944702,33.748133182525635,2.47
-80.61709642410278,33.748133182525635,2.46
-80.61705350875854,33.748133182525635,2.45
-80.6170105934143,33.748133182525635,2.43
-80.61696767807007,33.748133182525635,2.37
-80.61692476272583,33.748133182525635,2.3
-80.61688184738159,33.748133182525635,2.24
-80.61683893203735,33.748133182525635,2.18
-80.61679601669312,33.748133182525635,2.12
-80.61675310134888,33.748133182525635,2.11
-80.61671018600464,33.748133182525635,2.14
-80.6166672706604,33.748133182525635,2.12
-80.61662435531616,33.748133182525635,2.09
-80.61658143997192,33.748133182525635,2.09
-80.61404943466187,33.748133182525635,2.58
-80.61400651931763,33.748133182525635,2.62
-80.61396360397339,33.748133182525635,2.65
-80.61392068862915,33.748133182525635,2.7
-80.61387777328491,33.748133182525635,2.74
-80.61383485794067,33.748133182525635,2.74
-80.61379194259644,33.748133182525635,2.75
-80.6137490272522,33.748133182525635,2.76
-80.61370611190796,33.748133182525635,2.77
-80.61366319656372,33.748133182525635,2.79
-80.61362028121948,33.748133182525635,2.8
-80.61357736587524,33.748133182525635,2.8
-80.613534450531,33.748133182525635,2.81
-80.62065839767456,33.7480902671814,2.97
-80.62061548233032,33.7480902671814,2.93
-80.62057256698608,33.7480902671814,2.91
-80.62052965164185,33.7480902671814,2.89
-80.62048673629761,33.7480902671814,2.87
-80.62044382095337,33.7480902671814,2.83
-80.62040090560913,33.7480902671814,2.83
-80.62035799026489,33.7480902671814,2.78
-80.62031507492065,33.7480902671814,2.76
-80.62027215957642,33.7480902671814,2.71
-80.62022924423218,33.7480902671814,2.66
-80.62018632888794,33.7480902671814,2.59
-80.6201434135437,33.7480902671814,2.54
-80.62010049819946,33.7480902671814,2.47
-80.62005758285522,33.7480902671814,2.43
-80.62001466751099,33.7480902671814,2.37
-80.61997175216675,33.7480902671814,2.3
-80.61992883682251,33.7480902671814,2.27
-80.61726808547974,33.7480902671814,2.49
-80.6172251701355,33.7480902671814,2.48
-80.61718225479126,33.7480902671814,2.47
-80.61713933944702,33.7480902671814,2.47
-80.61709642410278,33.7480902671814,2.46
-80.61705350875854,33.7480902671814,2.45
-80.6170105934143,33.7480902671814,2.44
-80.61696767807007,33.7480902671814,2.4
-80.61692476272583,33.7480902671814,2.32
-80.61688184738159,33.7480902671814,2.25
-80.61683893203735,33.7480902671814,2.21
-80.61679601669312,33.7480902671814,2.16
-80.61675310134888,33.7480902671814,2.13
-80.61671018600464,33.7480902671814,2.14
-80.6166672706604,33.7480902671814,2.16
-80.61662435531616,33.7480902671814,2.11
-80.61658143997192,33.7480902671814,2.08
-80.61400651931763,33.7480902671814,2.59
-80.61396360397339,33.7480902671814,2.61
-80.61392068862915,33.7480902671814,2.65
-80.61387777328491,33.7480902671814,2.7
-80.61383485794067,33.7480902671814,2.7
-80.61379194259644,33.7480902671814,2.72
-80.6137490272522,33.7480902671814,2.74
-80.61370611190796,33.7480902671814,2.76
-80.61366319656372,33.7480902671814,2.8
-80.61362028121948,33.7480902671814,2.81
-80.61357736587524,33.7480902671814,2.82
-80.613534450531,33.7480902671814,2.84
-80.62065839767456,33.74804735183716,2.97
-80.62061548233032,33.74804735183716,2.96
-80.62057256698608,33.74804735183716,2.94
-80.62052965164185,33.74804735183716,2.92
-80.62048673629761,33.74804735183716,2.9
-80.62044382095337,33.74804735183716,2.87
-80.62040090560913,33.74804735183716,2.88
-80.62035799026489,33.74804735183716,2.84
-80.62031507492065,33.74804735183716,2.83
-80.62027215957642,33.74804735183716,2.78
-80.62022924423218,33.74804735183716,2.73
-80.62018632888794,33.74804735183716,2.66
-80.6201434135437,33.74804735183716,2.61
-80.62010049819946,33.74804735183716,2.51
-80.62005758285522,33.74804735183716,2.47
-80.62001466751099,33.74804735183716,2.4
-80.6172251701355,33.74804735183716,2.47
-80.61718225479126,33.74804735183716,2.46
-80.61713933944702,33.74804735183716,2.46
-80.61709642410278,33.74804735183716,2.46
-80.61705350875854,33.74804735183716,2.45
-80.6170105934143,33.74804735183716,2.43
-80.61696767807007,33.74804735183716,2.39
-80.61692476272583,33.74804735183716,2.33
-80.61688184738159,33.74804735183716,2.27
-80.61683893203735,33.74804735183716,2.22
-80.61679601669312,33.74804735183716,2.19
-80.61675310134888,33.74804735183716,2.16
-80.61671018600464,33.74804735183716,2.15
-80.6166672706604,33.74804735183716,2.16
-80.61662435531616,33.74804735183716,2.11
-80.61658143997192,33.74804735183716,2.06
-80.61653852462769,33.74804735183716,2.02
-80.61400651931763,33.74804735183716,2.48
-80.61396360397339,33.74804735183716,2.51
-80.61392068862915,33.74804735183716,2.56
-80.61387777328491,33.74804735183716,2.63
-80.61383485794067,33.74804735183716,2.66
-80.61379194259644,33.74804735183716,2.71
-80.6137490272522,33.74804735183716,2.74
-80.61370611190796,33.74804735183716,2.79
-80.61366319656372,33.74804735183716,2.81
-80.61362028121948,33.74804735183716,2.82
-80.61357736587524,33.74804735183716,2.83
-80.613534450531,33.74804735183716,2.83
-80.6207013130188,33.74800443649292,3.12
-80.62065839767456,33.74800443649292,3.08
-80.62061548233032,33.74800443649292,3.03
-80.62057256698608,33.74800443649292,2.99
-80.62052965164185,33.74800443649292,2.97
-80.62048673629761,33.74800443649292,2.96
-80.62044382095337,33.74800443649292,2.93
-80.62040090560913,33.74800443649292,2.94
-80.62035799026489,33.74800443649292,2.9
-80.62031507492065,33.74800443649292,2.89
-80.62027215957642,33.74800443649292,2.83
-80.62022924423218,33.74800443649292,2.79
-80.62018632888794,33.74800443649292,2.72
-80.6201434135437,33.74800443649292,2.68
-80.62010049819946,33.74800443649292,2.55
-80.61718225479126,33.74800443649292,2.46
-80.61713933944702,33.74800443649292,2.46
-80.61709642410278,33.74800443649292,2.45
-80.61705350875854,33.74800443649292,2.43
-80.6170105934143,33.74800443649292,2.41
-80.61696767807007,33.74800443649292,2.37
-80.61692476272583,33.74800443649292,2.32
-80.61688184738159,33.74800443649292,2.28
-80.61683893203735,33.74800443649292,2.25
-80.61679601669312,33.74800443649292,2.21
-80.61675310134888,33.74800443649292,2.19
-80.61671018600464,33.74800443649292,2.16
-80.6166672706604,33.74800443649292,2.15
-80.61662435531616,33.74800443649292,2.07
-80.61658143997192,33.74800443649292,2.02
-80.61653852462769,33.74800443649292,1.97
-80.61649560928345,33.74800443649292,1.94
-80.61404943466187,33.74800443649292,2.28
-80.61400651931763,33.74800443649292,2.33
-80.61396360397339,33.74800443649292,2.39
-80.61392068862915,33.74800443649292,2.45
-80.61387777328491,33.74800443649292,2.55
-80.61383485794067,33.74800443649292,2.62
-80.61379194259644,33.74800443649292,2.69
-80.6137490272522,33.74800443649292,2.75
-80.61370611190796,33.74800443649292,2.81
-80.61366319656372,33.74800443649292,2.82
-80.61362028121948,33.74800443649292,2.82
-80.61357736587524,33.74800443649292,2.83
-80.613534450531,33.74800443649292,2.82
-80.62074422836304,33.74796152114868,3.29
-80.6207013130188,33.74796152114868,3.23
-80.62065839767456,33.74796152114868,3.2
-80.62061548233032,33.74796152114868,3.13
-80.62057256698608,33.74796152114868,3.07
-80.62052965164185,33.74796152114868,3.03
-80.62048673629761,33.74796152114868,3.0
-80.62044382095337,33.74796152114868,2.96
-80.62040090560913,33.74796152114868,2.95
-80.62035799026489,33.74796152114868,2.91
-80.62031507492065,33.74796152114868,2.91
-80.62027215957642,33.74796152114868,2.87
-80.62022924423218,33.74796152114868,2.83
-80.62018632888794,33.74796152114868,2.77
-80.6201434135437,33.74796152114868,2.73
-80.61713933944702,33.74796152114868,2.45
-80.61709642410278,33.74796152114868,2.43
-80.61705350875854,33.74796152114868,2.4
-80.6170105934143,33.74796152114868,2.37
-80.61696767807007,33.74796152114868,2.34
-80.61692476272583,33.74796152114868,2.3
-80.61688184738159,33.74796152114868,2.27
-80.61683893203735,33.74796152114868,2.26
-80.61679601669312,33.74796152114868,2.24
-80.61675310134888,33.74796152114868,2.2
-80.61671018600464,33.74796152114868,2.16
-80.6166672706604,33.74796152114868,2.13
-80.61662435531616,33.74796152114868,2.04
-80.61658143997192,33.74796152114868,1.97
-80.61653852462769,33.74796152114868,1.94
-80.61649560928345,33.74796152114868,1.92
-80.61645269393921,33.74796152114868,1.86
-80.61404943466187,33.74796152114868,2.17
-80.61400651931763,33.74796152114868,2.21
-80.61396360397339,33.74796152114868,2.26
-80.61392068862915,33.74796152114868,2.33
-80.61387777328491,33.74796152114868,2.45
-80.61383485794067,33.74796152114868,2.55
-80.61379194259644,33.74796152114868,2.65
-80.6137490272522,33.74796152114868,2.73
-80.61370611190796,33.74796152114868,2.8
-80.61366319656372,33.74796152114868,2.81
-80.61362028121948,33.74796152114868,2.82
-80.61357736587524,33.74796152114868,2.82
-80.613534450531,33.74796152114868,2.82
-80.62074422836304,33.74791860580444,3.38
-80.6207013130188,33.74791860580444,3.33
-80.62065839767456,33.74791860580444,3.29
-80.62061548233032,33.74791860580444,3.24
-80.62057256698608,33.74791860580444,3.17
-80.62052965164185,33.74791860580444,3.12
-80.62048673629761,33.74791860580444,3.07
-80.62044382095337,33.74791860580444,3.03
-80.62040090560913,33.74791860580444,2.98
-80.62035799026489,33.74791860580444,2.94
-80.62031507492065,33.74791860580444,2.94
-80.62027215957642,33.74791860580444,2.9
-80.62022924423218,33.74791860580444,2.86
-80.62018632888794,33.74791860580444,2.82
-80.61709642410278,33.74791860580444,2.4
-80.61705350875854,33.74791860580444,2.36
-80.6170105934143,33.74791860580444,2.33
-80.61696767807007,33.74791860580444,2.3
-80.61692476272583,33.74791860580444,2.28
-80.61688184738159,33.74791860580444,2.28
-80.61683893203735,33.74791860580444,2.29
-80.61679601669312,33.74791860580444,2.29
-80.61675310134888,33.74791860580444,2.25
-80.61671018600464,33.74791860580444,2.16
-80.6166672706604,33.74791860580444,2.12
-80.61662435531616,33.74791860580444,2.02
-80.61658143997192,33.74791860580444,1.95
-80.61653852462769,33.74791860580444,1.92
-80.61649560928345,33.74791860580444,1.94
-80.61645269393921,33.74791860580444,1.93
-80.6140923500061,33.74791860580444,2.06
-80.61404943466187,33.74791860580444,2.09
-80.61400651931763,33.74791860580444,2.11
-80.61396360397339,33.74791860580444,2.16
-80.61392068862915,33.74791860580444,2.24
-80.61387777328491,33.74791860580444,2.36
-80.61383485794067,33.74791860580444,2.48
-80.61379194259644,33.74791860580444,2.61
-80.6137490272522,33.74791860580444,2.71
-80.61370611190796,33.74791860580444,2.79
-80.61366319656372,33.74791860580444,2.78
-80.61362028121948,33.74791860580444,2.8
-80.61357736587524,33.74791860580444,2.79
-80.613534450531,33.74791860580444,2.79
-80.62074422836304,33.747875690460205,3.46
-80.6207013130188,33.747875690460205,3.43
-80.62065839767456,33.747875690460205,3.39
-80.62061548233032,33.747875690460205,3.35
-80.62057256698608,33.747875690460205,3.28
-80.62052965164185,33.747875690460205,3.23
-80.62048673629761,33.747875690460205,3.16
-80.62044382095337,33.747875690460205,3.11
-80.62040090560913,33.747875690460205,3.03
-80.62035799026489,33.747875690460205,2.99
-80.62031507492065,33.747875690460205,2.95
-80.62027215957642,33.747875690460205,2.92
-80.62022924423218,33.747875690460205,2.88
-80.61705350875854,33.747875690460205,2.33
-80.6170105934143,33.747875690460205,2.31
-80.61696767807007,33.747875690460205,2.29
-80.61692476272583,33.747875690460205,2.29
-80.61688184738159,33.747875690460205,2.29
-80.61683893203735,33.747875690460205,2.29
-80.61679601669312,33.747875690460205,2.26
-80.61675310134888,33.747875690460205,2.22
-80.61671018600464,33.747875690460205,2.12
-80.6166672706604,33.747875690460205,2.05
-80.61662435531616,33.747875690460205,1.97
-80.61658143997192,33.747875690460205,1.93
-80.61653852462769,33.747875690460205,1.92
-80.61649560928345,33.747875690460205,1.95
-80.61645269393921,33.747875690460205,1.99
-80.61640977859497,33.747875690460205,2.09
-80.61636686325073,33.747875690460205,2.18
-80.6140923500061,33.747875690460205,2.03
-80.61404943466187,33.747875690460205,2.03
-80.61400651931763,33.747875690460205,2.05
-80.61396360397339,33.747875690460205,2.08
-80.61392068862915,33.747875690460205,2.17
-80.61387777328491,33.747875690460205,2.31
-80.61383485794067,33.747875690460205,2.46
-80.61379194259644,33.747875690460205,2.59
-80.6137490272522,33.747875690460205,2.71
-80.61370611190796,33.747875690460205,2.79
-80.61366319656372,33.747875690460205,2.76
-80.61362028121948,33.747875690460205,2.78
-80.61357736587524,33.747875690460205,2.77
-80.613534450531,33.747875690460205,2.77
-80.62074422836304,33.74783277511597,3.57
-80.6207013130188,33.74783277511597,3.54
-80.62065839767456,33.74783277511597,3.5
-80.62061548233032,33.74783277511597,3.46
-80.62057256698608,33.74783277511597,3.39
-80.62052965164185,33.74783277511597,3.34
-80.62048673629761,33.74783277511597,3.25
-80.62044382095337,33.74783277511597,3.19
-80.62040090560913,33.74783277511597,3.09
-80.62035799026489,33.74783277511597,3.04
-80.62031507492065,33.74783277511597,2.97
-80.62027215957642,33.74783277511597,2.95
-80.6170105934143,33.74783277511597,2.29
-80.61696767807007,33.74783277511597,2.29
-80.61692476272583,33.74783277511597,2.3
-80.61688184738159,33.74783277511597,2.3
-80.61683893203735,33.74783277511597,2.29
-80.61679601669312,33.74783277511597,2.24
-80.61675310134888,33.74783277511597,2.18
-80.61671018600464,33.74783277511597,2.09
-80.6166672706604,33.74783277511597,2.01
-80.61662435531616,33.74783277511597,1.95
-80.61658143997192,33.74783277511597,1.93
-80.61653852462769,33.74783277511597,1.95
-80.61649560928345,33.74783277511597,2.0
-80.61645269393921,33.74783277511597,2.07
-80.61640977859497,33.74783277511597,2.18
-80.61636686325073,33.74783277511597,2.27
-80.6163239479065,33.74783277511597,2.34
-80.6140923500061,33.74783277511597,2.0
-80.61404943466187,33.74783277511597,1.99
-80.61400651931763,33.74783277511597,2.01
-80.61396360397339,33.74783277511597,2.04
-80.61392068862915,33.74783277511597,2.15
-80.61387777328491,33.74783277511597,2.29
-80.61383485794067,33.74783277511597,2.44
-80.61379194259644,33.74783277511597,2.59
-80.6137490272522,33.74783277511597,2.71
-80.61370611190796,33.74783277511597,2.76
-80.61366319656372,33.74783277511597,2.74
-80.61362028121948,33.74783277511597,2.76
-80.61357736587524,33.74783277511597,2.75
-80.613534450531,33.74783277511597,2.75
-80.62074422836304,33.74778985977173,3.58
-80.6207013130188,33.74778985977173,3.57
-80.62065839767456,33.74778985977173,3.55
-80.62061548233032,33.74778985977173,3.53
-80.62057256698608,33.74778985977173,3.48
-80.62052965164185,33.74778985977173,3.44
-80.62048673629761,33.74778985977173,3.34
-80.62044382095337,33.74778985977173,3.28
-80.62040090560913,33.74778985977173,3.17
-80.62035799026489,33.74778985977173,3.1
-80.62031507492065,33.74778985977173,2.99
-80.61696767807007,33.74778985977173,2.28
-80.61692476272583,33.74778985977173,2.27
-80.61688184738159,33.74778985977173,2.25
-80.61683893203735,33.74778985977173,2.22
-80.61679601669312,33.74778985977173,2.17
-80.61675310134888,33.74778985977173,2.1
-80.61671018600464,33.74778985977173,2.04
-80.6166672706604,33.74778985977173,2.01
-80.61662435531616,33.74778985977173,1.98
-80.61658143997192,33.74778985977173,1.97
-80.61653852462769,33.74778985977173,2.02
-80.61649560928345,33.74778985977173,2.09
-80.61645269393921,33.74778985977173,2.15
-80.61640977859497,33.74778985977173,2.26
-80.61636686325073,33.74778985977173,2.34
-80.6163239479065,33.74778985977173,2.37
-80.61628103256226,33.74778985977173,2.38
-80.61413526535034,33.74778985977173,1.98
-80.6140923500061,33.74778985977173,1.99
-80.61404943466187,33.74778985977173,1.98
-80.61400651931763,33.74778985977173,1.99
-80.61396360397339,33.74778985977173,2.03
-80.61392068862915,33.74778985977173,2.16
-80.61387777328491,33.74778985977173,2.3
-80.61383485794067,33.74778985977173,2.45
-80.61379194259644,33.74778985977173,2.61
-80.6137490272522,33.74778985977173,2.72
-80.61370611190796,33.74778985977173,2.75
-80.61366319656372,33.74778985977173,2.73
-80.61362028121948,33.74778985977173,2.75
-80.61357736587524,33.74778985977173,2.74
-80.613534450531,33.74778985977173,2.75
-80.62074422836304,33.74774694442749,3.6
-80.6207013130188,33.74774694442749,3.6
-80.62065839767456,33.74774694442749,3.58
-80.62061548233032,33.74774694442749,3.58
-80.62057256698608,33.74774694442749,3.54
-80.62052965164185,33.74774694442749,3.52
-80.62048673629761,33.74774694442749,3.42
-80.62044382095337,33.74774694442749,3.36
-80.62040090560913,33.74774694442749,3.26
-80.62035799026489,33.74774694442749,3.19
-80.61692476272583,33.74774694442749,2.28
-80.61688184738159,33.74774694442749,2.23
-80.61683893203735,33.74774694442749,2.17
-80.61679601669312,33.74774694442749,2.12
-80.61675310134888,33.74774694442749,2.07
-80.61671018600464,33.74774694442749,2.02
-80.6166672706604,33.74774694442749,2.02
-80.61662435531616,33.74774694442749,2.04
-80.61658143997192,33.74774694442749,2.06
-80.61653852462769,33.74774694442749,2.12
-80.61649560928345,33.74774694442749,2.2
-80.61645269393921,33.74774694442749,2.26
-80.61640977859497,33.74774694442749,2.33
-80.61636686325073,33.74774694442749,2.39
-80.6163239479065,33.74774694442749,2.36
-80.61628103256226,33.74774694442749,2.31
-80.61623811721802,33.74774694442749,2.24
-80.61413526535034,33.74774694442749,1.99
-80.6140923500061,33.74774694442749,1.98
-80.61404943466187,33.74774694442749,1.97
-80.61400651931763,33.74774694442749,1.97
-80.61396360397339,33.74774694442749,2.05
-80.61392068862915,33.74774694442749,2.19
-80.61387777328491,33.74774694442749,2.35
-80.61383485794067,33.74774694442749,2.51
-80.61379194259644,33.74774694442749,2.66
-80.6137490272522,33.74774694442749,2.75
-80.61370611190796,33.74774694442749,2.76
-80.61366319656372,33.74774694442749,2.74
-80.61362028121948,33.74774694442749,2.75
-80.61357736587524,33.74774694442749,2.74
-80.613534450531,33.74774694442749,2.74
-80.62074422836304,33.74770402908325,3.6
-80.6207013130188,33.74770402908325,3.6
-80.62065839767456,33.74770402908325,3.59
-80.62061548233032,33.74770402908325,3.59
-80.62057256698608,33.74770402908325,3.56
-80.62052965164185,33.74770402908325,3.56
-80.62048673629761,33.74770402908325,3.47
-80.62044382095337,33.74770402908325,3.41
-80.62040090560913,33.74770402908325,3.34
-80.61688184738159,33.74770402908325,2.17
-80.61683893203735,33.74770402908325,2.09
-80.61679601669312,33.74770402908325,2.03
-80.61675310134888,33.74770402908325,2.02
-80.61671018600464,33.74770402908325,2.03
-80.6166672706604,33.74770402908325,2.07
-80.61662435531616,33.74770402908325,2.13
-80.61658143997192,33.74770402908325,2.19
-80.61653852462769,33.74770402908325,2.24
-80.61649560928345,33.74770402908325,2.3
-80.61645269393921,33.74770402908325,2.33
-80.61640977859497,33.74770402908325,2.36
-80.61636686325073,33.74770402908325,2.38
-80.6163239479065,33.74770402908325,2.33
-80.61628103256226,33.74770402908325,2.25
-80.61623811721802,33.74770402908325,2.18
-80.61619520187378,33.74770402908325,2.1
-80.61615228652954,33.74770402908325,2.0
-80.6161093711853,33.74770402908325,1.95
-80.61413526535034,33.74770402908325,2.02
-80.6140923500061,33.74770402908325,1.99
-80.61404943466187,33.74770402908325,1.97
-80.61400651931763,33.74770402908325,2.0
-80.61396360397339,33.74770402908325,2.1
-80.61392068862915,33.74770402908325,2.26
-80.61387777328491,33.74770402908325,2.43
-80.61383485794067,33.74770402908325,2.6
-80.61379194259644,33.74770402908325,2.73
-80.6137490272522,33.74770402908325,2.79
-80.61370611190796,33.74770402908325,2.79
-80.61366319656372,33.74770402908325,2.76
-80.61362028121948,33.74770402908325,2.76
-80.61357736587524,33.74770402908325,2.75
-80.62074422836304,33.747661113739014,3.6
-80.6207013130188,33.747661113739014,3.6
-80.62065839767456,33.747661113739014,3.6
-80.62061548233032,33.747661113739014,3.6
-80.62057256698608,33.747661113739014,3.58
-80.62052965164185,33.747661113739014,3.58
-80.62048673629761,33.747661113739014,3.5
-80.62044382095337,33.747661113739014,3.45
-80.62040090560913,33.747661113739014,3.41
-80.61679601669312,33.747661113739014,2.05
-80.61675310134888,33.747661113739014,2.08
-80.61671018600464,33.747661113739014,2.12
-80.6166672706604,33.747661113739014,2.18
-80.61662435531616,33.747661113739014,2.24
-80.61658143997192,33.747661113739014,2.29
-80.61653852462769,33.747661113739014,2.33
-80.61649560928345,33.747661113739014,2.37
-80.61645269393921,33.747661113739014,2.37
-80.61640977859497,33.747661113739014,2.35
-80.61636686325073,33.747661113739014,2.33
-80.6163239479065,33.747661113739014,2.26
-80.61628103256226,33.747661113739014,2.17
-80.61623811721802,33.747661113739014,2.1
-80.61619520187378,33.747661113739014,2.05
-80.61615228652954,33.747661113739014,2.01
-80.6161093711853,33.747661113739014,1.94
-80.61606645584106,33.747661113739014,1.86
-80.61417818069458,33.747661113739014,2.13
-80.61413526535034,33.747661113739014,2.1
-80.6140923500061,33.747661113739014,2.05
-80.61404943466187,33.747661113739014,2.03
-80.61400651931763,33.747661113739014,2.07
-80.61396360397339,33.747661113739014,2.21
-80.61392068862915,33.747661113739014,2.37
-80.61387777328491,33.747661113739014,2.55
-80.61383485794067,33.747661113739014,2.7
-80.61379194259644,33.747661113739014,2.8
-80.6137490272522,33.747661113739014,2.82
-80.61370611190796,33.747661113739014,2.81
-80.61366319656372,33.747661113739014,2.78
-80.61362028121948,33.747661113739014,2.78
-80.61357736587524,33.747661113739014,2.76
-80.61679601669312,33.747618198394775,2.08
-80.61675310134888,33.747618198394775,2.15
-80.61671018600464,33.747618198394775,2.23
-80.6166672706604,33.747618198394775,2.3
-80.61662435531616,33.747618198394775,2.37
-80.61658143997192,33.747618198394775,2.39
-80.61653852462769,33.747618198394775,2.4
-80.61649560928345,33.747618198394775,2.39
-80.61645269393921,33.747618198394775,2.36
-80.61640977859497,33.747618198394775,2.29
-80.61636686325073,33.747618198394775,2.25
-80.6163239479065,33.747618198394775,2.18
-80.61628103256226,33.747618198394775,2.12
-80.61623811721802,33.747618198394775,2.05
-80.61619520187378,33.747618198394775,2.02
-80.61615228652954,33.747618198394775,1.98
-80.6161093711853,33.747618198394775,1.9
-80.61606645584106,33.747618198394775,1.81
-80.61602354049683,33.747618198394775,1.73
-80.61598062515259,33.747618198394775,1.64
-80.61422109603882,33.747618198394775,2.36
-80.61417818069458,33.747618198394775,2.27
-80.61413526535034,33.747618198394775,2.2
-80.6140923500061,33.747618198394775,2.12
-80.61404943466187,33.747618198394775,2.11
-80.61400651931763,33.747618198394775,2.17
-80.61396360397339,33.747618198394775,2.33
-80.61392068862915,33.747618198394775,2.5
-80.61387777328491,33.747618198394775,2.68
-80.61383485794067,33.747618198394775,2.78
-80.61379194259644,33.747618198394775,2.85
-80.6137490272522,33.747618198394775,2.85
-80.61370611190796,33.747618198394775,2.83
-80.61366319656372,33.747618198394775,2.8
-80.61362028121948,33.747618198394775,2.8
-80.61357736587524,33.747618198394775,2.78
-80.61675310134888,33.74757528305054,2.28
-80.61671018600464,33.74757528305054,2.33
-80.6166672706604,33.74757528305054,2.36
-80.61662435531616,33.74757528305054,2.4
-80.61658143997192,33.74757528305054,2.4
-80.61653852462769,33.74757528305054,2.38
-80.61649560928345,33.74757528305054,2.33
-80.61645269393921,33.74757528305054,2.29
-80.61640977859497,33.74757528305054,2.2
-80.61636686325073,33.74757528305054,2.15
-80.6163239479065,33.74757528305054,2.1
-80.61628103256226,33.74757528305054,2.06
-80.61623811721802,33.74757528305054,2.02
-80.61619520187378,33.74757528305054,2.0
-80.61615228652954,33.74757528305054,1.96
-80.6161093711853,33.74757528305054,1.87
-80.61606645584106,33.74757528305054,1.78
-80.61602354049683,33.74757528305054,1.7
-80.61598062515259,33.74757528305054,1.61
-80.61593770980835,33.74757528305054,1.56
-80.61426401138306,33.74757528305054,2.54
-80.61422109603882,33.74757528305054,2.45
-80.61417818069458,33.74757528305054,2.37
-80.61413526535034,33.74757528305054,2.3
-80.6140923500061,33.74757528305054,2.23
-80.61404943466187,33.74757528305054,2.24
-80.61400651931763,33.74757528305054,2.33
-80.61396360397339,33.74757528305054,2.47
-80.61392068862915,33.74757528305054,2.62
-80.61387777328491,33.74757528305054,2.79
-80.61383485794067,33.74757528305054,2.86
-80.61379194259644,33.74757528305054,2.89
-80.6137490272522,33.74757528305054,2.88
-80.61370611190796,33.74757528305054,2.86
-80.61366319656372,33.74757528305054,2.83
-80.61362028121948,33.74757528305054,2.83
-80.61675310134888,33.7475323677063,2.37
-80.61671018600464,33.7475323677063,2.42
-80.6166672706604,33.7475323677063,2.42
-80.61662435531616,33.7475323677063,2.42
-80.61658143997192,33.7475323677063,2.38
-80.61653852462769,33.7475323677063,2.33
-80.61649560928345,33.7475323677063,2.25
-80.61645269393921,33.7475323677063,2.2
-80.61640977859497,33.7475323677063,2.13
-80.61636686325073,33.7475323677063,2.09
-80.6163239479065,33.7475323677063,2.07
-80.61628103256226,33.7475323677063,2.05
-80.61623811721802,33.7475323677063,1.99
-80.61619520187378,33.7475323677063,1.97
-80.61615228652954,33.7475323677063,1.91
-80.6161093711853,33.7475323677063,1.8
-80.61606645584106,33.7475323677063,1.71
-80.61602354049683,33.7475323677063,1.66
-80.61598062515259,33.7475323677063,1.61
-80.61593770980835,33.7475323677063,1.59
-80.61589479446411,33.7475323677063,1.68
-80.61460733413696,33.7475323677063,1.84
-80.61456441879272,33.7475323677063,1.9
-80.61452150344849,33.7475323677063,1.96
-80.61447858810425,33.7475323677063,2.05
-80.61443567276001,33.7475323677063,2.16
-80.61439275741577,33.7475323677063,2.27
-80.61434984207153,33.7475323677063,2.39
-80.6143069267273,33.7475323677063,2.48
-80.61426401138306,33.7475323677063,2.51
-80.61422109603882,33.7475323677063,2.51
-80.61417818069458,33.7475323677063,2.47
-80.61413526535034,33.7475323677063,2.41
-80.6140923500061,33.7475323677063,2.37
-80.61404943466187,33.7475323677063,2.4
-80.61400651931763,33.7475323677063,2.49
-80.61396360397339,33.7475323677063,2.62
-80.61392068862915,33.7475323677063,2.76
-80.61387777328491,33.7475323677063,2.88
-80.61383485794067,33.7475323677063,2.93
-80.61379194259644,33.7475323677063,2.93
-80.6137490272522,33.7475323677063,2.91
-80.61370611190796,33.7475323677063,2.88
-80.61366319656372,33.7475323677063,2.86
-80.61362028121948,33.7475323677063,2.86
-80.6166672706604,33.74748945236206,2.46
-80.61662435531616,33.74748945236206,2.42
-80.61658143997192,33.74748945236206,2.33
-80.61653852462769,33.74748945236206,2.26
-80.61649560928345,33.74748945236206,2.18
-80.61645269393921,33.74748945236206,2.13
-80.61640977859497,33.74748945236206,2.08
-80.61636686325073,33.74748945236206,2.07
-80.6163239479065,33.74748945236206,2.07
-80.61628103256226,33.74748945236206,2.07
-80.61623811721802,33.74748945236206,2.03
-80.61619520187378,33.74748945236206,1.98
-80.61615228652954,33.74748945236206,1.9
-80.6161093711853,33.74748945236206,1.79
-80.61606645584106,33.74748945236206,1.69
-80.61602354049683,33.74748945236206,1.65
-80.61598062515259,33.74748945236206,1.64
-80.61593770980835,33.74748945236206,1.67
-80.61589479446411,33.74748945236206,1.76
-80.61585187911987,33.74748945236206,1.93
-80.61580896377563,33.74748945236206,2.03
-80.61477899551392,33.74748945236206,1.96
-80.61473608016968,33.74748945236206,1.91
-80.61469316482544,33.74748945236206,1.86
-80.6146502494812,33.74748945236206,1.84
-80.61460733413696,33.74748945236206,1.83
-80.61456441879272,33.74748945236206,1.85
-80.61452150344849,33.74748945236206,1.93
-80.61447858810425,33.74748945236206,2.02
-80.61443567276001,33.74748945236206,2.14
-80.61439275741577,33.74748945236206,2.28
-80.61434984207153,33.74748945236206,2.42
-80.6143069267273,33.74748945236206,2.51
-80.61426401138306,33.74748945236206,2.56
-80.61422109603882,33.74748945236206,2.59
-80.61417818069458,33.74748945236206,2.56
-80.61413526535034,33.74748945236206,2.53
-80.6140923500061,33.74748945236206,2.51
-80.61404943466187,33.74748945236206,2.57
-80.61400651931763,33.74748945236206,2.64
-80.61396360397339,33.74748945236206,2.76
-80.61392068862915,33.74748945236206,2.86
-80.61387777328491,33.74748945236206,2.96
-80.61383485794067,33.74748945236206,2.97
-80.61379194259644,33.74748945236206,2.97
-80.6137490272522,33.74748945236206,2.94
-80.61370611190796,33.74748945236206,2.92
-80.61366319656372,33.74748945236206,2.9
-80.61362028121948,33.74748945236206,2.89
-80.61658143997192,33.74744653701782,2.28
-80.61653852462769,33.74744653701782,2.19
-80.61649560928345,33.74744653701782,2.12
-80.61645269393921,33.74744653701782,2.08
-80.61640977859497,33.74744653701782,2.07
-80.61636686325073,33.74744653701782,2.07
-80.6163239479065,33.74744653701782,2.07
-80.61628103256226,33.74744653701782,2.05
-80.61623811721802,33.74744653701782,2.0
-80.61619520187378,33.74744653701782,1.93
-80.61615228652954,33.74744653701782,1.82
-80.6161093711853,33.74744653701782,1.73
-80.61606645584106,33.74744653701782,1.67
-80.61602354049683,33.74744653701782,1.64
-80.61598062515259,33.74744653701782,1.66
-80.61593770980835,33.74744653701782,1.75
-80.61589479446411,33.74744653701782,1.84
-80.61585187911987,33.74744653701782,1.99
-80.61580896377563,33.74744653701782,2.09
-80.6157660484314,33.74744653701782,2.19
-80.61572313308716,33.74744653701782,2.26
-80.61568021774292,33.74744653701782,2.36
-80.61490774154663,33.74744653701782,2.23
-80.61486482620239,33.74744653701782,2.13
-80.61482191085815,33.74744653701782,2.04
-80.61477899551392,33.74744653701782,1.98
-80.61473608016968,33.74744653701782,1.92
-80.61469316482544,33.74744653701782,1.88
-80.6146502494812,33.74744653701782,1.86
-80.61460733413696,33.74744653701782,1.86
-80.61456441879272,33.74744653701782,1.89
-80.61452150344849,33.74744653701782,1.96
-80.61447858810425,33.74744653701782,2.04
-80.61443567276001,33.74744653701782,2.15
-80.61439275741577,33.74744653701782,2.27
-80.61434984207153,33.74744653701782,2.39
-80.6143069267273,33.74744653701782,2.49
-80.61426401138306,33.74744653701782,2.56
-80.61422109603882,33.74744653701782,2.6
-80.61417818069458,33.74744653701782,2.6
-80.61413526535034,33.74744653701782,2.6
-80.6140923500061,33.74744653701782,2.61
-80.61404943466187,33.74744653701782,2.67
-80.61400651931763,33.74744653701782,2.75
-80.61396360397339,33.74744653701782,2.84
-80.61392068862915,33.74744653701782,2.92
-80.61387777328491,33.74744653701782,2.98
-80.61383485794067,33.74744653701782,2.98
-80.61379194259644,33.74744653701782,2.98
-80.6137490272522,33.74744653701782,2.96
-80.61370611190796,33.74744653701782,2.94
-80.61366319656372,33.74744653701782,2.93
-80.61649560928345,33.747403621673584,2.05
-80.61645269393921,33.747403621673584,2.05
-80.61640977859497,33.747403621673584,2.06
-80.61636686325073,33.747403621673584,2.06
-80.6163239479065,33.747403621673584,2.06
-80.61628103256226,33.747403621673584,2.02
-80.61623811721802,33.747403621673584,1.96
-80.61619520187378,33.747403621673584,1.89
-80.61615228652954,33.747403621673584,1.78
-80.6161093711853,33.747403621673584,1.7
-80.61606645584106,33.747403621673584,1.66
-80.61602354049683,33.747403621673584,1.68
-80.61598062515259,33.747403621673584,1.71
-80.61593770980835,33.747403621673584,1.84
-80.61589479446411,33.747403621673584,1.93
-80.61585187911987,33.747403621673584,2.06
-80.61580896377563,33.747403621673584,2.13
-80.6157660484314,33.747403621673584,2.23
-80.61572313308716,33.747403621673584,2.28
-80.61568021774292,33.747403621673584,2.36
-80.61563730239868,33.747403621673584,2.36
-80.61559438705444,33.747403621673584,2.37
-80.6155514717102,33.747403621673584,2.39
-80.61550855636597,33.747403621673584,2.4
-80.61507940292358,33.747403621673584,2.69
-80.61503648757935,33.747403621673584,2.61
-80.61499357223511,33.747403621673584,2.46
-80.61495065689087,33.747403621673584,2.35
-80.61490774154663,33.747403621673584,2.25
-80.61486482620239,33.747403621673584,2.16
-80.61482191085815,33.747403621673584,2.1
-80.61477899551392,33.747403621673584,2.04
-80.61473608016968,33.747403621673584,1.99
-80.61469316482544,33.747403621673584,1.95
-80.6146502494812,33.747403621673584,1.95
-80.61460733413696,33.747403621673584,1.96
-80.61456441879272,33.747403621673584,2.0
-80.61452150344849,33.747403621673584,2.06
-80.61447858810425,33.747403621673584,2.15
-80.61443567276001,33.747403621673584,2.24
-80.61439275741577,33.747403621673584,2.34
-80.61434984207153,33.747403621673584,2.45
-80.6143069267273,33.747403621673584,2.54
-80.61426401138306,33.747403621673584,2.59
-80.61422109603882,33.747403621673584,2.62
-80.61417818069458,33.747403621673584,2.64
-80.61413526535034,33.747403621673584,2.65
-80.6140923500061,33.747403621673584,2.69
-80.61404943466187,33.747403621673584,2.75
-80.61400651931763,33.747403621673584,2.82
-80.61396360397339,33.747403621673584,2.89
-80.61392068862915,33.747403621673584,2.94
-80.61387777328491,33.747403621673584,2.97
-80.61383485794067,33.747403621673584,2.98
-80.61379194259644,33.747403621673584,2.99
-80.6137490272522,33.747403621673584,2.97
-80.61370611190796,33.747403621673584,2.96
-80.61366319656372,33.747403621673584,2.95
-80.61645269393921,33.747360706329346,2.06
-80.61640977859497,33.747360706329346,2.06
-80.61636686325073,33.747360706329346,2.04
-80.6163239479065,33.747360706329346,2.01
-80.61628103256226,33.747360706329346,1.96
-80.61623811721802,33.747360706329346,1.88
-80.61619520187378,33.747360706329346,1.8
-80.61615228652954,33.747360706329346,1.73
-80.6161093711853,33.747360706329346,1.68
-80.61606645584106,33.747360706329346,1.67
-80.61602354049683,33.747360706329346,1.73
-80.61598062515259,33.747360706329346,1.8
-80.61593770980835,33.747360706329346,1.93
-80.61589479446411,33.747360706329346,2.01
-80.61585187911987,33.747360706329346,2.14
-80.61580896377563,33.747360706329346,2.21
-80.6157660484314,33.747360706329346,2.29
-80.61572313308716,33.747360706329346,2.31
-80.61568021774292,33.747360706329346,2.37
-80.61563730239868,33.747360706329346,2.37
-80.61559438705444,33.747360706329346,2.38
-80.6155514717102,33.747360706329346,2.39
-80.61550855636597,33.747360706329346,2.4
-80.61546564102173,33.747360706329346,2.4
-80.61542272567749,33.747360706329346,2.4
-80.61537981033325,33.747360706329346,2.46
-80.61533689498901,33.747360706329346,2.48
-80.61529397964478,33.747360706329346,2.53
-80.61525106430054,33.747360706329346,2.59
-80.6152081489563,33.747360706329346,2.67
-80.61516523361206,33.747360706329346,2.72
-80.61512231826782,33.747360706329346,2.75
-80.61507940292358,33.747360706329346,2.71
-80.61503648757935,33.747360706329346,2.66
-80.61499357223511,33.747360706329346,2.55
-80.61495065689087,33.747360706329346,2.44
-80.61490774154663,33.747360706329346,2.35
-80.61486482620239,33.747360706329346,2.26
-80.61482191085815,33.747360706329346,2.2
-80.61477899551392,33.747360706329346,2.15
-80.61473608016968,33.747360706329346,2.12
-80.61469316482544,33.747360706329346,2.09
-80.6146502494812,33.747360706329346,2.1
-80.61460733413696,33.747360706329346,2.12
-80.61456441879272,33.747360706329346,2.14
-80.61452150344849,33.747360706329346,2.17
-80.61447858810425,33.747360706329346,2.22
-80.61443567276001,33.747360706329346,2.29
-80.61439275741577,33.747360706329346,2.35
-80.61434984207153,33.747360706329346,2.46
-80.6143069267273,33.747360706329346,2.55
-80.61426401138306,33.747360706329346,2.61
-80.61422109603882,33.747360706329346,2.66
-80.61417818069458,33.747360706329346,2.68
-80.61413526535034,33.747360706329346,2.68
-80.6140923500061,33.747360706329346,2.71
-80.61404943466187,33.747360706329346,2.76
-80.61400651931763,33.747360706329346,2.81
-80.61396360397339,33.747360706329346,2.88
-80.61392068862915,33.747360706329346,2.93
-80.61387777328491,33.747360706329346,2.95
-80.61383485794067,33.747360706329346,2.98
-80.61379194259644,33.747360706329346,2.99
-80.6137490272522,33.747360706329346,2.98
-80.61370611190796,33.747360706329346,2.98
-80.61640977859497,33.74731779098511,2.06
-80.61636686325073,33.74731779098511,2.03
-80.6163239479065,33.74731779098511,1.98
-80.61628103256226,33.74731779098511,1.91
-80.61623811721802,33.74731779098511,1.84
-80.61619520187378,33.74731779098511,1.76
-80.61615228652954,33.74731779098511,1.71
-80.6161093711853,33.74731779098511,1.7
-80.61606645584106,33.74731779098511,1.73
-80.61602354049683,33.74731779098511,1.81
-80.61598062515259,33.74731779098511,1.91
-80.61593770980835,33.74731779098511,2.05
-80.61589479446411,33.74731779098511,2.14
-80.61585187911987,33.74731779098511,2.24
-80.61580896377563,33.74731779098511,2.29
-80.6157660484314,33.74731779098511,2.34
-80.61572313308716,33.74731779098511,2.35
-80.61568021774292,33.74731779098511,2.39
-80.61563730239868,33.74731779098511,2.39
-80.61559438705444,33.74731779098511,2.4
-80.6155514717102,33.74731779098511,2.41
-80.61550855636597,33.74731779098511,2.4
-80.61546564102173,33.74731779098511,2.4
-80.61542272567749,33.74731779098511,2.41
-80.61537981033325,33.74731779098511,2.45
-80.61533689498901,33.74731779098511,2.48
-80.61529397964478,33.74731779098511,2.54
-80.61525106430054,33.74731779098511,2.61
-80.6152081489563,33.74731779098511,2.68
-80.61516523361206,33.74731779098511,2.72
-80.61512231826782,33.74731779098511,2.75
-80.61507940292358,33.74731779098511,2.73
-80.61503648757935,33.74731779098511,2.69
-80.61499357223511,33.74731779098511,2.61
-80.61495065689087,33.74731779098511,2.55
-80.61490774154663,33.74731779098511,2.48
-80.61486482620239,33.74731779098511,2.41
-80.61482191085815,33.74731779098511,2.36
-80.61477899551392,33.74731779098511,2.32
-80.61473608016968,33.74731779098511,2.28
-80.61469316482544,33.74731779098511,2.24
-80.6146502494812,33.74731779098511,2.24
-80.61460733413696,33.74731779098511,2.23
-80.61456441879272,33.74731779098511,2.24
-80.61452150344849,33.74731779098511,2.27
-80.61447858810425,33.74731779098511,2.33
-80.61443567276001,33.74731779098511,2.39
-80.61439275741577,33.74731779098511,2.46
-80.61434984207153,33.74731779098511,2.55
-80.6143069267273,33.74731779098511,2.62
-80.61426401138306,33.74731779098511,2.67
-80.61422109603882,33.74731779098511,2.7
-80.61417818069458,33.74731779098511,2.7
-80.61413526535034,33.74731779098511,2.7
-80.6140923500061,33.74731779098511,2.71
-80.61404943466187,33.74731779098511,2.74
-80.61400651931763,33.74731779098511,2.79
-80.61396360397339,33.74731779098511,2.85
-80.61392068862915,33.74731779098511,2.9
-80.61387777328491,33.74731779098511,2.94
-80.61383485794067,33.74731779098511,2.97
-80.61379194259644,33.74731779098511,2.98
-80.6137490272522,33.74731779098511,2.98
-80.6163239479065,33.74727487564087,1.9
-80.61628103256226,33.74727487564087,1.81
-80.61623811721802,33.74727487564087,1.73
-80.61619520187378,33.74727487564087,1.7
-80.61615228652954,33.74727487564087,1.7
-80.6161093711853,33.74727487564087,1.75
-80.61606645584106,33.74727487564087,1.83
-80.61602354049683,33.74727487564087,1.94
-80.61598062515259,33.74727487564087,2.05
-80.61593770980835,33.74727487564087,2.18
-80.61589479446411,33.74727487564087,2.26
-80.61585187911987,33.74727487564087,2.32
-80.61580896377563,33.74727487564087,2.35
-80.6157660484314,33.74727487564087,2.39
-80.61572313308716,33.74727487564087,2.38
-80.61568021774292,33.74727487564087,2.4
-80.61563730239868,33.74727487564087,2.41
-80.61559438705444,33.74727487564087,2.41
-80.6155514717102,33.74727487564087,2.41
-80.61550855636597,33.74727487564087,2.4
-80.61546564102173,33.74727487564087,2.4
-80.61542272567749,33.74727487564087,2.41
-80.61537981033325,33.74727487564087,2.45
-80.61533689498901,33.74727487564087,2.49
-80.61529397964478,33.74727487564087,2.55
-80.61525106430054,33.74727487564087,2.63
-80.6152081489563,33.74727487564087,2.7
-80.61516523361206,33.74727487564087,2.75
-80.61512231826782,33.74727487564087,2.78
-80.61507940292358,33.74727487564087,2.8
-80.61503648757935,33.74727487564087,2.79
-80.61499357223511,33.74727487564087,2.75
-80.61495065689087,33.74727487564087,2.72
-80.61490774154663,33.74727487564087,2.65
-80.61486482620239,33.74727487564087,2.58
-80.61482191085815,33.74727487564087,2.51
-80.61477899551392,33.74727487564087,2.46
-80.61473608016968,33.74727487564087,2.4
-80.61469316482544,33.74727487564087,2.38
-80.6146502494812,33.74727487564087,2.37
-80.61460733413696,33.74727487564087,2.39
-80.61456441879272,33.74727487564087,2.4
-80.61452150344849,33.74727487564087,2.41
-80.61447858810425,33.74727487564087,2.44
-80.61443567276001,33.74727487564087,2.47
-80.61439275741577,33.74727487564087,2.5
-80.61434984207153,33.74727487564087,2.56
-80.6143069267273,33.74727487564087,2.62
-80.61426401138306,33.74727487564087,2.66
-80.61422109603882,33.74727487564087,2.69
-80.61417818069458,33.74727487564087,2.71
-80.61413526535034,33.74727487564087,2.71
-80.6140923500061,33.74727487564087,2.71
-80.61404943466187,33.74727487564087,2.73
-80.61400651931763,33.74727487564087,2.77
-80.61396360397339,33.74727487564087,2.82
-80.61392068862915,33.74727487564087,2.88
-80.61387777328491,33.74727487564087,2.92
-80.61383485794067,33.74727487564087,2.96
-80.61623811721802,33.74723196029663,1.7
-80.61619520187378,33.74723196029663,1.7
-80.61615228652954,33.74723196029663,1.75
-80.6161093711853,33.74723196029663,1.82
-80.61606645584106,33.74723196029663,1.92
-80.61602354049683,33.74723196029663,2.04
-80.61598062515259,33.74723196029663,2.15
-80.61593770980835,33.74723196029663,2.27
-80.61589479446411,33.74723196029663,2.34
-80.61585187911987,33.74723196029663,2.4
-80.61580896377563,33.74723196029663,2.43
-80.6157660484314,33.74723196029663,2.46
-80.61572313308716,33.74723196029663,2.44
-80.61568021774292,33.74723196029663,2.44
-80.61563730239868,33.74723196029663,2.43
-80.61559438705444,33.74723196029663,2.43
-80.6155514717102,33.74723196029663,2.4
-80.61550855636597,33.74723196029663,2.39
-80.61546564102173,33.74723196029663,2.4
-80.61542272567749,33.74723196029663,2.4
-80.61537981033325,33.74723196029663,2.42
-80.61533689498901,33.74723196029663,2.46
-80.61529397964478,33.74723196029663,2.53
-80.61525106430054,33.74723196029663,2.62
-80.6152081489563,33.74723196029663,2.69
-80.61516523361206,33.74723196029663,2.75
-80.61512231826782,33.74723196029663,2.8
-80.61507940292358,33.74723196029663,2.82
-80.61503648757935,33.74723196029663,2.8
-80.61499357223511,33.74723196029663,2.8
-80.61495065689087,33.74723196029663,2.8
-80.61490774154663,33.74723196029663,2.75
-80.61486482620239,33.74723196029663,2.72
-80.61482191085815,33.74723196029663,2.68
-80.61477899551392,33.74723196029663,2.63
-80.61473608016968,33.74723196029663,2.57
-80.61469316482544,33.74723196029663,2.53
-80.6146502494812,33.74723196029663,2.51
-80.61460733413696,33.74723196029663,2.51
-80.61456441879272,33.74723196029663,2.5
-80.61452150344849,33.74723196029663,2.5
-80.61447858810425,33.74723196029663,2.52
-80.61443567276001,33.74723196029663,2.54
-80.61439275741577,33.74723196029663,2.56
-80.61434984207153,33.74723196029663,2.61
-80.6143069267273,33.74723196029663,2.66
-80.61426401138306,33.74723196029663,2.71
-80.61422109603882,33.74723196029663,2.74
-80.61417818069458,33.74723196029663,2.74
-80.61413526535034,33.74723196029663,2.72
-80.6140923500061,33.74723196029663,2.71
-80.61404943466187,33.74723196029663,2.71
-80.61400651931763,33.74723196029663,2.73
-80.61396360397339,33.74723196029663,2.79
-80.61392068862915,33.74723196029663,2.85
-80.61615228652954,33.74718904495239,1.77
-80.6161093711853,33.74718904495239,1.9
-80.61606645584106,33.74718904495239,2.04
-80.61602354049683,33.74718904495239,2.18
-80.61598062515259,33.74718904495239,2.28
-80.61593770980835,33.74718904495239,2.37
-80.61589479446411,33.74718904495239,2.42
-80.61585187911987,33.74718904495239,2.45
-80.61580896377563,33.74718904495239,2.45
-80.6157660484314,33.74718904495239,2.46
-80.61572313308716,33.74718904495239,2.43
-80.61568021774292,33.74718904495239,2.42
-80.61563730239868,33.74718904495239,2.4
-80.61559438705444,33.74718904495239,2.41
-80.6155514717102,33.74718904495239,2.4
-80.61550855636597,33.74718904495239,2.39
-80.61546564102173,33.74718904495239,2.39
-80.61542272567749,33.74718904495239,2.4
-80.61537981033325,33.74718904495239,2.42
-80.61533689498901,33.74718904495239,2.46
-80.61529397964478,33.74718904495239,2.54
-80.61525106430054,33.74718904495239,2.63
-80.6152081489563,33.74718904495239,2.7
-80.61516523361206,33.74718904495239,2.75
-80.61512231826782,33.74718904495239,2.8
-80.61507940292358,33.74718904495239,2.83
-80.61503648757935,33.74718904495239,2.84
-80.61499357223511,33.74718904495239,2.87
-80.61495065689087,33.74718904495239,2.89
-80.61490774154663,33.74718904495239,2.88
-80.61486482620239,33.74718904495239,2.87
-80.61482191085815,33.74718904495239,2.82
-80.61477899551392,33.74718904495239,2.77
-80.61473608016968,33.74718904495239,2.7
-80.61469316482544,33.74718904495239,2.65
-80.6146502494812,33.74718904495239,2.6
-80.61460733413696,33.74718904495239,2.57
-80.61456441879272,33.74718904495239,2.54
-80.61452150344849,33.74718904495239,2.52
-80.61447858810425,33.74718904495239,2.52
-80.61443567276001,33.74718904495239,2.52
-80.61439275741577,33.74718904495239,2.54
-80.61434984207153,33.74718904495239,2.58
-80.6143069267273,33.74718904495239,2.63
-80.61426401138306,33.74718904495239,2.69
-80.61422109603882,33.74718904495239,2.74
-80.61417818069458,33.74718904495239,2.75
-80.61413526535034,33.74718904495239,2.73
-80.6140923500061,33.74718904495239,2.7
-80.61606645584106,33.747146129608154,2.15
-80.61602354049683,33.747146129608154,2.29
-80.61598062515259,33.747146129608154,2.38
-80.61593770980835,33.747146129608154,2.46
-80.61589479446411,33.747146129608154,2.51
-80.61585187911987,33.747146129608154,2.54
-80.61580896377563,33.747146129608154,2.52
-80.6157660484314,33.747146129608154,2.51
-80.61572313308716,33.747146129608154,2.49
-80.61568021774292,33.747146129608154,2.47
-80.61563730239868,33.747146129608154,2.44
-80.61559438705444,33.747146129608154,2.43
-80.6155514717102,33.747146129608154,2.42
-80.61550855636597,33.747146129608154,2.4
-80.61546564102173,33.747146129608154,2.39
-80.61542272567749,33.747146129608154,2.39
-80.61537981033325,33.747146129608154,2.39
-80.61533689498901,33.747146129608154,2.43
-80.61529397964478,33.747146129608154,2.49
-80.61525106430054,33.747146129608154,2.57
-80.6152081489563,33.747146129608154,2.66
-80.61516523361206,33.747146129608154,2.73
-80.61512231826782,33.747146129608154,2.79
-80.61507940292358,33.747146129608154,2.83
-80.61503648757935,33.747146129608154,2.85
-80.61499357223511,33.747146129608154,2.88
-80.61495065689087,33.747146129608154,2.92
-80.61490774154663,33.747146129608154,2.93
-80.61486482620239,33.747146129608154,2.94
-80.61482191085815,33.747146129608154,2.9
-80.61477899551392,33.747146129608154,2.85
-80.61473608016968,33.747146129608154,2.77
-80.61469316482544,33.747146129608154,2.7
-80.6146502494812,33.747146129608154,2.62
-80.61460733413696,33.747146129608154,2.58
-80.61456441879272,33.747146129608154,2.55
-80.61452150344849,33.747146129608154,2.53
-80.61447858810425,33.747146129608154,2.52
-80.61443567276001,33.747146129608154,2.51
-80.61439275741577,33.747146129608154,2.52
-80.61434984207153,33.747146129608154,2.56
-80.6143069267273,33.747146129608154,2.6
-80.61602354049683,33.747103214263916,2.42
-80.61598062515259,33.747103214263916,2.46
-80.61593770980835,33.747103214263916,2.51
-80.61589479446411,33.747103214263916,2.54
-80.61585187911987,33.747103214263916,2.56
-80.61580896377563,33.747103214263916,2.54
-80.6157660484314,33.747103214263916,2.53
-80.61572313308716,33.747103214263916,2.5
-80.61568021774292,33.747103214263916,2.47
-80.61563730239868,33.747103214263916,2.44
-80.61559438705444,33.747103214263916,2.43
-80.6155514717102,33.747103214263916,2.41
-80.61550855636597,33.747103214263916,2.39
-80.61546564102173,33.747103214263916,2.39
-80.61542272567749,33.747103214263916,2.38
-80.61537981033325,33.747103214263916,2.39
-80.61533689498901,33.747103214263916,2.42
-80.61529397964478,33.747103214263916,2.47
-80.61525106430054,33.747103214263916,2.55
-80.6152081489563,33.747103214263916,2.65
-80.61516523361206,33.747103214263916,2.73
-80.61512231826782,33.747103214263916,2.79
-80.61507940292358,33.747103214263916,2.85
-80.61503648757935,33.747103214263916,2.88
-80.61499357223511,33.747103214263916,2.91
-80.61495065689087,33.747103214263916,2.94
-80.61490774154663,33.747103214263916,2.96
-80.61486482620239,33.747103214263916,2.97
-80.61482191085815,33.747103214263916,2.94
-80.61477899551392,33.747103214263916,2.89
-80.61473608016968,33.747103214263916,2.81
-80.61469316482544,33.747103214263916,2.73
-80.6146502494812,33.747103214263916,2.65
-80.61460733413696,33.747103214263916,2.59
-80.61456441879272,33.747103214263916,2.56
-80.61452150344849,33.747103214263916,2.54
-80.61447858810425,33.747103214263916,2.52
-80.61593770980835,33.74706029891968,2.51
-80.61589479446411,33.74706029891968,2.54
-80.61585187911987,33.74706029891968,2.56
-80.61580896377563,33.74706029891968,2.55
-80.6157660484314,33.74706029891968,2.56
-80.61572313308716,33.74706029891968,2.53
-80.61568021774292,33.74706029891968,2.49
-80.61563730239868,33.74706029891968,2.45
-80.61559438705444,33.74706029891968,2.42
-80.6155514717102,33.74706029891968,2.4
-80.61550855636597,33.74706029891968,2.39
-80.61546564102173,33.74706029891968,2.39
-80.61542272567749,33.74706029891968,2.38
-80.61537981033325,33.74706029891968,2.38
-80.61533689498901,33.74706029891968,2.38
-80.61529397964478,33.74706029891968,2.43
-80.61525106430054,33.74706029891968,2.51
-80.6152081489563,33.74706029891968,2.6
-80.61516523361206,33.74706029891968,2.7
-80.61512231826782,33.74706029891968,2.78
-80.61507940292358,33.74706029891968,2.83
-80.61503648757935,33.74706029891968,2.86
-80.61499357223511,33.74706029891968,2.9
-80.61495065689087,33.74706029891968,2.92
-80.61490774154663,33.74706029891968,2.95
-80.61486482620239,33.74706029891968,2.99
-80.61482191085815,33.74706029891968,2.97
-80.61477899551392,33.74706029891968,2.93
-80.61473608016968,33.74706029891968,2.86
